{
"type": "FeatureCollection",
"name": "osm_paths",
"crs": { "type": "name", "properties": { "name": "urn:ogc:def:crs:OGC:1.3:CRS84" } },
"features": [
{ "type": "Feature", "properties": { }, "geometry": { "type": "LineString", "coordinates": [ [ -73.9978227, 40.6502777 ], [ -73.9978274, 40.6502476 ], [ -73.9978574, 40.6502084 ], [ -73.998233, 40.6498573 ] ] } },
{ "type": "Feature", "properties": { }, "geometry": { "type": "LineString", "coordinates": [ [ -74.0021589, 40.6529468 ], [ -74.0020828, 40.6529008 ], [ -73.9997561, 40.6514939 ], [ -73.9996962, 40.6514576 ], [ -73.9978538, 40.6503424 ], [ -73.9978288, 40.6503081 ], [ -73.9978227, 40.6502777 ] ] } },
{ "type": "Feature", "properties": { }, "geometry": { "type": "LineString", "coordinates": [ [ -73.989593, 40.658134 ], [ -73.9896773, 40.6581846 ], [ -73.9901766, 40.6584837 ], [ -73.9909441, 40.6589436 ], [ -73.991675, 40.6593816 ], [ -73.9917169, 40.6594068 ], [ -73.9917189, 40.6594355 ], [ -73.9917409, 40.6594683 ], [ -73.9917651, 40.6594948 ] ] } },
{ "type": "Feature", "properties": { }, "geometry": { "type": "LineString", "coordinates": [ [ -73.992964, 40.658337 ], [ -73.9950854, 40.6596213 ], [ -73.9951664, 40.6596704 ], [ -73.9952622, 40.659728 ], [ -73.99729, 40.6609472 ], [ -73.9973701, 40.6609953 ] ] } },
{ "type": "Feature", "properties": { }, "geometry": { "type": "LineString", "coordinates": [ [ -73.988428, 40.65925 ], [ -73.9884816, 40.6591981 ], [ -73.9890152, 40.6586889 ], [ -73.9895396, 40.6581853 ], [ -73.989593, 40.658134 ] ] } },
{ "type": "Feature", "properties": { }, "geometry": { "type": "LineString", "coordinates": [ [ -73.9955483, 40.6589657 ], [ -73.9951953, 40.658725 ], [ -73.9949683, 40.6585546 ], [ -73.9947629, 40.6583679 ] ] } },
{ "type": "Feature", "properties": { }, "geometry": { "type": "LineString", "coordinates": [ [ -73.9945627, 40.6578708 ], [ -73.9943253, 40.6578135 ], [ -73.9939747, 40.6576753 ], [ -73.9935266, 40.6575292 ], [ -73.9934042, 40.6574967 ], [ -73.9931898, 40.6574623 ], [ -73.9931441, 40.657459 ], [ -73.9929796, 40.6574469 ], [ -73.9928953, 40.6574408 ], [ -73.9927559, 40.6574306 ], [ -73.9926532, 40.657403 ], [ -73.9924356, 40.6573446 ], [ -73.9923577, 40.6573239 ], [ -73.9923162, 40.6573129 ], [ -73.9922861, 40.6573254 ], [ -73.9921199, 40.6573946 ], [ -73.9920071, 40.657422 ], [ -73.9918798, 40.6574201 ], [ -73.9916256, 40.6574016 ], [ -73.9914549, 40.6573892 ], [ -73.9913043, 40.6573863 ], [ -73.9912326, 40.6573951 ], [ -73.99117, 40.6574028 ], [ -73.99116, 40.657404 ], [ -73.9911038, 40.6574216 ], [ -73.9910507, 40.6574383 ], [ -73.9909795, 40.657463 ], [ -73.9908627, 40.6575035 ], [ -73.9906864, 40.6575477 ], [ -73.9904975, 40.6575387 ], [ -73.9903679, 40.6574913 ], [ -73.9902456, 40.6572885 ], [ -73.9900559, 40.6570973 ], [ -73.9898305, 40.6568653 ], [ -73.9894422, 40.6566475 ], [ -73.9892177, 40.6565179 ], [ -73.9890117, 40.6563607 ], [ -73.9889608, 40.6560277 ], [ -73.9889454, 40.6559266 ], [ -73.9889361, 40.6558364 ], [ -73.988926, 40.6557379 ], [ -73.9889016, 40.6556416 ], [ -73.9888249, 40.6554267 ], [ -73.9888093, 40.6553829 ] ] } },
{ "type": "Feature", "properties": { }, "geometry": { "type": "LineString", "coordinates": [ [ -73.9845747, 40.6560617 ], [ -73.984409, 40.6562207 ], [ -73.9843469, 40.6562835 ], [ -73.984328, 40.6562983 ], [ -73.9841446, 40.6564745 ] ] } },
{ "type": "Feature", "properties": { }, "geometry": { "type": "LineString", "coordinates": [ [ -73.9900559, 40.6570973 ], [ -73.9900017, 40.6571362 ], [ -73.9896877, 40.6574106 ], [ -73.9893647, 40.6575945 ], [ -73.9891018, 40.6580412 ], [ -73.9889361, 40.6582434 ], [ -73.9888044, 40.6583592 ], [ -73.9887393, 40.6584164 ], [ -73.9886543, 40.6584649 ], [ -73.9884296, 40.658593 ], [ -73.9882403, 40.658652 ], [ -73.9881223, 40.6586604 ], [ -73.9880032, 40.6586315 ], [ -73.9877001, 40.6584917 ], [ -73.9873136, 40.6582331 ], [ -73.98688, 40.657901 ], [ -73.9868191, 40.6578543 ], [ -73.9866798, 40.6577086 ], [ -73.9865704, 40.6575743 ], [ -73.9858732, 40.6568982 ], [ -73.9852888, 40.6565072 ], [ -73.9847634, 40.6561781 ], [ -73.984669, 40.656119 ], [ -73.9845747, 40.6560617 ], [ -73.9843568, 40.6559293 ], [ -73.9838458, 40.6557186 ], [ -73.9835226, 40.655562 ], [ -73.9834414, 40.6554937 ], [ -73.9834072, 40.6553951 ], [ -73.9834237, 40.6549811 ], [ -73.9832997, 40.6549074 ], [ -73.9831099, 40.6548536 ], [ -73.9829731, 40.6547776 ], [ -73.9828024, 40.654652 ], [ -73.9827257, 40.6545955 ], [ -73.9826613, 40.6545479 ], [ -73.9826211, 40.6545183 ], [ -73.9825181, 40.6544284 ], [ -73.9825013, 40.6544137 ], [ -73.9824583, 40.6543586 ], [ -73.9824115, 40.6542986 ], [ -73.982334, 40.6541542 ], [ -73.9822977, 40.6540866 ], [ -73.9822368, 40.6539347 ], [ -73.9822232, 40.6539008 ], [ -73.9821859, 40.6538079 ], [ -73.9821823, 40.6537907 ], [ -73.9821407, 40.653591 ], [ -73.9821162, 40.6534735 ], [ -73.982106, 40.6534247 ], [ -73.9821093, 40.6533716 ], [ -73.9821134, 40.6533041 ], [ -73.982116, 40.6532626 ] ] } },
{ "type": "Feature", "properties": { }, "geometry": { "type": "LineString", "coordinates": [ [ -73.9825086, 40.6473767 ], [ -73.9823938, 40.6472138 ], [ -73.9823044, 40.6470871 ] ] } },
{ "type": "Feature", "properties": { }, "geometry": { "type": "LineString", "coordinates": [ [ -73.9915524, 40.6460551 ], [ -73.9915106, 40.6460997 ], [ -73.991212, 40.6464181 ], [ -73.9910124, 40.6466495 ], [ -73.9908901, 40.6468516 ], [ -73.9908476, 40.6468918 ], [ -73.990742, 40.6469918 ], [ -73.9906619, 40.6470396 ], [ -73.9904748, 40.6471695 ], [ -73.9903951, 40.6472122 ], [ -73.9900068, 40.6474859 ], [ -73.989426, 40.6478434 ], [ -73.9891831, 40.6480181 ], [ -73.9887432, 40.6483344 ], [ -73.988554, 40.6484969 ], [ -73.9883081, 40.6486352 ], [ -73.9880714, 40.6487534 ], [ -73.987695, 40.648891 ], [ -73.9871834, 40.6490336 ], [ -73.9867553, 40.6491242 ], [ -73.986735, 40.6491285 ], [ -73.9866852, 40.6491391 ], [ -73.9860279, 40.6492579 ], [ -73.9858227, 40.649295 ], [ -73.985288, 40.6494338 ], [ -73.9850454, 40.6494968 ], [ -73.9850322, 40.6495011 ], [ -73.9847387, 40.6495971 ], [ -73.9846676, 40.6496203 ], [ -73.9842874, 40.6497449 ], [ -73.9842589, 40.6497546 ], [ -73.984194, 40.6497767 ], [ -73.9838827, 40.6498828 ], [ -73.983836, 40.6498987 ], [ -73.9830331, 40.6501983 ], [ -73.9827615, 40.6502873 ], [ -73.9827514, 40.6502901 ], [ -73.9826886, 40.6503076 ], [ -73.9826469, 40.6503192 ], [ -73.9825882, 40.6503355 ], [ -73.9825329, 40.6503509 ], [ -73.982513, 40.6503538 ], [ -73.9824273, 40.6503662 ], [ -73.9824177, 40.6503676 ], [ -73.9823594, 40.650376 ], [ -73.9823196, 40.6503818 ], [ -73.9822753, 40.6503835 ], [ -73.9821866, 40.6503869 ], [ -73.9821429, 40.6503886 ], [ -73.9820161, 40.6503806 ], [ -73.9819454, 40.6503717 ], [ -73.9818894, 40.6503646 ], [ -73.9817649, 40.6503489 ], [ -73.9816132, 40.6503297 ], [ -73.9815945, 40.6503273 ], [ -73.9814894, 40.6503025 ], [ -73.981437, 40.6502902 ], [ -73.9813017, 40.6502425 ] ] } },
{ "type": "Feature", "properties": { }, "geometry": { "type": "LineString", "coordinates": [ [ -73.9983144, 40.6519863 ], [ -73.9980674, 40.651997 ], [ -73.9979825, 40.6520157 ], [ -73.9979169, 40.6520382 ], [ -73.9978335, 40.6520827 ], [ -73.9976857, 40.6521979 ], [ -73.9976728, 40.6522051 ], [ -73.997568, 40.6522633 ], [ -73.9975201, 40.6522817 ], [ -73.9974578, 40.6523056 ], [ -73.9974374, 40.6523089 ], [ -73.9973685, 40.6523199 ], [ -73.9973014, 40.6523307 ], [ -73.9972309, 40.6523333 ], [ -73.9971439, 40.6523341 ], [ -73.9968438, 40.6523405 ], [ -73.9966558, 40.6523783 ], [ -73.9965306, 40.6524025 ], [ -73.9964409, 40.6524173 ], [ -73.9963289, 40.6524567 ], [ -73.9962397, 40.6525101 ], [ -73.9961643, 40.6525783 ], [ -73.9960906, 40.6527109 ], [ -73.9959662, 40.6529273 ], [ -73.9958972, 40.6530917 ], [ -73.9958627, 40.6532506 ] ] } },
{ "type": "Feature", "properties": { }, "geometry": { "type": "LineString", "coordinates": [ [ -73.9811467, 40.6494395 ], [ -73.9819743, 40.6491521 ], [ -73.9826571, 40.6489748 ], [ -73.9835536, 40.6487421 ], [ -73.9836428, 40.6487189 ], [ -73.9838597, 40.6486712 ], [ -73.9844433, 40.6484469 ], [ -73.9850003, 40.6481742 ], [ -73.9852759, 40.64803 ], [ -73.9855481, 40.6478868 ], [ -73.9860061, 40.6476459 ], [ -73.9861544, 40.6475749 ], [ -73.986287, 40.6475095 ], [ -73.9866138, 40.6473455 ], [ -73.9869316, 40.6471441 ], [ -73.9869618, 40.647125 ], [ -73.9874077, 40.6467082 ], [ -73.9876387, 40.6464345 ], [ -73.987689, 40.6463518 ], [ -73.9878253, 40.6461274 ], [ -73.9879588, 40.6459432 ], [ -73.9880742, 40.6457978 ], [ -73.9882807, 40.6455971 ], [ -73.9882966, 40.6455817 ], [ -73.9883818, 40.6455371 ], [ -73.988444, 40.6455046 ], [ -73.9887758, 40.6453311 ] ] } },
{ "type": "Feature", "properties": { }, "geometry": { "type": "LineString", "coordinates": [ [ -73.9937253, 40.6507899 ], [ -73.9935097, 40.6507017 ], [ -73.9933978, 40.650643 ], [ -73.9933401, 40.6505654 ], [ -73.9933396, 40.6504379 ], [ -73.9933517, 40.650256 ], [ -73.9932771, 40.6501198 ], [ -73.9930769, 40.6498783 ], [ -73.9929556, 40.6497972 ], [ -73.9929124, 40.6496461 ], [ -73.9928742, 40.6491855 ], [ -73.9929408, 40.6489074 ], [ -73.9930265, 40.6487994 ], [ -73.993121, 40.6486803 ], [ -73.9931249, 40.6484061 ], [ -73.9931448, 40.6483741 ], [ -73.9932244, 40.6482461 ], [ -73.9933607, 40.6481075 ], [ -73.9934623, 40.6480041 ], [ -73.9935038, 40.6479339 ], [ -73.9936396, 40.6477039 ] ] } },
{ "type": "Feature", "properties": { }, "geometry": { "type": "LineString", "coordinates": [ [ -73.9879553, 40.6515848 ], [ -73.987898, 40.6515961 ], [ -73.987839, 40.6515926 ], [ -73.9877847, 40.6515747 ], [ -73.9877411, 40.6515444 ], [ -73.9877128, 40.651505 ], [ -73.9877081, 40.6514836 ], [ -73.987703, 40.6514607 ], [ -73.9877121, 40.6514181 ], [ -73.9877382, 40.6513797 ], [ -73.9877789, 40.6513496 ], [ -73.9878301, 40.6513306 ], [ -73.9878834, 40.6513247 ], [ -73.9879367, 40.6513311 ], [ -73.9879851, 40.6513493 ], [ -73.9880241, 40.6513775 ], [ -73.9880503, 40.6514133 ], [ -73.9880612, 40.6514534 ], [ -73.9880571, 40.6514687 ], [ -73.988043, 40.6515208 ], [ -73.9880065, 40.6515587 ], [ -73.9879553, 40.6515848 ] ] } },
{ "type": "Feature", "properties": { }, "geometry": { "type": "LineString", "coordinates": [ [ -73.9858019, 40.6458318 ], [ -73.9858692, 40.6458811 ], [ -73.9859919, 40.6459709 ], [ -73.9861704, 40.6461188 ], [ -73.9863926, 40.6463309 ], [ -73.9866232, 40.6465777 ], [ -73.9868361, 40.6468594 ], [ -73.9869618, 40.647125 ], [ -73.9870812, 40.6473052 ], [ -73.9871726, 40.6474844 ], [ -73.9872225, 40.6476434 ], [ -73.9872322, 40.6476743 ], [ -73.9872704, 40.6478058 ], [ -73.9872815, 40.6480465 ], [ -73.9872428, 40.6482966 ], [ -73.9872215, 40.6483843 ], [ -73.9871913, 40.6485102 ], [ -73.9871563, 40.6486556 ], [ -73.9871479, 40.6486908 ], [ -73.9871834, 40.6490336 ], [ -73.987306, 40.6491365 ], [ -73.9874522, 40.6492707 ], [ -73.987696, 40.6493882 ], [ -73.9880022, 40.6495562 ], [ -73.9882974, 40.6497672 ], [ -73.9885261, 40.6498802 ], [ -73.9887962, 40.6499924 ], [ -73.9889991, 40.6500523 ], [ -73.9891669, 40.6501632 ], [ -73.9893242, 40.6502889 ], [ -73.98944, 40.65045 ], [ -73.9894607, 40.6505346 ], [ -73.9894637, 40.6506272 ], [ -73.9893731, 40.6508291 ] ] } },
{ "type": "Feature", "properties": { }, "geometry": { "type": "LineString", "coordinates": [ [ -74.0001885, 40.6532682 ], [ -74.0000357, 40.6531946 ], [ -73.9999247, 40.6531308 ], [ -73.9998224, 40.653072 ], [ -73.9998089, 40.6530642 ], [ -73.9996705, 40.6529622 ], [ -73.9995402, 40.6528301 ], [ -73.99943, 40.6527106 ], [ -73.9994206, 40.6527004 ], [ -73.999278, 40.6525386 ], [ -73.9991565, 40.6524144 ], [ -73.9990287, 40.6523042 ], [ -73.9989704, 40.6522608 ], [ -73.9988821, 40.6521951 ], [ -73.9988019, 40.6520972 ], [ -73.9988498, 40.6519981 ], [ -73.9988906, 40.6519016 ], [ -73.998884, 40.6518137 ], [ -73.9988697, 40.6517334 ], [ -73.9988447, 40.6516044 ], [ -73.9986328, 40.6513724 ], [ -73.9986031, 40.6513399 ], [ -73.9983929, 40.651216 ], [ -73.9983631, 40.6511868 ], [ -73.9982974, 40.6511224 ], [ -73.9982942, 40.6511193 ], [ -73.9982101, 40.6510084 ], [ -73.9980431, 40.6508576 ], [ -73.9979652, 40.6507873 ], [ -73.9975545, 40.6506088 ], [ -73.9975313, 40.6505956 ], [ -73.9973895, 40.6505181 ] ] } },
{ "type": "Feature", "properties": { }, "geometry": { "type": "LineString", "coordinates": [ [ -73.9811467, 40.6494395 ], [ -73.9810884, 40.6490576 ], [ -73.9810967, 40.6487961 ], [ -73.9811257, 40.6485599 ], [ -73.9811589, 40.6484932 ], [ -73.9812127, 40.6483851 ], [ -73.9813195, 40.6482127 ], [ -73.9814232, 40.6481015 ], [ -73.981591, 40.6479846 ], [ -73.9819547, 40.6477573 ], [ -73.9822532, 40.6476073 ], [ -73.9825091, 40.6475149 ], [ -73.9825964, 40.6474834 ], [ -73.982649, 40.6474663 ], [ -73.9829475, 40.6473695 ], [ -73.9832371, 40.6472515 ], [ -73.983449, 40.6471189 ], [ -73.9835244, 40.6470647 ], [ -73.9836145, 40.6469999 ], [ -73.983635, 40.6469866 ], [ -73.9837814, 40.6468915 ], [ -73.9840794, 40.6466915 ], [ -73.9841928, 40.6466242 ], [ -73.9844724, 40.646458 ], [ -73.9850904, 40.6461442 ], [ -73.9851453, 40.6461163 ], [ -73.9856234, 40.6459092 ], [ -73.9858019, 40.6458318 ], [ -73.9862196, 40.6456699 ], [ -73.9862449, 40.6456619 ], [ -73.9864713, 40.6455902 ], [ -73.9865279, 40.6455723 ], [ -73.9865747, 40.6455574 ], [ -73.9866222, 40.6455424 ], [ -73.986738, 40.6455057 ], [ -73.987422, 40.6453575 ], [ -73.9874548, 40.6453504 ], [ -73.9878782, 40.6452934 ], [ -73.9881428, 40.6452578 ], [ -73.9884579, 40.6452527 ], [ -73.9886363, 40.6452812 ], [ -73.9887758, 40.6453311 ], [ -73.9890798, 40.645029 ], [ -73.9893209, 40.6449166 ], [ -73.9895673, 40.6448888 ], [ -73.9897366, 40.6449379 ], [ -73.9900368, 40.6450877 ], [ -73.9903539, 40.6452883 ], [ -73.9906702, 40.6454883 ], [ -73.9912525, 40.6458625 ], [ -73.9915524, 40.6460551 ], [ -73.9922651, 40.6465643 ], [ -73.9927558, 40.6469493 ], [ -73.9931366, 40.6472702 ], [ -73.9933058, 40.6474098 ], [ -73.9934913, 40.6475723 ], [ -73.9936396, 40.6477039 ] ] } },
{ "type": "Feature", "properties": { }, "geometry": { "type": "LineString", "coordinates": [ [ -73.9893796, 40.6491138 ], [ -73.9891075, 40.6493583 ], [ -73.9885261, 40.6498802 ], [ -73.9884219, 40.6499798 ], [ -73.9878983, 40.6503454 ], [ -73.9877886, 40.6504036 ], [ -73.9874283, 40.6505947 ], [ -73.9872396, 40.6507446 ], [ -73.9872347, 40.6507508 ], [ -73.9870279, 40.6510127 ], [ -73.9869039, 40.6510691 ], [ -73.9866929, 40.651165 ], [ -73.986624, 40.6511963 ], [ -73.9863017, 40.6514176 ], [ -73.9859617, 40.6516039 ], [ -73.9859016, 40.6516173 ], [ -73.9855075, 40.6517049 ], [ -73.9850921, 40.6517629 ], [ -73.9846922, 40.6519178 ], [ -73.984525, 40.6519834 ], [ -73.984389, 40.6520215 ], [ -73.9843576, 40.6520443 ], [ -73.9842042, 40.6521555 ], [ -73.9839244, 40.6523432 ], [ -73.9835985, 40.6525336 ], [ -73.9830721, 40.652766 ], [ -73.9829431, 40.6528178 ], [ -73.9825885, 40.652989 ], [ -73.9825204, 40.6530219 ], [ -73.9824615, 40.653057 ], [ -73.9822799, 40.6531651 ], [ -73.982168, 40.6532317 ], [ -73.982116, 40.6532626 ] ] } },
{ "type": "Feature", "properties": { }, "geometry": { "type": "LineString", "coordinates": [ [ -73.9932244, 40.6482461 ], [ -73.9930217, 40.6480484 ], [ -73.9927793, 40.6479219 ], [ -73.9926708, 40.6478388 ], [ -73.9925317, 40.6477467 ], [ -73.9923567, 40.6476775 ], [ -73.9919737, 40.6476126 ], [ -73.9919664, 40.6475047 ], [ -73.991937, 40.6473947 ], [ -73.9917923, 40.6471975 ], [ -73.9916576, 40.6470821 ], [ -73.991451, 40.6469765 ], [ -73.9909324, 40.646861 ], [ -73.9908901, 40.6468516 ], [ -73.9904554, 40.6465762 ], [ -73.990258, 40.6463954 ], [ -73.990096, 40.6461851 ], [ -73.9898541, 40.645864 ], [ -73.9897666, 40.6457479 ], [ -73.9895539, 40.6455599 ], [ -73.9893624, 40.6454377 ], [ -73.9890284, 40.6453441 ], [ -73.988942, 40.6453397 ], [ -73.9887758, 40.6453311 ] ] } },
{ "type": "Feature", "properties": { }, "geometry": { "type": "LineString", "coordinates": [ [ -73.9858732, 40.6568982 ], [ -73.9860375, 40.6567654 ], [ -73.9862347, 40.6565966 ], [ -73.9863331, 40.6565102 ], [ -73.9865799, 40.6565102 ], [ -73.987016, 40.6565077 ], [ -73.9874148, 40.6565539 ] ] } },
{ "type": "Feature", "properties": { }, "geometry": { "type": "LineString", "coordinates": [ [ -73.9902456, 40.6572885 ], [ -73.9905223, 40.6571302 ], [ -73.9905047, 40.6570221 ], [ -73.9902813, 40.6566323 ], [ -73.9902433, 40.6565315 ], [ -73.9902358, 40.6565115 ], [ -73.9902115, 40.6563854 ], [ -73.9902122, 40.656378 ], [ -73.9902296, 40.6562007 ], [ -73.9902384, 40.6561114 ], [ -73.9903888, 40.6559402 ], [ -73.9904514, 40.6558689 ], [ -73.9904552, 40.6558646 ], [ -73.9904744, 40.6558428 ], [ -73.9905103, 40.6558095 ], [ -73.9905599, 40.6557634 ], [ -73.9907787, 40.6555602 ] ] } },
{ "type": "Feature", "properties": { }, "geometry": { "type": "LineString", "coordinates": [ [ -73.9951124, 40.6570406 ], [ -73.9949503, 40.6568629 ], [ -73.9949328, 40.6567005 ], [ -73.9949275, 40.6566518 ], [ -73.9949318, 40.6565512 ], [ -73.9949467, 40.6564663 ], [ -73.9949629, 40.6564172 ], [ -73.9949813, 40.6563693 ], [ -73.9950872, 40.65627 ], [ -73.9952355, 40.6561691 ], [ -73.9954285, 40.6561008 ], [ -73.9956011, 40.656077 ] ] } },
{ "type": "Feature", "properties": { }, "geometry": { "type": "LineString", "coordinates": [ [ -73.9956801, 40.6558794 ], [ -73.9957773, 40.6559088 ], [ -73.9962677, 40.6560569 ], [ -73.9965678, 40.6560405 ], [ -73.9967685, 40.6560114 ], [ -73.9973833, 40.6559221 ], [ -73.9976216, 40.6558875 ], [ -73.9979409, 40.6559221 ], [ -73.9980007, 40.6559425 ], [ -73.998181, 40.6560041 ], [ -73.9983322, 40.6560132 ], [ -73.9984931, 40.6559968 ], [ -73.9987763, 40.6558893 ], [ -73.9990668, 40.6556344 ], [ -73.9991917, 40.6554704 ], [ -73.9992853, 40.6552847 ], [ -73.9992637, 40.6551736 ], [ -73.9991616, 40.6550934 ], [ -73.9989266, 40.6549555 ], [ -73.9988557, 40.6548846 ], [ -73.9988138, 40.6548427 ], [ -73.9987187, 40.6547274 ], [ -73.9985057, 40.6545627 ], [ -73.9983863, 40.6544804 ], [ -73.9982018, 40.654399 ], [ -73.9981004, 40.6543059 ], [ -73.9980096, 40.6542204 ], [ -73.9978563, 40.6541075 ], [ -73.9977962, 40.6540266 ], [ -73.9977673, 40.6539878 ], [ -73.9977412, 40.6539527 ], [ -73.9977304, 40.6539382 ], [ -73.9977182, 40.6538966 ], [ -73.9977011, 40.6538382 ], [ -73.9976807, 40.6537686 ], [ -73.997673, 40.6537422 ], [ -73.9976621, 40.6536774 ], [ -73.9976443, 40.6535712 ], [ -73.9976427, 40.6534472 ], [ -73.997642, 40.6533947 ], [ -73.9976767, 40.653291 ], [ -73.9977349, 40.653117 ], [ -73.9977547, 40.652878 ], [ -73.997772, 40.6528076 ], [ -73.9977835, 40.6527148 ], [ -73.9978113, 40.6526035 ], [ -73.9978612, 40.6525194 ], [ -73.9979661, 40.6524407 ], [ -73.9981084, 40.6523614 ], [ -73.9982246, 40.6522724 ], [ -73.9982937, 40.6521467 ], [ -73.9983144, 40.6519863 ], [ -73.9982949, 40.6518422 ], [ -73.998245, 40.6517053 ], [ -73.9982028, 40.6515636 ], [ -73.9982048, 40.6514451 ], [ -73.9982729, 40.6513324 ], [ -73.9983929, 40.651216 ] ] } },
{ "type": "Feature", "properties": { }, "geometry": { "type": "LineString", "coordinates": [ [ -73.9945627, 40.6578708 ], [ -73.9946101, 40.6578498 ], [ -73.9947471, 40.6577788 ], [ -73.9948773, 40.6576834 ], [ -73.9950565, 40.6574798 ], [ -73.9950888, 40.6573816 ], [ -73.9950997, 40.657127 ], [ -73.9951124, 40.6570406 ], [ -73.9954335, 40.6568501 ], [ -73.9955578, 40.6567635 ], [ -73.995599, 40.6566964 ], [ -73.9956265, 40.6565701 ], [ -73.9956011, 40.656077 ], [ -73.9956333, 40.6559582 ], [ -73.9956801, 40.6558794 ], [ -73.9958889, 40.6555734 ], [ -73.9959668, 40.6554366 ], [ -73.9959253, 40.655326 ], [ -73.9960354, 40.6551746 ], [ -73.9961465, 40.6550346 ], [ -73.9961561, 40.6550225 ], [ -73.9961878, 40.6549569 ], [ -73.9962058, 40.6549196 ], [ -73.9962202, 40.6548522 ], [ -73.9962239, 40.6547926 ], [ -73.9963114, 40.6547229 ], [ -73.9963821, 40.6546842 ], [ -73.9964548, 40.6546435 ], [ -73.9966903, 40.6545631 ], [ -73.996747, 40.654559 ], [ -73.9968141, 40.6545688 ], [ -73.9968612, 40.6545606 ], [ -73.9968786, 40.6545575 ], [ -73.9969172, 40.6545415 ], [ -73.9969592, 40.6545131 ], [ -73.9970761, 40.6543532 ], [ -73.9972035, 40.6541789 ], [ -73.997228, 40.6541067 ], [ -73.9972129, 40.6540336 ], [ -73.9971372, 40.6539307 ], [ -73.9970657, 40.6538842 ], [ -73.9969959, 40.6538388 ], [ -73.9969387, 40.653793 ], [ -73.9968502, 40.6537221 ], [ -73.9968078, 40.653633 ], [ -73.9967675, 40.6535482 ], [ -73.9967423, 40.6534041 ], [ -73.996621, 40.6533391 ], [ -73.9964078, 40.653267 ], [ -73.9963987, 40.6532661 ], [ -73.9961884, 40.6532449 ], [ -73.9958627, 40.6532506 ], [ -73.9956368, 40.6532386 ], [ -73.9954472, 40.6531949 ], [ -73.9952335, 40.6530947 ], [ -73.9951744, 40.6529673 ], [ -73.9950564, 40.6528005 ], [ -73.9950037, 40.6527147 ], [ -73.9950818, 40.652565 ], [ -73.9951152, 40.6524387 ], [ -73.995106, 40.6522568 ], [ -73.9951058, 40.6521107 ], [ -73.9951117, 40.6520226 ], [ -73.995105, 40.6519705 ], [ -73.9951529, 40.6519092 ], [ -73.9953246, 40.6517464 ], [ -73.9953729, 40.6516365 ], [ -73.9953631, 40.6516096 ], [ -73.9953031, 40.6514452 ], [ -73.9952656, 40.6512661 ], [ -73.9952514, 40.6511493 ], [ -73.995283, 40.6509822 ], [ -73.9953611, 40.6508502 ], [ -73.9953715, 40.6508327 ], [ -73.9955266, 40.6507259 ], [ -73.9956618, 40.6506583 ], [ -73.9957953, 40.6506225 ], [ -73.9957967, 40.6503951 ], [ -73.9957484, 40.6501916 ], [ -73.9957001, 40.6500126 ], [ -73.9956304, 40.6498538 ] ] } },
{ "type": "Feature", "properties": { }, "geometry": { "type": "LineString", "coordinates": [ [ -73.9923162, 40.6573129 ], [ -73.9923096, 40.6571233 ], [ -73.9923114, 40.65711 ], [ -73.9923366, 40.6569271 ], [ -73.992401, 40.6567277 ], [ -73.9924406, 40.6565377 ], [ -73.9926404, 40.6564332 ], [ -73.9928513, 40.6562841 ], [ -73.9929374, 40.6561336 ], [ -73.9929441, 40.6560689 ], [ -73.9929642, 40.6560278 ], [ -73.9930086, 40.6559483 ], [ -73.9931397, 40.6558971 ], [ -73.9932296, 40.6558557 ], [ -73.99327, 40.6557795 ], [ -73.9932807, 40.6556818 ], [ -73.9932236, 40.6555882 ], [ -73.9931492, 40.6555062 ], [ -73.9930984, 40.655397 ], [ -73.993014, 40.6553017 ], [ -73.9929213, 40.6552382 ], [ -73.9928601, 40.6551628 ], [ -73.9928862, 40.6551176 ] ] } },
{ "type": "Feature", "properties": { }, "geometry": { "type": "LineString", "coordinates": [ [ -73.9928862, 40.6551176 ], [ -73.9929582, 40.6550853 ], [ -73.9930735, 40.6550874 ], [ -73.9932514, 40.6551236 ], [ -73.9933513, 40.6551281 ], [ -73.9934564, 40.6551329 ], [ -73.9935965, 40.6551008 ], [ -73.9936745, 40.6550636 ], [ -73.9938409, 40.6549732 ] ] } },
{ "type": "Feature", "properties": { }, "geometry": { "type": "LineString", "coordinates": [ [ -73.9949503, 40.6568629 ], [ -73.9948219, 40.6568429 ], [ -73.9946982, 40.6567955 ], [ -73.9946367, 40.6567406 ], [ -73.9945998, 40.6566698 ], [ -73.994595, 40.656566 ], [ -73.9946118, 40.6564112 ], [ -73.9946502, 40.6563365 ], [ -73.9947486, 40.6562345 ], [ -73.9948854, 40.6560979 ], [ -73.9949241, 40.6560081 ], [ -73.9949277, 40.6559342 ], [ -73.9948811, 40.6558408 ], [ -73.9948083, 40.6557638 ], [ -73.9947427, 40.6557174 ], [ -73.9945724, 40.6556954 ], [ -73.9943476, 40.6555154 ], [ -73.9942943, 40.6554772 ], [ -73.9941893, 40.655403 ], [ -73.9941786, 40.6553942 ], [ -73.9940911, 40.6553219 ], [ -73.9940264, 40.6552545 ], [ -73.9939298, 40.6551121 ], [ -73.9938409, 40.6549732 ], [ -73.9937954, 40.6549036 ], [ -73.993726, 40.6548476 ], [ -73.9936749, 40.654815 ], [ -73.9936025, 40.6547958 ], [ -73.9935138, 40.6547797 ], [ -73.9934041, 40.6547662 ], [ -73.9931438, 40.6547288 ], [ -73.9929936, 40.6546868 ], [ -73.9928651, 40.6545998 ], [ -73.9928464, 40.6546003 ], [ -73.9926942, 40.6546045 ], [ -73.9925289, 40.6545803 ], [ -73.9923527, 40.6544324 ], [ -73.9921703, 40.6542574 ], [ -73.9920684, 40.6541109 ], [ -73.9920287, 40.6539924 ] ] } },
{ "type": "Feature", "properties": { }, "geometry": { "type": "LineString", "coordinates": [ [ -73.987703, 40.6514607 ], [ -73.9875676, 40.6514167 ], [ -73.9872672, 40.6511684 ], [ -73.9870279, 40.6510127 ], [ -73.9869454, 40.6509365 ], [ -73.9867427, 40.650808 ], [ -73.9864572, 40.6506271 ], [ -73.9861571, 40.6504601 ], [ -73.9858025, 40.6502779 ], [ -73.9856794, 40.6502242 ], [ -73.9855133, 40.6501476 ], [ -73.9852824, 40.6500411 ], [ -73.9849713, 40.6498376 ], [ -73.9849088, 40.6497929 ], [ -73.9846676, 40.6496203 ], [ -73.984507, 40.6494855 ], [ -73.98406, 40.6491104 ], [ -73.9837686, 40.648837 ], [ -73.9836428, 40.6487189 ], [ -73.983105, 40.6480695 ], [ -73.9825964, 40.6474834 ], [ -73.982565, 40.6474468 ], [ -73.982552, 40.6474267 ], [ -73.9825086, 40.6473767 ] ] } },
{ "type": "Feature", "properties": { }, "geometry": { "type": "LineString", "coordinates": [ [ -73.9851797, 40.6541285 ], [ -73.9852816, 40.6542325 ], [ -73.9853447, 40.6542742 ], [ -73.9854416, 40.6543062 ], [ -73.9855476, 40.6543349 ], [ -73.9856788, 40.6543495 ], [ -73.9857884, 40.6543508 ], [ -73.9858944, 40.6543418 ], [ -73.9860017, 40.6543188 ], [ -73.9860803, 40.6542853 ], [ -73.9861624, 40.654232 ], [ -73.9862471, 40.6541612 ], [ -73.9864089, 40.6539685 ], [ -73.9865323, 40.6538016 ], [ -73.9866727, 40.6537074 ] ] } },
{ "type": "Feature", "properties": { }, "geometry": { "type": "LineString", "coordinates": [ [ -73.9907787, 40.6555602 ], [ -73.9909886, 40.655595 ], [ -73.9911618, 40.6557307 ], [ -73.9912369, 40.6559342 ], [ -73.9912208, 40.6560847 ], [ -73.9912262, 40.6561783 ], [ -73.9912852, 40.6562231 ], [ -73.9913547, 40.6562363 ], [ -73.9913809, 40.6562413 ], [ -73.9914139, 40.6562475 ], [ -73.9915695, 40.6562719 ], [ -73.9917251, 40.6563818 ], [ -73.991886, 40.6564591 ], [ -73.9920417, 40.6565159 ], [ -73.9921778, 40.656526 ], [ -73.9922276, 40.6565321 ], [ -73.9924406, 40.6565377 ] ] } },
{ "type": "Feature", "properties": { }, "geometry": { "type": "LineString", "coordinates": [ [ -73.9894659, 40.6550972 ], [ -73.989326, 40.6549688 ], [ -73.9891706, 40.6548995 ], [ -73.9890842, 40.6548507 ], [ -73.9890449, 40.6548285 ], [ -73.9890399, 40.654822 ], [ -73.988997, 40.6547665 ], [ -73.9889519, 40.6547081 ], [ -73.9889087, 40.6546522 ], [ -73.9888891, 40.6546049 ], [ -73.9888229, 40.6544447 ], [ -73.9888202, 40.6544302 ], [ -73.9887746, 40.6541842 ], [ -73.9887671, 40.6541492 ], [ -73.9887424, 40.6540336 ], [ -73.9887025, 40.6539842 ], [ -73.9885971, 40.653934 ], [ -73.9885326, 40.6539032 ], [ -73.9882706, 40.6538171 ], [ -73.9880433, 40.6537466 ], [ -73.987788, 40.6536315 ], [ -73.9875842, 40.6536083 ], [ -73.9873058, 40.6536511 ], [ -73.9869094, 40.6537162 ], [ -73.9867448, 40.6537272 ], [ -73.9866727, 40.6537074 ] ] } },
{ "type": "Feature", "properties": { }, "geometry": { "type": "LineString", "coordinates": [ [ -73.9860597, 40.6535018 ], [ -73.9861799, 40.6533702 ], [ -73.9863422, 40.6532494 ], [ -73.9863873, 40.653206 ], [ -73.9864424, 40.6531689 ], [ -73.9867162, 40.6529602 ], [ -73.9868345, 40.6528204 ], [ -73.9868949, 40.6527378 ], [ -73.9869503, 40.6526145 ], [ -73.9869842, 40.6524583 ], [ -73.9869698, 40.6523311 ], [ -73.9869075, 40.652262 ], [ -73.9868059, 40.6522266 ], [ -73.9867271, 40.6522332 ], [ -73.9866144, 40.6522603 ], [ -73.9864445, 40.652343 ], [ -73.9861082, 40.6525711 ], [ -73.9857183, 40.652921 ], [ -73.9853984, 40.6531747 ], [ -73.9850445, 40.653359 ], [ -73.984987, 40.6533904 ], [ -73.9847063, 40.6535247 ], [ -73.9843326, 40.653735 ], [ -73.9842319, 40.6538774 ] ] } },
{ "type": "Feature", "properties": { }, "geometry": { "type": "LineString", "coordinates": [ [ -73.9834237, 40.6549811 ], [ -73.9836202, 40.6548786 ], [ -73.9837411, 40.6548015 ], [ -73.9838601, 40.6546806 ], [ -73.9838476, 40.654569 ], [ -73.983837, 40.654516 ], [ -73.9838269, 40.6544652 ], [ -73.9838532, 40.6543522 ], [ -73.983948, 40.6541435 ], [ -73.9840131, 40.6538975 ], [ -73.9840234, 40.6537578 ], [ -73.9842095, 40.653415 ], [ -73.9842671, 40.6533563 ], [ -73.9844023, 40.6532185 ], [ -73.9844865, 40.6531327 ], [ -73.9846245, 40.6530366 ], [ -73.984998, 40.6527961 ], [ -73.9855198, 40.6524923 ], [ -73.9856799, 40.652368 ], [ -73.9857922, 40.6522808 ], [ -73.9858778, 40.6522144 ], [ -73.9861104, 40.6520512 ], [ -73.9861334, 40.652035 ], [ -73.9863123, 40.6519616 ], [ -73.9864523, 40.6519292 ], [ -73.9865287, 40.6519116 ], [ -73.986754, 40.6518601 ], [ -73.9869173, 40.651787 ], [ -73.9872669, 40.6515332 ], [ -73.9873922, 40.6514816 ], [ -73.98749, 40.6514454 ], [ -73.9875676, 40.6514167 ] ] } },
{ "type": "Feature", "properties": { }, "geometry": { "type": "LineString", "coordinates": [ [ -73.9838601, 40.6546806 ], [ -73.9840245, 40.6547702 ], [ -73.9841465, 40.6548659 ], [ -73.9842336, 40.6549107 ], [ -73.9843208, 40.6549116 ], [ -73.984404, 40.6548608 ], [ -73.9847969, 40.6544701 ], [ -73.9848962, 40.6543775 ], [ -73.9850814, 40.6542144 ], [ -73.9851797, 40.6541285 ], [ -73.985301, 40.6539975 ], [ -73.9854563, 40.6538979 ], [ -73.9859193, 40.6536193 ], [ -73.9860597, 40.6535018 ] ] } },
{ "type": "Feature", "properties": { }, "geometry": { "type": "LineString", "coordinates": [ [ -73.9872928, 40.6529734 ], [ -73.9873826, 40.6529692 ], [ -73.9875063, 40.6529633 ], [ -73.9876155, 40.652935 ], [ -73.9876936, 40.6528869 ], [ -73.9876974, 40.6528419 ], [ -73.9876663, 40.6528024 ], [ -73.9876272, 40.65277 ], [ -73.9874799, 40.6526753 ] ] } },
{ "type": "Feature", "properties": { }, "geometry": { "type": "LineString", "coordinates": [ [ -73.9862574, 40.656041 ], [ -73.9863231, 40.6559749 ], [ -73.9864357, 40.6559175 ], [ -73.9866476, 40.655829 ], [ -73.9868876, 40.6557507 ], [ -73.9871304, 40.6556879 ], [ -73.9871718, 40.655683 ], [ -73.9873536, 40.6556617 ], [ -73.9879572, 40.6555664 ], [ -73.98817, 40.65553 ], [ -73.9883481, 40.655489 ], [ -73.9886626, 40.6554167 ], [ -73.9888093, 40.6553829 ], [ -73.9891063, 40.655256 ], [ -73.9893372, 40.6551346 ], [ -73.9894659, 40.6550972 ], [ -73.9895202, 40.6551208 ], [ -73.9897518, 40.6552216 ], [ -73.9900255, 40.6553082 ], [ -73.99035, 40.6552887 ], [ -73.9904793, 40.6552812 ], [ -73.9905476, 40.6552901 ], [ -73.9906146, 40.6553228 ], [ -73.9906705, 40.6553627 ], [ -73.9907787, 40.6555602 ] ] } },
{ "type": "Feature", "properties": { }, "geometry": { "type": "LineString", "coordinates": [ [ -73.9893647, 40.6575945 ], [ -73.9890804, 40.6575416 ], [ -73.9889056, 40.6574753 ], [ -73.988808, 40.6574384 ], [ -73.9887907, 40.6574318 ], [ -73.9885577, 40.6573378 ], [ -73.9881473, 40.6571917 ], [ -73.9880846, 40.6571442 ], [ -73.9880365, 40.6570767 ], [ -73.9880236, 40.6569963 ], [ -73.9879899, 40.6568943 ], [ -73.9879163, 40.6568213 ], [ -73.9875951, 40.6566856 ], [ -73.9874925, 40.6566189 ], [ -73.9874727, 40.6566023 ], [ -73.9874148, 40.6565539 ], [ -73.9872941, 40.6563743 ], [ -73.9872471, 40.6563045 ], [ -73.9872505, 40.6562247 ], [ -73.9872517, 40.6561958 ], [ -73.9872827, 40.6560332 ], [ -73.9873536, 40.6556617 ] ] } },
{ "type": "Feature", "properties": { }, "geometry": { "type": "LineString", "coordinates": [ [ -73.9863331, 40.6565102 ], [ -73.9862641, 40.6563167 ], [ -73.9862319, 40.6561204 ], [ -73.9862574, 40.656041 ] ] } },
{ "type": "Feature", "properties": { }, "geometry": { "type": "LineString", "coordinates": [ [ -73.989136, 40.651293 ], [ -73.9892149, 40.6512286 ], [ -73.9893468, 40.6512073 ], [ -73.9896509, 40.6511637 ] ] } },
{ "type": "Feature", "properties": { }, "geometry": { "type": "LineString", "coordinates": [ [ -73.9904376, 40.6531667 ], [ -73.9902445, 40.6532685 ], [ -73.9901872, 40.6533409 ], [ -73.990164, 40.6533702 ], [ -73.9900254, 40.6534886 ], [ -73.9897349, 40.6535208 ], [ -73.98959, 40.6535737 ] ] } },
{ "type": "Feature", "properties": { }, "geometry": { "type": "LineString", "coordinates": [ [ -73.9952335, 40.6530947 ], [ -73.99511, 40.653122 ], [ -73.9949718, 40.653207 ], [ -73.9948779, 40.6532591 ], [ -73.994823, 40.6532896 ], [ -73.9947382, 40.6533536 ], [ -73.9946058, 40.6533931 ], [ -73.994436, 40.6533922 ], [ -73.9943333, 40.6533804 ], [ -73.9942253, 40.6533679 ], [ -73.9939987, 40.6532645 ], [ -73.993805, 40.6532241 ], [ -73.9937424, 40.6532031 ], [ -73.9936712, 40.6531773 ], [ -73.9935597, 40.6529795 ], [ -73.9934631, 40.6528521 ], [ -73.9934363, 40.6528167 ], [ -73.9933799, 40.6527507 ], [ -73.9932691, 40.6527846 ], [ -73.9930427, 40.6527823 ], [ -73.9926607, 40.6528847 ], [ -73.9921276, 40.6529977 ], [ -73.991892, 40.6530274 ], [ -73.9916791, 40.652957 ], [ -73.9915218, 40.6529392 ], [ -73.9914801, 40.6529574 ], [ -73.991357, 40.6530111 ], [ -73.9912762, 40.6530637 ], [ -73.9911483, 40.6531469 ], [ -73.9911425, 40.6531507 ], [ -73.9908775, 40.6532959 ], [ -73.9908151, 40.6532805 ], [ -73.9906181, 40.653232 ], [ -73.9904376, 40.6531667 ], [ -73.9903281, 40.6530423 ], [ -73.9902699, 40.6529763 ], [ -73.9901943, 40.6528209 ], [ -73.9902115, 40.6526893 ], [ -73.9902175, 40.652643 ], [ -73.9903193, 40.6524991 ], [ -73.9905395, 40.6523609 ], [ -73.9903807, 40.6520607 ], [ -73.9902869, 40.6519669 ], [ -73.9902013, 40.6518402 ], [ -73.989971, 40.6516323 ], [ -73.9898851, 40.6514655 ], [ -73.9898146, 40.6513377 ], [ -73.9898004, 40.6513132 ], [ -73.989751, 40.6512458 ], [ -73.9896509, 40.6511637 ], [ -73.9896168, 40.6510082 ], [ -73.9894632, 40.6509093 ], [ -73.9893731, 40.6508291 ] ] } },
{ "type": "Feature", "properties": { }, "geometry": { "type": "LineString", "coordinates": [ [ -73.9876936, 40.6528869 ], [ -73.9877778, 40.6528927 ], [ -73.9878683, 40.6529125 ], [ -73.9879957, 40.6529969 ], [ -73.9881419, 40.6531074 ], [ -73.9882221, 40.6532115 ], [ -73.9883485, 40.6533502 ], [ -73.9884627, 40.6534171 ], [ -73.9886801, 40.6534638 ], [ -73.9888869, 40.653593 ], [ -73.9889797, 40.6537033 ], [ -73.9889946, 40.6537813 ], [ -73.9890965, 40.6538179 ], [ -73.9893208, 40.6538912 ], [ -73.9895252, 40.6539259 ], [ -73.9897742, 40.6540381 ], [ -73.9900571, 40.6541303 ], [ -73.9902054, 40.6541548 ], [ -73.9903454, 40.6541675 ], [ -73.990595, 40.65416 ], [ -73.9907316, 40.654143 ], [ -73.9909449, 40.6540452 ], [ -73.9911819, 40.6539964 ], [ -73.9913288, 40.6540225 ], [ -73.9917005, 40.6540014 ], [ -73.9920287, 40.6539924 ], [ -73.9923424, 40.6539823 ], [ -73.9926082, 40.6539414 ], [ -73.9927642, 40.6539805 ], [ -73.9930126, 40.6540582 ], [ -73.9931894, 40.6541756 ], [ -73.9933342, 40.6543216 ], [ -73.9934478, 40.6544114 ], [ -73.9936295, 40.6544853 ], [ -73.9937842, 40.6545289 ], [ -73.9940123, 40.6545599 ], [ -73.994244, 40.6546001 ], [ -73.9943824, 40.6546634 ], [ -73.9945779, 40.6548306 ], [ -73.9947038, 40.6549214 ], [ -73.9947826, 40.6549648 ], [ -73.9949165, 40.6550464 ], [ -73.9948998, 40.6551801 ], [ -73.9949647, 40.6552875 ], [ -73.9950079, 40.655395 ], [ -73.9950607, 40.6554933 ], [ -73.9951135, 40.655557 ], [ -73.9951375, 40.6555731 ], [ -73.9951759, 40.6555989 ], [ -73.9952173, 40.6556207 ], [ -73.9954256, 40.6557301 ], [ -73.9955432, 40.6557993 ], [ -73.9956801, 40.6558794 ] ] } },
{ "type": "Feature", "properties": { }, "geometry": { "type": "LineString", "coordinates": [ [ -73.9886801, 40.6534638 ], [ -73.9887668, 40.6533477 ], [ -73.9888077, 40.6532469 ], [ -73.9889285, 40.6531704 ], [ -73.9889745, 40.653077 ], [ -73.9889786, 40.6528961 ], [ -73.9890118, 40.6526667 ], [ -73.9890373, 40.6524216 ], [ -73.9889892, 40.6522673 ], [ -73.9889387, 40.6521357 ], [ -73.9889292, 40.652072 ], [ -73.9889132, 40.6519649 ], [ -73.9888712, 40.6517911 ], [ -73.9888819, 40.6515185 ], [ -73.9889158, 40.6513638 ], [ -73.989048, 40.6513337 ], [ -73.989136, 40.651293 ] ] } },
{ "type": "Feature", "properties": { }, "geometry": { "type": "LineString", "coordinates": [ [ -73.9949165, 40.6550464 ], [ -73.9950611, 40.655037 ], [ -73.9951747, 40.6550263 ], [ -73.9952842, 40.6550497 ], [ -73.9954001, 40.6551132 ], [ -73.9954154, 40.6551215 ], [ -73.9954424, 40.6551363 ], [ -73.9956139, 40.655256 ], [ -73.995683, 40.6552874 ], [ -73.9957123, 40.6553002 ], [ -73.9957809, 40.6553221 ], [ -73.9959253, 40.655326 ] ] } },
{ "type": "Feature", "properties": { }, "geometry": { "type": "LineString", "coordinates": [ [ -73.9936712, 40.6531773 ], [ -73.9934827, 40.6532234 ], [ -73.9932699, 40.6532902 ], [ -73.9932217, 40.6533133 ], [ -73.9930373, 40.6534475 ], [ -73.9928603, 40.6536102 ], [ -73.9927227, 40.653758 ], [ -73.9926358, 40.6538773 ], [ -73.9926082, 40.6539414 ] ] } },
{ "type": "Feature", "properties": { }, "geometry": { "type": "LineString", "coordinates": [ [ -73.9962239, 40.6547926 ], [ -73.9960633, 40.6546778 ], [ -73.9958415, 40.6545815 ], [ -73.9956357, 40.6544935 ], [ -73.9954533, 40.6543714 ], [ -73.9953152, 40.6542075 ], [ -73.9951471, 40.6540673 ], [ -73.9949833, 40.6539593 ], [ -73.9948376, 40.6539088 ], [ -73.9945913, 40.6538499 ], [ -73.9945185, 40.6538277 ], [ -73.9944341, 40.6537886 ], [ -73.9942893, 40.6536999 ], [ -73.9942397, 40.6536356 ], [ -73.9942333, 40.6536309 ], [ -73.9942157, 40.6535464 ], [ -73.9942229, 40.6534126 ], [ -73.9942253, 40.6533679 ] ] } },
{ "type": "Feature", "properties": { }, "geometry": { "type": "LineString", "coordinates": [ [ -73.9928651, 40.6545998 ], [ -73.9930925, 40.6544564 ], [ -73.9933342, 40.6543216 ] ] } },
{ "type": "Feature", "properties": { }, "geometry": { "type": "LineString", "coordinates": [ [ -73.9865704, 40.6575743 ], [ -73.9867292, 40.657425 ], [ -73.9868837, 40.6572846 ], [ -73.9869391, 40.6572437 ], [ -73.9870775, 40.657174 ], [ -73.9873807, 40.6570712 ], [ -73.9877567, 40.6569606 ], [ -73.9879899, 40.6568943 ], [ -73.9881725, 40.6568285 ], [ -73.9883938, 40.6567308 ], [ -73.9885584, 40.6566483 ], [ -73.9888122, 40.656508 ], [ -73.988879, 40.6564587 ], [ -73.9890117, 40.6563607 ], [ -73.989259, 40.6561944 ], [ -73.9894343, 40.6561115 ], [ -73.9896708, 40.6560477 ], [ -73.9897682, 40.6560396 ], [ -73.9899082, 40.6560404 ], [ -73.9900096, 40.6560605 ], [ -73.9900482, 40.6560681 ], [ -73.9902001, 40.6561027 ], [ -73.9902384, 40.6561114 ] ] } },
{ "type": "Feature", "properties": { }, "geometry": { "type": "LineString", "coordinates": [ [ -73.9945735, 40.6491753 ], [ -73.9944317, 40.6492061 ], [ -73.9944146, 40.6492098 ], [ -73.9942722, 40.6492106 ], [ -73.9941067, 40.64918 ], [ -73.9939719, 40.6491228 ], [ -73.9938789, 40.6490601 ], [ -73.9937896, 40.6490313 ], [ -73.9936929, 40.6490442 ], [ -73.9936288, 40.6490989 ], [ -73.9935865, 40.6491794 ], [ -73.9935604, 40.6492896 ], [ -73.9935637, 40.6494053 ], [ -73.9935933, 40.6494971 ], [ -73.993604, 40.6495302 ], [ -73.9937058, 40.6497227 ], [ -73.9937401, 40.6498301 ] ] } },
{ "type": "Feature", "properties": { }, "geometry": { "type": "LineString", "coordinates": [ [ -73.9922627, 40.6499648 ], [ -73.9921034, 40.6498719 ], [ -73.9920203, 40.6498127 ], [ -73.991969, 40.6497481 ], [ -73.9919276, 40.6496748 ], [ -73.9919181, 40.6496015 ], [ -73.991927, 40.649512 ], [ -73.9919182, 40.6494224 ], [ -73.9919089, 40.6492915 ], [ -73.9918501, 40.6491701 ], [ -73.9917483, 40.6489137 ], [ -73.9915929, 40.6487752 ], [ -73.9915352, 40.6487333 ], [ -73.9914267, 40.6486544 ], [ -73.9913782, 40.6486346 ], [ -73.9913199, 40.6486107 ], [ -73.9912869, 40.6485973 ], [ -73.9912454, 40.6485803 ], [ -73.9911977, 40.6485608 ], [ -73.9909207, 40.648451 ], [ -73.9908475, 40.6484062 ] ] } },
{ "type": "Feature", "properties": { }, "geometry": { "type": "LineString", "coordinates": [ [ -73.9895252, 40.6539259 ], [ -73.9895861, 40.6537716 ], [ -73.9895954, 40.6536348 ], [ -73.98959, 40.6535737 ], [ -73.989522, 40.6534766 ], [ -73.9894988, 40.6534435 ], [ -73.9894506, 40.6533092 ], [ -73.9894881, 40.6532034 ], [ -73.9895203, 40.6530691 ], [ -73.9895089, 40.6530395 ], [ -73.9894827, 40.6529714 ], [ -73.9894613, 40.6528452 ], [ -73.9895014, 40.6527863 ], [ -73.9895352, 40.6527365 ], [ -73.9895471, 40.6527191 ], [ -73.9895898, 40.6525991 ], [ -73.9896544, 40.6524179 ], [ -73.9896705, 40.6521981 ], [ -73.9896164, 40.6520031 ], [ -73.9896061, 40.6519661 ], [ -73.9894881, 40.6517749 ], [ -73.9893578, 40.6515957 ], [ -73.9891933, 40.6513712 ], [ -73.989136, 40.651293 ] ] } },
{ "type": "Feature", "properties": { }, "geometry": { "type": "LineString", "coordinates": [ [ -73.9887025, 40.6539842 ], [ -73.9880216, 40.6543284 ], [ -73.9878712, 40.6543873 ], [ -73.9876377, 40.6544721 ], [ -73.9874741, 40.6545144 ], [ -73.9873416, 40.6545346 ], [ -73.9873113, 40.6545392 ], [ -73.9870722, 40.6545581 ], [ -73.9864251, 40.6545831 ], [ -73.9863653, 40.6545848 ], [ -73.9862998, 40.6545804 ], [ -73.9862364, 40.6545573 ], [ -73.9861731, 40.6545193 ], [ -73.9860017, 40.6543188 ] ] } },
{ "type": "Feature", "properties": { }, "geometry": { "type": "LineString", "coordinates": [ [ -73.9887025, 40.6539842 ], [ -73.9888658, 40.653883 ], [ -73.9889946, 40.6537813 ] ] } },
{ "type": "Feature", "properties": { }, "geometry": { "type": "LineString", "coordinates": [ [ -73.9968438, 40.6523405 ], [ -73.9967814, 40.652213 ], [ -73.9966542, 40.6520091 ], [ -73.9966306, 40.651959 ], [ -73.9965745, 40.65184 ], [ -73.9965125, 40.6516184 ], [ -73.9964189, 40.6515103 ], [ -73.9962795, 40.6514004 ], [ -73.9961092, 40.6513434 ], [ -73.9959772, 40.6513097 ], [ -73.9956734, 40.6512752 ], [ -73.9954659, 40.6512222 ], [ -73.9952514, 40.6511493 ] ] } },
{ "type": "Feature", "properties": { }, "geometry": { "type": "LineString", "coordinates": [ [ -73.9944237, 40.6511687 ], [ -73.9944723, 40.6510438 ], [ -73.9944744, 40.6510366 ], [ -73.9945177, 40.6508902 ], [ -73.9945568, 40.6507578 ], [ -73.9946581, 40.6505111 ], [ -73.994774, 40.6502975 ], [ -73.9948471, 40.6501876 ], [ -73.9949773, 40.6500593 ], [ -73.9952334, 40.6499352 ], [ -73.9954963, 40.649862 ], [ -73.9956304, 40.6498538 ], [ -73.9958057, 40.6497984 ], [ -73.9958577, 40.6497787 ], [ -73.9960086, 40.6497216 ], [ -73.9960347, 40.6497117 ], [ -73.9961722, 40.6496381 ], [ -73.9962955, 40.6494265 ], [ -73.9963492, 40.6491904 ], [ -73.9963116, 40.6489747 ], [ -73.996287, 40.6488527 ], [ -73.9961536, 40.6486854 ], [ -73.9960656, 40.6485919 ], [ -73.9959501, 40.6485288 ], [ -73.9959386, 40.6485225 ], [ -73.9957627, 40.6485263 ], [ -73.9955729, 40.6484296 ], [ -73.9951694, 40.6482298 ], [ -73.9948069, 40.6479577 ], [ -73.9946442, 40.6478528 ], [ -73.9945666, 40.6477709 ], [ -73.9944644, 40.6476619 ], [ -73.9943053, 40.6476059 ], [ -73.9941228, 40.6475853 ], [ -73.9939742, 40.647608 ], [ -73.9938539, 40.6476468 ], [ -73.9936396, 40.6477039 ] ] } },
{ "type": "Feature", "properties": { }, "geometry": { "type": "LineString", "coordinates": [ [ -73.9937401, 40.6498301 ], [ -73.9939339, 40.6498297 ], [ -73.9940838, 40.6498137 ], [ -73.994406, 40.6497093 ], [ -73.9944974, 40.6495788 ], [ -73.9945326, 40.6494358 ], [ -73.9945373, 40.6493014 ], [ -73.9945735, 40.6491753 ] ] } },
{ "type": "Feature", "properties": { }, "geometry": { "type": "LineString", "coordinates": [ [ -73.9930599, 40.6511234 ], [ -73.9932629, 40.6510699 ], [ -73.9934602, 40.6510286 ], [ -73.9934929, 40.6510218 ], [ -73.9935731, 40.6509805 ], [ -73.9936482, 40.65091 ], [ -73.9937041, 40.6508229 ], [ -73.9937253, 40.6507899 ], [ -73.9937325, 40.6507734 ], [ -73.9937575, 40.6507158 ], [ -73.9937769, 40.6506714 ], [ -73.9937825, 40.6506372 ], [ -73.9937917, 40.6505803 ], [ -73.9937856, 40.6504528 ], [ -73.9937723, 40.6503593 ], [ -73.9937353, 40.6502106 ], [ -73.9937184, 40.6501494 ], [ -73.9936952, 40.6500649 ], [ -73.9936897, 40.6499802 ], [ -73.9936979, 40.6499 ], [ -73.9937401, 40.6498301 ] ] } },
{ "type": "Feature", "properties": { }, "geometry": { "type": "LineString", "coordinates": [ [ -73.9973895, 40.6505181 ], [ -73.9972052, 40.6505588 ], [ -73.9970163, 40.6505926 ], [ -73.996891, 40.6506719 ], [ -73.9968476, 40.6506912 ], [ -73.9966778, 40.6508019 ], [ -73.9964631, 40.6509062 ], [ -73.9963061, 40.6509049 ], [ -73.996058, 40.6507818 ], [ -73.9959962, 40.6507327 ], [ -73.9959418, 40.6506948 ], [ -73.9957953, 40.6506225 ] ] } },
{ "type": "Feature", "properties": { }, "geometry": { "type": "LineString", "coordinates": [ [ -73.9958828, 40.6580594 ], [ -73.9961367, 40.6578544 ], [ -73.9965209, 40.6576691 ], [ -73.9967556, 40.6574975 ], [ -73.996907, 40.6573721 ], [ -73.9969239, 40.6573241 ], [ -73.9968221, 40.657213 ], [ -73.9962084, 40.656533 ], [ -73.9961575, 40.6563844 ], [ -73.9961789, 40.656295 ], [ -73.9962192, 40.6561301 ], [ -73.9962677, 40.6560569 ] ] } },
{ "type": "Feature", "properties": { }, "geometry": { "type": "LineString", "coordinates": [ [ -73.9945627, 40.6578708 ], [ -73.9943795, 40.6579992 ], [ -73.9943209, 40.6580559 ], [ -73.9941968, 40.6583643 ], [ -73.9940734, 40.6587265 ], [ -73.9940841, 40.6587916 ], [ -73.9941249, 40.6588506 ], [ -73.9949378, 40.6593522 ], [ -73.9950015, 40.6593685 ], [ -73.9950632, 40.6593746 ], [ -73.9951127, 40.6593578 ], [ -73.995163, 40.6593299 ], [ -73.9954699, 40.659019 ], [ -73.9955483, 40.6589657 ] ] } },
{ "type": "Feature", "properties": { }, "geometry": { "type": "LineString", "coordinates": [ [ -73.9936518, 40.6569974 ], [ -73.9935262, 40.6568382 ], [ -73.993463, 40.6566999 ], [ -73.9934814, 40.6566846 ], [ -73.9935638, 40.6566162 ], [ -73.9935686, 40.6565379 ], [ -73.9935209, 40.6564842 ], [ -73.993451, 40.6564523 ], [ -73.9933718, 40.6564395 ], [ -73.9932157, 40.6564577 ], [ -73.9930645, 40.6564905 ], [ -73.9929876, 40.6565561 ], [ -73.9929789, 40.6565852 ], [ -73.9929756, 40.6565961 ], [ -73.99299, 40.6566398 ], [ -73.9930285, 40.6566672 ], [ -73.9930741, 40.6566763 ], [ -73.9932805, 40.6566799 ], [ -73.993463, 40.6566999 ] ] } },
{ "type": "Feature", "properties": { }, "geometry": { "type": "LineString", "coordinates": [ [ -73.9950565, 40.6574798 ], [ -73.9951346, 40.6575058 ], [ -73.9951845, 40.6575224 ], [ -73.9952718, 40.657592 ], [ -73.9953026, 40.6576426 ], [ -73.9953094, 40.6577095 ], [ -73.9952969, 40.6577422 ], [ -73.9952354, 40.6579029 ], [ -73.9952228, 40.6579357 ], [ -73.9951989, 40.657988 ], [ -73.9952229, 40.6580406 ], [ -73.9952771, 40.6580741 ], [ -73.9955671, 40.6581491 ], [ -73.9955895, 40.6581549 ], [ -73.995658, 40.6581601 ], [ -73.9957298, 40.6581449 ], [ -73.9958111, 40.6581128 ], [ -73.9958828, 40.6580594 ], [ -73.9962001, 40.6580931 ], [ -73.9962707, 40.6581141 ], [ -73.9963298, 40.6581622 ], [ -73.9963398, 40.658201 ], [ -73.9963308, 40.6582309 ], [ -73.9956374, 40.658902 ], [ -73.9955483, 40.6589657 ] ] } },
{ "type": "Feature", "properties": { }, "geometry": { "type": "LineString", "coordinates": [ [ -73.9945724, 40.6556954 ], [ -73.9944724, 40.655766 ], [ -73.9944214, 40.6558296 ], [ -73.9943974, 40.6558889 ], [ -73.9943882, 40.6559634 ], [ -73.9943822, 40.656012 ], [ -73.9943625, 40.6560373 ], [ -73.9943391, 40.6560672 ], [ -73.9942213, 40.6561528 ], [ -73.9941738, 40.6561987 ], [ -73.994159, 40.6562228 ], [ -73.9941421, 40.6563046 ], [ -73.9941741, 40.6564361 ], [ -73.994251, 40.6566346 ], [ -73.9942774, 40.656722 ], [ -73.9942558, 40.6568021 ], [ -73.9942042, 40.6568744 ], [ -73.9940253, 40.6569988 ], [ -73.9939758, 40.6570002 ], [ -73.9938586, 40.6570035 ], [ -73.9936518, 40.6569974 ], [ -73.9935998, 40.6570565 ], [ -73.9935696, 40.6570908 ], [ -73.9934538, 40.6571944 ], [ -73.9932724, 40.6573346 ], [ -73.9931898, 40.6574623 ] ] } },
{ "type": "Feature", "properties": { }, "geometry": { "type": "LineString", "coordinates": [ [ -73.9940253, 40.6569988 ], [ -73.9941597, 40.6571427 ], [ -73.994215, 40.6572283 ], [ -73.9942318, 40.6572975 ], [ -73.9942342, 40.6573631 ], [ -73.9942054, 40.657425 ], [ -73.9941069, 40.6575379 ], [ -73.9939747, 40.6576753 ] ] } },
{ "type": "Feature", "properties": { }, "geometry": { "type": "LineString", "coordinates": [ [ -73.9939561, 40.6525353 ], [ -73.9939561, 40.6524369 ], [ -73.9939321, 40.6523404 ], [ -73.9938912, 40.6522885 ], [ -73.9938589, 40.6522476 ], [ -73.9938042, 40.6522091 ], [ -73.9937141, 40.6521459 ], [ -73.9934727, 40.652097 ], [ -73.993329, 40.6521534 ], [ -73.9932339, 40.6521157 ], [ -73.9931218, 40.6520801 ], [ -73.9929521, 40.6519957 ], [ -73.992751, 40.6518562 ], [ -73.9926088, 40.6517189 ], [ -73.9925357, 40.6516881 ], [ -73.9923756, 40.6515849 ], [ -73.9922968, 40.6515286 ], [ -73.9921959, 40.651461 ], [ -73.9920718, 40.6513829 ], [ -73.9917675, 40.6512084 ], [ -73.9915882, 40.6511055 ], [ -73.9915226, 40.6510701 ], [ -73.9914445, 40.6510476 ], [ -73.9913317, 40.6510351 ], [ -73.9911584, 40.6510337 ], [ -73.9910087, 40.6510242 ], [ -73.9909545, 40.6509718 ], [ -73.9909272, 40.6508633 ], [ -73.9909486, 40.6507263 ], [ -73.9909459, 40.6505789 ], [ -73.9909258, 40.6505254 ], [ -73.9908469, 40.6503898 ], [ -73.9907466, 40.6503054 ], [ -73.9906792, 40.6502678 ], [ -73.9906415, 40.6501102 ], [ -73.9905966, 40.6499149 ], [ -73.9906003, 40.649792 ], [ -73.990509, 40.6497402 ], [ -73.990407, 40.649718 ], [ -73.9903212, 40.6497336 ], [ -73.9901871, 40.6497775 ], [ -73.9900156, 40.6498739 ], [ -73.9898841, 40.6499704 ], [ -73.9897668, 40.6500573 ], [ -73.9895006, 40.6502184 ], [ -73.9893242, 40.6502889 ], [ -73.9890757, 40.650412 ], [ -73.988798, 40.6506038 ], [ -73.9884637, 40.6507983 ], [ -73.98797, 40.651073 ], [ -73.9878616, 40.6512224 ], [ -73.9878301, 40.6513306 ] ] } },
{ "type": "Feature", "properties": { }, "geometry": { "type": "LineString", "coordinates": [ [ -73.9906003, 40.649792 ], [ -73.9907, 40.6497446 ], [ -73.9908387, 40.649708 ], [ -73.9910333, 40.6497159 ], [ -73.9912191, 40.6497936 ], [ -73.9915156, 40.6499906 ], [ -73.9918574, 40.6502683 ], [ -73.991976, 40.6504283 ], [ -73.9920716, 40.6506611 ], [ -73.992158, 40.650754 ], [ -73.992246, 40.6508056 ], [ -73.9922901, 40.6508232 ], [ -73.9926467, 40.6509355 ], [ -73.9928348, 40.650988 ], [ -73.9929669, 40.6510447 ], [ -73.9930599, 40.6511234 ], [ -73.9930021, 40.6513126 ], [ -73.9929718, 40.6513933 ], [ -73.9929395, 40.6514434 ], [ -73.9929106, 40.6514737 ], [ -73.9927389, 40.6516283 ], [ -73.9926088, 40.6517189 ] ] } },
{ "type": "Feature", "properties": { }, "geometry": { "type": "LineString", "coordinates": [ [ -73.9908775, 40.6532959 ], [ -73.9909017, 40.6534909 ], [ -73.9909337, 40.6535917 ], [ -73.9910316, 40.6537433 ], [ -73.9910809, 40.6538539 ], [ -73.9911819, 40.6539964 ], [ -73.991269, 40.654076 ], [ -73.9913697, 40.6542524 ], [ -73.9914958, 40.6543848 ], [ -73.9916509, 40.6545111 ], [ -73.9918429, 40.6545548 ], [ -73.9919971, 40.6546178 ], [ -73.9921711, 40.6547633 ] ] } },
{ "type": "Feature", "properties": { }, "geometry": { "type": "LineString", "coordinates": [ [ -73.9925289, 40.6545803 ], [ -73.9924499, 40.6546298 ], [ -73.9921988, 40.6547468 ], [ -73.9921711, 40.6547633 ], [ -73.9920028, 40.6550069 ], [ -73.991858, 40.65519 ], [ -73.9915879, 40.6553093 ], [ -73.9912391, 40.6554409 ], [ -73.9909886, 40.655595 ] ] } },
{ "type": "Feature", "properties": { }, "geometry": { "type": "LineString", "coordinates": [ [ -73.991858, 40.65519 ], [ -73.9919438, 40.6552592 ], [ -73.9919763, 40.6553513 ], [ -73.9920675, 40.6555725 ], [ -73.9921718, 40.6556463 ], [ -73.9923071, 40.6557068 ], [ -73.9924336, 40.655743 ], [ -73.9925317, 40.6557565 ], [ -73.9926734, 40.655776 ], [ -73.9929059, 40.6558872 ], [ -73.9930086, 40.6559483 ] ] } },
{ "type": "Feature", "properties": { }, "geometry": { "type": "LineString", "coordinates": [ [ -73.9838532, 40.6543522 ], [ -73.9836665, 40.6542866 ], [ -73.983527, 40.6542011 ], [ -73.9835002, 40.6541577 ], [ -73.983468, 40.654079 ], [ -73.9834501, 40.6539648 ], [ -73.9834336, 40.6538599 ], [ -73.9833983, 40.6536354 ], [ -73.9834606, 40.6534048 ], [ -73.9835394, 40.6532542 ], [ -73.9836899, 40.6531283 ], [ -73.9837893, 40.6530452 ], [ -73.9838379, 40.6530045 ], [ -73.9838941, 40.6529653 ], [ -73.9841296, 40.6528011 ], [ -73.9843424, 40.6526139 ], [ -73.9843828, 40.6525629 ], [ -73.984388, 40.6525563 ], [ -73.9845033, 40.6524104 ], [ -73.9845637, 40.6523117 ], [ -73.9845731, 40.6521174 ], [ -73.984525, 40.6519834 ] ] } },
{ "type": "Feature", "properties": { }, "geometry": { "type": "LineString", "coordinates": [ [ -73.984389, 40.6520215 ], [ -73.9843358, 40.6519944 ], [ -73.9842335, 40.6519422 ], [ -73.9841545, 40.6519156 ], [ -73.984004, 40.6518649 ], [ -73.9838669, 40.6518188 ], [ -73.9838378, 40.6518113 ], [ -73.9836915, 40.6517736 ], [ -73.9833081, 40.6516632 ], [ -73.9830975, 40.6515976 ], [ -73.9829188, 40.6515232 ], [ -73.9826093, 40.6513942 ], [ -73.9824616, 40.6513042 ], [ -73.9823805, 40.651268 ], [ -73.9820609, 40.6510496 ], [ -73.9818266, 40.6507987 ], [ -73.9816621, 40.650526 ], [ -73.9816062, 40.6503617 ], [ -73.9815945, 40.6503273 ] ] } },
{ "type": "Feature", "properties": { }, "geometry": { "type": "LineString", "coordinates": [ [ -73.9933055, 40.6525061 ], [ -73.9932539, 40.6523406 ], [ -73.9932807, 40.6522185 ], [ -73.993329, 40.6521534 ] ] } },
{ "type": "Feature", "properties": { }, "geometry": { "type": "LineString", "coordinates": [ [ -73.9950037, 40.6527147 ], [ -73.9947044, 40.6527293 ], [ -73.9943476, 40.6526565 ], [ -73.9941376, 40.6526058 ], [ -73.9939561, 40.6525353 ], [ -73.9938374, 40.6525691 ], [ -73.9936262, 40.6525639 ], [ -73.9935102, 40.652561 ], [ -73.9933055, 40.6525061 ], [ -73.9931169, 40.6524633 ], [ -73.9929486, 40.6524655 ], [ -73.9928361, 40.652467 ], [ -73.9926971, 40.6524979 ], [ -73.992591, 40.6525214 ], [ -73.9923336, 40.6526095 ], [ -73.9921569, 40.6526042 ], [ -73.9919317, 40.6525093 ], [ -73.9917706, 40.652367 ], [ -73.9915897, 40.6521377 ], [ -73.9914825, 40.6520197 ], [ -73.9913893, 40.6519529 ], [ -73.9913151, 40.651954 ], [ -73.9912982, 40.6519543 ], [ -73.9912238, 40.6520032 ], [ -73.9912052, 40.6520154 ], [ -73.9911958, 40.6520237 ], [ -73.9910709, 40.6521348 ], [ -73.9909101, 40.6521755 ], [ -73.9907046, 40.6521646 ], [ -73.9903807, 40.6520607 ] ] } },
{ "type": "Feature", "properties": { }, "geometry": { "type": "LineString", "coordinates": [ [ -73.9933799, 40.6527507 ], [ -73.9933055, 40.6525061 ] ] } },
{ "type": "Feature", "properties": { }, "geometry": { "type": "LineString", "coordinates": [ [ -73.9935266, 40.6575292 ], [ -73.9934887, 40.657591 ], [ -73.9933226, 40.657768 ], [ -73.9932837, 40.6578055 ], [ -73.9932368, 40.6578506 ], [ -73.993025, 40.6580547 ], [ -73.9929333, 40.6581219 ], [ -73.9928901, 40.6581535 ], [ -73.9928789, 40.6581605 ], [ -73.9927415, 40.6582463 ], [ -73.9926161, 40.6582994 ], [ -73.992491, 40.6583277 ], [ -73.9923771, 40.6583425 ], [ -73.9922591, 40.6583414 ], [ -73.9921439, 40.6583204 ], [ -73.9920503, 40.6582797 ], [ -73.9918942, 40.6581923 ], [ -73.991743, 40.6580521 ], [ -73.9916542, 40.6579319 ], [ -73.9916203, 40.6578728 ], [ -73.9915522, 40.6577539 ], [ -73.9914771, 40.6575341 ], [ -73.9914549, 40.6573892 ] ] } },
{ "type": "Feature", "properties": { }, "geometry": { "type": "LineString", "coordinates": [ [ -73.9820427, 40.6470366 ], [ -73.9822217, 40.6469658 ], [ -73.9823119, 40.6469284 ], [ -73.9830776, 40.6466325 ], [ -73.9841144, 40.6462297 ], [ -73.984282, 40.6461636 ], [ -73.9852026, 40.645804 ], [ -73.9852859, 40.6457686 ], [ -73.9853726, 40.6457345 ], [ -73.9854847, 40.6456905 ], [ -73.9856094, 40.6456419 ], [ -73.9859631, 40.6455126 ], [ -73.9876489, 40.6448563 ], [ -73.9879943, 40.6447215 ], [ -73.9882559, 40.6446185 ], [ -73.9883328, 40.6445806 ] ] } },
{ "type": "Feature", "properties": { }, "geometry": { "type": "LineString", "coordinates": [ [ -73.9866325, 40.6534272 ], [ -73.9866073, 40.6533817 ], [ -73.986561, 40.6532721 ], [ -73.9864424, 40.6531689 ] ] } },
{ "type": "Feature", "properties": { }, "geometry": { "type": "LineString", "coordinates": [ [ -73.9866727, 40.6537074 ], [ -73.98667, 40.6536328 ] ] } },
{ "type": "Feature", "properties": { }, "geometry": { "type": "LineString", "coordinates": [ [ -73.9864659, 40.6535305 ], [ -73.9863277, 40.653505 ], [ -73.9862188, 40.6534916 ], [ -73.9860597, 40.6535018 ], [ -73.9858658, 40.6535551 ], [ -73.9857327, 40.6535782 ], [ -73.9854563, 40.6536415 ], [ -73.9852452, 40.6537045 ], [ -73.9850659, 40.6537917 ], [ -73.9848745, 40.6538752 ], [ -73.9846839, 40.6539327 ], [ -73.9845065, 40.6539588 ], [ -73.9843973, 40.65394 ], [ -73.9842793, 40.6539034 ], [ -73.9842319, 40.6538774 ], [ -73.9840131, 40.6538975 ] ] } },
{ "type": "Feature", "properties": { }, "geometry": { "type": "LineString", "coordinates": [ [ -73.9900017, 40.6571362 ], [ -73.9899071, 40.6571109 ] ] } },
{ "type": "Feature", "properties": { }, "geometry": { "type": "LineString", "coordinates": [ [ -73.9895007, 40.6572259 ], [ -73.9892445, 40.6570211 ], [ -73.9889686, 40.6569065 ], [ -73.9888191, 40.6568352 ], [ -73.9886851, 40.6567416 ], [ -73.9885584, 40.6566483 ] ] } },
{ "type": "Feature", "properties": { }, "geometry": { "type": "LineString", "coordinates": [ [ -73.9862347, 40.6565966 ], [ -73.9869391, 40.6572437 ], [ -73.9869741, 40.6572614 ], [ -73.9872999, 40.657533 ], [ -73.9876154, 40.6577961 ] ] } },
{ "type": "Feature", "properties": { }, "geometry": { "type": "LineString", "coordinates": [ [ -73.9864946, 40.6535998 ], [ -73.9864724, 40.653567 ], [ -73.9864659, 40.6535305 ], [ -73.9864711, 40.653505 ], [ -73.9864842, 40.6534811 ], [ -73.9865042, 40.6534603 ], [ -73.9865413, 40.6534386 ], [ -73.9865693, 40.6534314 ], [ -73.9865857, 40.6534272 ], [ -73.9866325, 40.6534272 ], [ -73.9866765, 40.6534385 ], [ -73.9867133, 40.6534598 ], [ -73.9867393, 40.653489 ], [ -73.9867475, 40.6535113 ], [ -73.9867513, 40.6535216 ], [ -73.9867497, 40.6535554 ], [ -73.9867344, 40.6535872 ], [ -73.9867069, 40.6536138 ], [ -73.98667, 40.6536328 ], [ -73.986642, 40.6536387 ], [ -73.9866231, 40.6536426 ], [ -73.9865746, 40.6536399 ], [ -73.9865301, 40.6536251 ], [ -73.9864946, 40.6535998 ] ] } },
{ "type": "Feature", "properties": { }, "geometry": { "type": "LineString", "coordinates": [ [ -73.9835002, 40.6541577 ], [ -73.9831895, 40.6541422 ], [ -73.9830662, 40.654147 ], [ -73.9829468, 40.6541564 ], [ -73.9827818, 40.6541869 ], [ -73.9826564, 40.6542199 ], [ -73.9824829, 40.6542702 ], [ -73.9824115, 40.6542986 ] ] } },
{ "type": "Feature", "properties": { }, "geometry": { "type": "LineString", "coordinates": [ [ -73.988879, 40.6564587 ], [ -73.9886442, 40.6563022 ], [ -73.9885315, 40.6562077 ], [ -73.9885021, 40.6561743 ], [ -73.9883335, 40.6559332 ], [ -73.9883064, 40.6558763 ], [ -73.9882637, 40.655787 ], [ -73.98817, 40.65553 ] ] } },
{ "type": "Feature", "properties": { }, "geometry": { "type": "LineString", "coordinates": [ [ -73.987083, 40.6531785 ], [ -73.9868809, 40.6530572 ] ] } },
{ "type": "Feature", "properties": { }, "geometry": { "type": "LineString", "coordinates": [ [ -73.9878612, 40.6518459 ], [ -73.9876206, 40.6519267 ], [ -73.9872353, 40.6521025 ], [ -73.9869698, 40.6523311 ], [ -73.9866231, 40.6525107 ], [ -73.9862397, 40.652792 ], [ -73.9861562, 40.6528765 ], [ -73.9858836, 40.6530961 ], [ -73.9855554, 40.6533473 ], [ -73.9852595, 40.6535204 ], [ -73.9850226, 40.6536374 ], [ -73.984848, 40.653747 ], [ -73.9848446, 40.6537808 ], [ -73.9848745, 40.6538752 ] ] } },
{ "type": "Feature", "properties": { }, "geometry": { "type": "LineString", "coordinates": [ [ -73.9863135, 40.6529758 ], [ -73.9860824, 40.6531725 ], [ -73.9859072, 40.6533202 ], [ -73.9857464, 40.6534088 ], [ -73.9856299, 40.6534749 ], [ -73.9855305, 40.6535114 ], [ -73.9854643, 40.6535206 ] ] } },
{ "type": "Feature", "properties": { }, "geometry": { "type": "LineString", "coordinates": [ [ -73.9885577, 40.6573378 ], [ -73.9886681, 40.6571709 ], [ -73.988783, 40.6571072 ], [ -73.9889131, 40.6571145 ], [ -73.989007, 40.6571474 ], [ -73.9891322, 40.6572369 ], [ -73.9892189, 40.6573045 ], [ -73.9892839, 40.657321 ], [ -73.989361, 40.65731 ], [ -73.9895007, 40.6572259 ], [ -73.9896115, 40.6571602 ], [ -73.9896599, 40.6571369 ] ] } },
{ "type": "Feature", "properties": { }, "geometry": { "type": "LineString", "coordinates": [ [ -73.9868345, 40.6528204 ], [ -73.9867377, 40.6527669 ], [ -73.9866594, 40.6527897 ], [ -73.9865511, 40.6528491 ], [ -73.9864156, 40.652945 ], [ -73.9863135, 40.6529758 ], [ -73.9862928, 40.6529651 ], [ -73.9861562, 40.6528765 ] ] } },
{ "type": "Feature", "properties": { }, "geometry": { "type": "LineString", "coordinates": [ [ -73.9880612, 40.6514534 ], [ -73.9882219, 40.6513969 ], [ -73.988369, 40.6512893 ], [ -73.9884489, 40.6512313 ], [ -73.9886244, 40.651141 ], [ -73.9888961, 40.6510094 ], [ -73.9889242, 40.650999 ], [ -73.9890183, 40.6509641 ], [ -73.989229, 40.650886 ], [ -73.9893731, 40.6508291 ] ] } },
{ "type": "Feature", "properties": { }, "geometry": { "type": "LineString", "coordinates": [ [ -73.986561, 40.6532721 ], [ -73.9867441, 40.6531537 ], [ -73.9868809, 40.6530572 ], [ -73.9869753, 40.6529651 ], [ -73.9871776, 40.65274 ], [ -73.9872315, 40.6525909 ], [ -73.9872412, 40.6524112 ], [ -73.9872758, 40.6523249 ], [ -73.987378, 40.6522211 ], [ -73.9875475, 40.6521393 ], [ -73.9877483, 40.6520669 ] ] } },
{ "type": "Feature", "properties": { }, "geometry": { "type": "LineString", "coordinates": [ [ -73.9934727, 40.652097 ], [ -73.9936345, 40.6519627 ], [ -73.9937061, 40.6519304 ], [ -73.9938304, 40.6518242 ], [ -73.9938576, 40.651721 ] ] } },
{ "type": "Feature", "properties": { }, "geometry": { "type": "LineString", "coordinates": [ [ -73.9850445, 40.653359 ], [ -73.9849998, 40.6533521 ], [ -73.9848712, 40.6532077 ], [ -73.9847568, 40.6531117 ], [ -73.9847117, 40.6531072 ], [ -73.9846245, 40.6530366 ] ] } },
{ "type": "Feature", "properties": { }, "geometry": { "type": "LineString", "coordinates": [ [ -73.9944237, 40.6511687 ], [ -73.9943162, 40.6513437 ], [ -73.9942889, 40.6513793 ], [ -73.9941918, 40.6515058 ], [ -73.9940467, 40.6515948 ], [ -73.9939082, 40.6516798 ], [ -73.9938576, 40.651721 ], [ -73.9938316, 40.6517138 ], [ -73.9936672, 40.651668 ], [ -73.9935001, 40.6515648 ], [ -73.9934302, 40.6514616 ], [ -73.9934447, 40.6514276 ], [ -73.9934729, 40.6513613 ], [ -73.9935468, 40.6512876 ], [ -73.9937304, 40.6511819 ], [ -73.9939703, 40.6511343 ], [ -73.9942322, 40.6511317 ], [ -73.9943365, 40.6511462 ], [ -73.9944237, 40.6511687 ] ] } },
{ "type": "Feature", "properties": { }, "geometry": { "type": "LineString", "coordinates": [ [ -74.0011638, 40.6537349 ], [ -74.0013791, 40.6538661 ] ] } },
{ "type": "Feature", "properties": { }, "geometry": { "type": "LineString", "coordinates": [ [ -73.986725, 40.6435714 ], [ -73.9868248, 40.643632 ], [ -73.9874986, 40.644041 ], [ -73.9881995, 40.6444776 ], [ -73.9882528, 40.644515 ], [ -73.9883328, 40.6445806 ] ] } },
{ "type": "Feature", "properties": { }, "geometry": { "type": "LineString", "coordinates": [ [ -73.9883328, 40.6445806 ], [ -73.9883985, 40.6445487 ], [ -73.9886171, 40.6444137 ] ] } },
{ "type": "Feature", "properties": { }, "geometry": { "type": "LineString", "coordinates": [ [ -73.9967423, 40.6534041 ], [ -73.9968088, 40.6533711 ], [ -73.9969423, 40.653305 ], [ -73.9970104, 40.6532863 ], [ -73.9970561, 40.6532737 ], [ -73.9971391, 40.6532849 ], [ -73.9971863, 40.6533134 ], [ -73.9972129, 40.6533295 ], [ -73.9972427, 40.6533857 ], [ -73.9973216, 40.6535345 ], [ -73.9976377, 40.6541662 ], [ -73.9976475, 40.6541782 ], [ -73.9977061, 40.65425 ], [ -73.9977753, 40.6542994 ], [ -73.9978689, 40.6543376 ], [ -73.9979735, 40.6543491 ], [ -73.9981004, 40.6543059 ], [ -73.9982163, 40.6542665 ], [ -73.9983888, 40.6542425 ], [ -73.9986283, 40.6542037 ], [ -73.9987644, 40.6542272 ], [ -73.9988629, 40.6542762 ], [ -73.9990182, 40.6544082 ], [ -73.9990928, 40.6545002 ], [ -73.9993261, 40.6544105 ], [ -73.9995806, 40.6542812 ], [ -73.9998163, 40.6541241 ], [ -73.9999474, 40.6540263 ], [ -74.0001499, 40.6538753 ], [ -74.0002073, 40.6538325 ], [ -74.0002933, 40.6537682 ], [ -74.0003487, 40.6537269 ] ] } },
{ "type": "Feature", "properties": { }, "geometry": { "type": "LineString", "coordinates": [ [ -74.0006195, 40.6530813 ], [ -74.0006316, 40.6528945 ], [ -74.0006083, 40.6527534 ], [ -74.0005246, 40.6526179 ], [ -74.0001678, 40.6522777 ], [ -73.9998416, 40.6519685 ], [ -73.999795, 40.6519243 ], [ -73.9996926, 40.6518272 ], [ -73.9995249, 40.6517037 ], [ -73.9993577, 40.6516062 ], [ -73.9991959, 40.6515651 ], [ -73.9990166, 40.6515648 ], [ -73.9988447, 40.6516044 ] ] } },
{ "type": "Feature", "properties": { }, "geometry": { "type": "LineString", "coordinates": [ [ -74.0003487, 40.6537269 ], [ -74.0008059, 40.653685 ], [ -74.0010722, 40.6536792 ], [ -74.0007574, 40.6532672 ], [ -74.0006195, 40.6530813 ], [ -74.0005602, 40.6531302 ], [ -74.0004534, 40.6532022 ], [ -74.0003032, 40.6532562 ], [ -74.000284, 40.6532587 ], [ -74.0001885, 40.6532682 ] ] } },
{ "type": "Feature", "properties": { }, "geometry": { "type": "LineString", "coordinates": [ [ -73.9979409, 40.6559221 ], [ -73.9979769, 40.6558383 ], [ -73.9980057, 40.6557637 ], [ -73.9980201, 40.6557054 ], [ -73.9980225, 40.6556453 ], [ -73.9980033, 40.655587 ], [ -73.9979673, 40.6555269 ], [ -73.9979217, 40.6554777 ], [ -73.9978569, 40.6554358 ], [ -73.9977825, 40.6554304 ], [ -73.9977033, 40.6554413 ], [ -73.9976494, 40.6554413 ], [ -73.9976144, 40.6554413 ], [ -73.9975788, 40.6554323 ], [ -73.9974992, 40.6554122 ], [ -73.9973864, 40.6553794 ], [ -73.9972495, 40.655332 ], [ -73.997204, 40.6553225 ], [ -73.9971103, 40.6553029 ], [ -73.997051, 40.6552988 ], [ -73.9969783, 40.6552938 ], [ -73.9968521, 40.6552925 ], [ -73.9968078, 40.655292 ], [ -73.9966758, 40.6552847 ], [ -73.9965245, 40.6552647 ], [ -73.9964093, 40.6552592 ], [ -73.9962941, 40.6552738 ], [ -73.9961933, 40.6553211 ], [ -73.9960852, 40.655363 ], [ -73.9959668, 40.6554366 ] ] } },
{ "type": "Feature", "properties": { }, "geometry": { "type": "LineString", "coordinates": [ [ -73.9947427, 40.6557174 ], [ -73.9947624, 40.6556151 ], [ -73.9947592, 40.6555319 ], [ -73.9947695, 40.6554445 ], [ -73.9948055, 40.6553629 ], [ -73.9948998, 40.6551801 ] ] } },
{ "type": "Feature", "properties": { }, "geometry": { "type": "LineString", "coordinates": [ [ -73.993025, 40.6580547 ], [ -73.9929693, 40.658022 ], [ -73.9928418, 40.6579408 ], [ -73.9927668, 40.6578891 ], [ -73.9926979, 40.6578387 ], [ -73.9926308, 40.6577755 ], [ -73.9925706, 40.6577191 ], [ -73.9925542, 40.6576921 ], [ -73.9925398, 40.6576575 ], [ -73.9925326, 40.6576284 ], [ -73.9925326, 40.6575919 ], [ -73.9925206, 40.6575592 ], [ -73.9925089, 40.657547 ], [ -73.9924871, 40.6575359 ], [ -73.9924623, 40.657516 ], [ -73.9924419, 40.6574975 ], [ -73.9924341, 40.657469 ], [ -73.9924341, 40.6574007 ], [ -73.9924356, 40.6573446 ] ] } },
{ "type": "Feature", "properties": { }, "geometry": { "type": "LineString", "coordinates": [ [ -73.9925706, 40.6577191 ], [ -73.992535, 40.6577524 ], [ -73.9924931, 40.6577676 ], [ -73.9924609, 40.6577752 ], [ -73.9924295, 40.6577887 ], [ -73.9923868, 40.6577977 ], [ -73.9923514, 40.6578072 ], [ -73.9923044, 40.6578178 ], [ -73.9922368, 40.6578264 ], [ -73.9921603, 40.6578387 ], [ -73.9921137, 40.6578427 ], [ -73.9920639, 40.6578462 ], [ -73.9920226, 40.657851 ], [ -73.9919707, 40.6578525 ], [ -73.9918747, 40.6578564 ], [ -73.9918184, 40.6578616 ], [ -73.9917612, 40.6578622 ], [ -73.9916923, 40.6578677 ], [ -73.9916203, 40.6578728 ] ] } },
{ "type": "Feature", "properties": { }, "geometry": { "type": "LineString", "coordinates": [ [ -73.991886, 40.6564591 ], [ -73.9919483, 40.6564054 ], [ -73.9921043, 40.6562615 ], [ -73.9921859, 40.6562105 ], [ -73.9922724, 40.656165 ], [ -73.9923516, 40.656134 ], [ -73.9924524, 40.6561158 ], [ -73.9925532, 40.6561195 ], [ -73.9926709, 40.6561286 ], [ -73.9927453, 40.6561213 ], [ -73.9928365, 40.6560976 ], [ -73.9929441, 40.6560689 ] ] } },
{ "type": "Feature", "properties": { }, "geometry": { "type": "LineString", "coordinates": [ [ -73.991886, 40.6564591 ], [ -73.9918162, 40.6565566 ], [ -73.9917442, 40.656633 ], [ -73.9916314, 40.6567168 ], [ -73.9915282, 40.6567733 ], [ -73.9915025, 40.6567865 ], [ -73.9914331, 40.6568222 ], [ -73.9913303, 40.6568692 ], [ -73.9912489, 40.656911 ], [ -73.9911685, 40.656949 ], [ -73.9910747, 40.6570092 ], [ -73.9910324, 40.6570358 ], [ -73.9909636, 40.6570792 ], [ -73.9908532, 40.6571278 ], [ -73.9907023, 40.6571521 ], [ -73.9905223, 40.6571302 ] ] } },
{ "type": "Feature", "properties": { }, "geometry": { "type": "LineString", "coordinates": [ [ -73.98688, 40.657901 ], [ -73.987119, 40.6576838 ], [ -73.9872128, 40.657597 ], [ -73.9872999, 40.657533 ], [ -73.987337, 40.6575002 ], [ -73.9873661, 40.6574836 ], [ -73.9878602, 40.6573531 ], [ -73.9879272, 40.6573299 ], [ -73.987987, 40.6573034 ], [ -73.9880467, 40.6572702 ], [ -73.9881036, 40.6572326 ], [ -73.9881473, 40.6571917 ] ] } },
{ "type": "Feature", "properties": { }, "geometry": { "type": "LineString", "coordinates": [ [ -73.9909795, 40.657463 ], [ -73.9909143, 40.6573705 ], [ -73.9908356, 40.6572846 ], [ -73.9907423, 40.6572002 ], [ -73.9907023, 40.6571521 ] ] } },
{ "type": "Feature", "properties": { }, "geometry": { "type": "LineString", "coordinates": [ [ -73.9921778, 40.656526 ], [ -73.9917786, 40.6568757 ], [ -73.9917055, 40.6569102 ], [ -73.9916518, 40.6569294 ], [ -73.9916133, 40.6569239 ], [ -73.9915557, 40.6569239 ], [ -73.9915005, 40.6569366 ], [ -73.9914333, 40.6569603 ], [ -73.9913565, 40.6569949 ], [ -73.9912989, 40.6570204 ], [ -73.9912556, 40.6570496 ], [ -73.9912076, 40.6570805 ], [ -73.9911644, 40.6571151 ], [ -73.991114, 40.6571497 ], [ -73.9910776, 40.6571685 ], [ -73.9910207, 40.6571995 ], [ -73.9909639, 40.657226 ], [ -73.9908356, 40.6572846 ] ] } },
{ "type": "Feature", "properties": { }, "geometry": { "type": "LineString", "coordinates": [ [ -73.9929556, 40.6497972 ], [ -73.9924039, 40.6499159 ], [ -73.9923398, 40.6499381 ], [ -73.9922627, 40.6499648 ] ] } },
{ "type": "Feature", "properties": { }, "geometry": { "type": "LineString", "coordinates": [ [ -73.9949275, 40.6566518 ], [ -73.9952418, 40.6566835 ], [ -73.9953282, 40.6566835 ], [ -73.9953883, 40.6566725 ], [ -73.9954243, 40.6566543 ], [ -73.9954267, 40.656627 ], [ -73.9954171, 40.6565833 ], [ -73.9953787, 40.6565542 ], [ -73.9952898, 40.656525 ], [ -73.9949467, 40.6564663 ] ] } },
{ "type": "Feature", "properties": { }, "geometry": { "type": "LineString", "coordinates": [ [ -73.9950097, 40.6548496 ], [ -73.9950393, 40.6548526 ], [ -73.9951283, 40.6548496 ], [ -73.9951995, 40.6548571 ], [ -73.9952726, 40.6548691 ], [ -73.9953181, 40.6548976 ], [ -73.9953814, 40.6549426 ], [ -73.9954664, 40.6550206 ], [ -73.9955368, 40.6550777 ], [ -73.9956641, 40.6551811 ], [ -73.9956918, 40.6552261 ], [ -73.995683, 40.6552874 ] ] } },
{ "type": "Feature", "properties": { }, "geometry": { "type": "LineString", "coordinates": [ [ -73.9951375, 40.6555731 ], [ -73.995108, 40.6555913 ], [ -73.9950641, 40.6556138 ], [ -73.9950275, 40.6556274 ], [ -73.994992, 40.6556355 ], [ -73.9949576, 40.6556362 ], [ -73.9949384, 40.6556308 ], [ -73.9949205, 40.6556206 ], [ -73.9948954, 40.6556101 ], [ -73.9948706, 40.6556085 ], [ -73.9948314, 40.655611 ], [ -73.9947913, 40.6556144 ], [ -73.9947624, 40.6556151 ] ] } },
{ "type": "Feature", "properties": { }, "geometry": { "type": "LineString", "coordinates": [ [ -73.9929789, 40.6565852 ], [ -73.9929372, 40.6565767 ], [ -73.9929036, 40.6565752 ], [ -73.9928403, 40.6565722 ], [ -73.9927929, 40.6565752 ], [ -73.9927652, 40.6565857 ], [ -73.9927435, 40.6566007 ], [ -73.9927158, 40.6566202 ], [ -73.9926881, 40.6566337 ], [ -73.9926624, 40.6566367 ], [ -73.9926189, 40.6566307 ], [ -73.9925754, 40.6566157 ], [ -73.9925378, 40.6566022 ], [ -73.9924406, 40.6565377 ] ] } },
{ "type": "Feature", "properties": { }, "geometry": { "type": "LineString", "coordinates": [ [ -73.9930285, 40.6566672 ], [ -73.9930203, 40.6566982 ], [ -73.9929787, 40.6568452 ], [ -73.992959, 40.6569127 ], [ -73.9929392, 40.6569696 ], [ -73.9928996, 40.6570431 ], [ -73.9928522, 40.6571586 ], [ -73.9928008, 40.6572771 ], [ -73.9927731, 40.6573746 ], [ -73.9927559, 40.6574306 ] ] } },
{ "type": "Feature", "properties": { }, "geometry": { "type": "LineString", "coordinates": [ [ -73.9913547, 40.6562363 ], [ -73.9914366, 40.6561527 ], [ -73.9914583, 40.6561513 ], [ -73.9914761, 40.6561483 ], [ -73.9915295, 40.6561527 ], [ -73.9915651, 40.6561557 ], [ -73.9916224, 40.6561617 ], [ -73.9916837, 40.6561587 ], [ -73.9917411, 40.6561498 ], [ -73.9918122, 40.6561288 ], [ -73.9918854, 40.6561003 ], [ -73.9919605, 40.6560643 ], [ -73.9920278, 40.6560208 ], [ -73.9921227, 40.6559713 ], [ -73.9924336, 40.655743 ] ] } },
{ "type": "Feature", "properties": { }, "geometry": { "type": "LineString", "coordinates": [ [ -73.9931492, 40.6555062 ], [ -73.9927274, 40.6557454 ], [ -73.9926734, 40.655776 ] ] } },
{ "type": "Feature", "properties": { }, "geometry": { "type": "LineString", "coordinates": [ [ -73.9945615, 40.65761 ], [ -73.9945477, 40.6575623 ], [ -73.994535, 40.6574644 ], [ -73.9945328, 40.6573774 ], [ -73.9945319, 40.6573223 ], [ -73.9945208, 40.6572507 ], [ -73.9944846, 40.6571706 ], [ -73.994464, 40.6571364 ], [ -73.9944433, 40.6570846 ], [ -73.9943931, 40.6569762 ], [ -73.9943576, 40.6568945 ], [ -73.9943078, 40.6568394 ] ] } },
{ "type": "Feature", "properties": { }, "geometry": { "type": "LineString", "coordinates": [ [ -73.9935686, 40.6565379 ], [ -73.9936316, 40.6565296 ], [ -73.9937146, 40.6565266 ], [ -73.9937937, 40.6565176 ], [ -73.9938352, 40.6565041 ], [ -73.9938649, 40.6564846 ], [ -73.9938886, 40.6564591 ], [ -73.9939143, 40.6564231 ], [ -73.9939143, 40.6563931 ], [ -73.9939025, 40.6563676 ], [ -73.9938807, 40.6563481 ], [ -73.9938491, 40.6563211 ], [ -73.9938253, 40.6563016 ], [ -73.9937937, 40.6562896 ], [ -73.9937423, 40.6562791 ], [ -73.993683, 40.6562671 ], [ -73.9936494, 40.6562461 ], [ -73.9936237, 40.6562221 ], [ -73.9936158, 40.6561921 ], [ -73.9936019, 40.6561606 ], [ -73.9935861, 40.6561171 ], [ -73.9935644, 40.6560871 ], [ -73.9935347, 40.6560511 ], [ -73.9935209, 40.6560286 ], [ -73.9934991, 40.6559971 ], [ -73.993505, 40.6559701 ], [ -73.9935268, 40.6559326 ], [ -73.9935446, 40.6559041 ], [ -73.9935645, 40.6558778 ] ] } },
{ "type": "Feature", "properties": { }, "geometry": { "type": "LineString", "coordinates": [ [ -73.9935965, 40.6551008 ], [ -73.993685, 40.6552081 ], [ -73.9937443, 40.6553161 ], [ -73.9937838, 40.6553701 ], [ -73.9938253, 40.6554151 ], [ -73.9938629, 40.6554526 ], [ -73.9939126, 40.6555035 ], [ -73.993978, 40.6555516 ], [ -73.9939851, 40.655556 ], [ -73.9941088, 40.6556321 ], [ -73.9942711, 40.6557481 ], [ -73.994328, 40.6557137 ], [ -73.9944298, 40.6557445 ] ] } },
{ "type": "Feature", "properties": { }, "geometry": { "type": "LineString", "coordinates": [ [ -73.9929582, 40.6550853 ], [ -73.9929673, 40.6550341 ], [ -73.9929534, 40.6549666 ], [ -73.9929336, 40.6549261 ], [ -73.9929119, 40.6549006 ], [ -73.9928763, 40.6548826 ], [ -73.9928249, 40.6548766 ], [ -73.9927715, 40.6548751 ], [ -73.9925066, 40.6549426 ], [ -73.9924413, 40.6549636 ], [ -73.9923959, 40.6549921 ], [ -73.9923346, 40.6550266 ], [ -73.9922812, 40.6550731 ], [ -73.9922377, 40.6551076 ], [ -73.9921981, 40.6551571 ], [ -73.9921705, 40.6551976 ], [ -73.9921639, 40.6552105 ], [ -73.992149, 40.6552394 ], [ -73.9921413, 40.6553468 ], [ -73.9921599, 40.6554326 ], [ -73.9922202, 40.6555262 ], [ -73.9923083, 40.6555811 ], [ -73.9924066, 40.6556149 ], [ -73.9925513, 40.6556423 ], [ -73.9926812, 40.6556606 ], [ -73.9927274, 40.6557454 ] ] } },
{ "type": "Feature", "properties": { }, "geometry": { "type": "LineString", "coordinates": [ [ -73.9943476, 40.6555154 ], [ -73.9943908, 40.6555036 ], [ -73.99446, 40.6554841 ], [ -73.994543, 40.6554556 ], [ -73.9945826, 40.6554256 ], [ -73.9946142, 40.6553941 ], [ -73.9946387, 40.6553243 ], [ -73.994636, 40.6552981 ], [ -73.994636, 40.6552621 ], [ -73.9946221, 40.6552321 ], [ -73.9945984, 40.6552036 ], [ -73.9945589, 40.6551811 ], [ -73.9945193, 40.6551631 ], [ -73.9944699, 40.6551481 ], [ -73.9943928, 40.6551481 ], [ -73.9943256, 40.6551586 ], [ -73.9942662, 40.6551976 ], [ -73.9940911, 40.6553219 ] ] } },
{ "type": "Feature", "properties": { }, "geometry": { "type": "LineString", "coordinates": [ [ -73.9931438, 40.6547288 ], [ -73.9931438, 40.6546928 ], [ -73.9931537, 40.6546613 ], [ -73.9931695, 40.6546298 ], [ -73.993213, 40.6546163 ], [ -73.9932723, 40.6546148 ], [ -73.9934305, 40.6546328 ], [ -73.9935531, 40.6546478 ], [ -73.9936646, 40.6546722 ], [ -73.9937607, 40.6546868 ], [ -73.9938892, 40.6547288 ], [ -73.9940494, 40.6547903 ], [ -73.9941502, 40.6548248 ], [ -73.994251, 40.6548818 ], [ -73.9943756, 40.6549703 ], [ -73.9945417, 40.6550918 ] ] } },
{ "type": "Feature", "properties": { }, "geometry": { "type": "LineString", "coordinates": [ [ -73.9937607, 40.6546868 ], [ -73.9937842, 40.6545289 ] ] } },
{ "type": "Feature", "properties": { }, "geometry": { "type": "LineString", "coordinates": [ [ -73.9950097, 40.6548496 ], [ -73.9949899, 40.6548256 ], [ -73.9949681, 40.6548031 ], [ -73.9949128, 40.6547851 ], [ -73.9948535, 40.6547836 ], [ -73.9947954, 40.6548097 ], [ -73.9943991, 40.6545092 ], [ -73.9943745, 40.6544715 ], [ -73.9944016, 40.654359 ], [ -73.9940055, 40.6542947 ], [ -73.9939149, 40.6542773 ], [ -73.9938303, 40.6542483 ], [ -73.9937688, 40.6542148 ], [ -73.9935152, 40.6540184 ] ] } },
{ "type": "Feature", "properties": { }, "geometry": { "type": "LineString", "coordinates": [ [ -73.9946884, 40.6542166 ], [ -73.9947225, 40.6542244 ], [ -73.9947819, 40.6542499 ], [ -73.994853, 40.6542964 ], [ -73.9949994, 40.6544059 ], [ -73.9951575, 40.6545304 ], [ -73.9953473, 40.6546729 ], [ -73.9954304, 40.6547254 ], [ -73.9956617, 40.6548169 ], [ -73.9957507, 40.6548438 ], [ -73.9957981, 40.6548453 ], [ -73.9958574, 40.6548543 ], [ -73.9961878, 40.6549569 ] ] } },
{ "type": "Feature", "properties": { }, "geometry": { "type": "LineString", "coordinates": [ [ -73.993805, 40.6532241 ], [ -73.9938002, 40.6532576 ] ] } },
{ "type": "Feature", "properties": { }, "geometry": { "type": "LineString", "coordinates": [ [ -73.9932699, 40.6532902 ], [ -73.9934354, 40.6534894 ], [ -73.9935125, 40.6535674 ], [ -73.9935106, 40.6535854 ], [ -73.9934572, 40.6536274 ], [ -73.9934058, 40.6536709 ], [ -73.9933722, 40.6537204 ], [ -73.9933405, 40.6537789 ], [ -73.9933247, 40.6538449 ], [ -73.9933287, 40.6538764 ], [ -73.9933445, 40.6539079 ], [ -73.9933781, 40.6539394 ], [ -73.9934077, 40.6539664 ], [ -73.9935152, 40.6540184 ] ] } },
{ "type": "Feature", "properties": { }, "geometry": { "type": "LineString", "coordinates": [ [ -73.9939001, 40.6539214 ], [ -73.9939317, 40.6539259 ], [ -73.9943232, 40.6539139 ], [ -73.9943805, 40.6539079 ], [ -73.9944299, 40.6538944 ], [ -73.9945051, 40.6538494 ], [ -73.9945185, 40.6538277 ] ] } },
{ "type": "Feature", "properties": { }, "geometry": { "type": "LineString", "coordinates": [ [ -73.9991802, 40.6517721 ], [ -73.999197, 40.651753 ], [ -73.9992171, 40.651734 ], [ -73.9992489, 40.6517238 ], [ -73.9993142, 40.6517213 ], [ -73.999356, 40.6517353 ], [ -73.9993928, 40.6517607 ], [ -73.999433, 40.651795 ], [ -74.0000159, 40.6523407 ], [ -74.000034, 40.6523576 ], [ -74.0001678, 40.6522777 ] ] } },
{ "type": "Feature", "properties": { }, "geometry": { "type": "LineString", "coordinates": [ [ -74.000034, 40.6523576 ], [ -74.0000659, 40.652383 ], [ -74.0000809, 40.6524097 ], [ -74.0000826, 40.6524338 ], [ -74.0000725, 40.6524478 ], [ -73.9999269, 40.6525494 ], [ -73.9998616, 40.6526498 ], [ -73.9997729, 40.6527031 ], [ -73.9996775, 40.6527552 ], [ -73.9995402, 40.6528301 ] ] } },
{ "type": "Feature", "properties": { }, "geometry": { "type": "LineString", "coordinates": [ [ -73.9991802, 40.6517721 ], [ -73.9991752, 40.6517937 ], [ -73.9991819, 40.6518394 ], [ -73.9991986, 40.6518673 ], [ -73.9992438, 40.6519131 ], [ -73.999279, 40.6519436 ], [ -73.9998961, 40.6525206 ], [ -73.9999269, 40.6525494 ] ] } },
{ "type": "Feature", "properties": { }, "geometry": { "type": "LineString", "coordinates": [ [ -73.9998616, 40.6526498 ], [ -73.999202, 40.6520007 ], [ -73.999135, 40.6519537 ], [ -73.9990848, 40.6519105 ], [ -73.9990496, 40.6518699 ], [ -73.9990312, 40.651828 ], [ -73.9990229, 40.6517365 ] ] } },
{ "type": "Feature", "properties": { }, "geometry": { "type": "LineString", "coordinates": [ [ -73.9997729, 40.6527031 ], [ -73.9993041, 40.6522255 ], [ -73.9991802, 40.6521061 ], [ -73.9989292, 40.6519117 ], [ -73.9988906, 40.6519016 ] ] } },
{ "type": "Feature", "properties": { }, "geometry": { "type": "LineString", "coordinates": [ [ -73.9996775, 40.6527552 ], [ -73.9997243, 40.6527958 ], [ -73.9997645, 40.6528339 ], [ -73.9998231, 40.6528847 ], [ -73.99988, 40.6529292 ], [ -74.0000022, 40.6530092 ], [ -74.0001161, 40.653074 ], [ -74.0001261, 40.6530867 ], [ -74.0001178, 40.6531019 ], [ -74.0000357, 40.6531946 ] ] } },
{ "type": "Feature", "properties": { }, "geometry": { "type": "LineString", "coordinates": [ [ -73.9996775, 40.6527552 ], [ -73.9994732, 40.6525265 ], [ -73.9993225, 40.6523716 ], [ -73.9991585, 40.6522166 ], [ -73.9989274, 40.6520337 ], [ -73.9988498, 40.6519981 ] ] } },
{ "type": "Feature", "properties": { }, "geometry": { "type": "LineString", "coordinates": [ [ -73.9999269, 40.6532975 ], [ -73.999875, 40.6532797 ], [ -73.9996004, 40.6531095 ], [ -73.9994899, 40.6530206 ], [ -73.9993778, 40.6529063 ], [ -73.9992288, 40.6527336 ], [ -73.9990664, 40.6525532 ], [ -73.9989442, 40.6524351 ], [ -73.998832, 40.6523424 ], [ -73.9987332, 40.6522763 ], [ -73.9987332, 40.6522408 ], [ -73.9987366, 40.6522052 ], [ -73.99876, 40.6521595 ], [ -73.9988019, 40.6520972 ] ] } },
{ "type": "Feature", "properties": { }, "geometry": { "type": "LineString", "coordinates": [ [ -73.997772, 40.6528076 ], [ -73.9976963, 40.6527942 ], [ -73.9975845, 40.6527467 ], [ -73.9975219, 40.6527127 ], [ -73.9974455, 40.6526804 ], [ -73.9973845, 40.6526576 ], [ -73.9973241, 40.6526082 ], [ -73.9972649, 40.6525641 ], [ -73.9972058, 40.6525405 ], [ -73.9971245, 40.6525365 ], [ -73.9969801, 40.652569 ], [ -73.9969048, 40.652576 ], [ -73.9968545, 40.6525656 ], [ -73.9968043, 40.6525292 ], [ -73.9967541, 40.6524703 ], [ -73.9966901, 40.6524149 ], [ -73.9966558, 40.6523783 ] ] } },
{ "type": "Feature", "properties": { }, "geometry": { "type": "LineString", "coordinates": [ [ -73.9974455, 40.6526804 ], [ -73.9972921, 40.6528413 ], [ -73.9971547, 40.6529492 ], [ -73.9972263, 40.6530233 ], [ -73.9972413, 40.6530771 ], [ -73.9972286, 40.6531141 ], [ -73.9972259, 40.6531219 ], [ -73.9971849, 40.653152 ], [ -73.9970978, 40.6532159 ], [ -73.9970635, 40.6532411 ], [ -73.9970561, 40.6532737 ] ] } },
{ "type": "Feature", "properties": { }, "geometry": { "type": "LineString", "coordinates": [ [ -73.9977221, 40.6564083 ], [ -73.9976435, 40.6564247 ], [ -73.9975552, 40.65645 ], [ -73.9974845, 40.6564783 ] ] } },
{ "type": "Feature", "properties": { }, "geometry": { "type": "LineString", "coordinates": [ [ -73.9969239, 40.6573241 ], [ -73.9969671, 40.6573183 ], [ -73.9970544, 40.6573103 ], [ -73.9971177, 40.6572926 ], [ -73.9971831, 40.6572656 ], [ -73.9972525, 40.6572329 ], [ -73.9973158, 40.6571977 ], [ -73.9973729, 40.6571626 ], [ -73.9974245, 40.6571269 ], [ -73.9974793, 40.6570842 ], [ -73.9975318, 40.6570398 ], [ -73.997578, 40.6569918 ], [ -73.9976197, 40.6569485 ], [ -73.9976552, 40.6569028 ], [ -73.9976828, 40.6568627 ], [ -73.9977182, 40.6568001 ], [ -73.997728, 40.6567465 ], [ -73.9977201, 40.6566571 ], [ -73.9977084, 40.6565409 ], [ -73.9977103, 40.6564619 ], [ -73.9977221, 40.6564083 ], [ -73.9977614, 40.6563249 ], [ -73.9980007, 40.6559425 ] ] } },
{ "type": "Feature", "properties": { }, "geometry": { "type": "LineString", "coordinates": [ [ -73.9951989, 40.657988 ], [ -73.9951523, 40.6580767 ], [ -73.9951418, 40.658123 ], [ -73.995165, 40.6581693 ], [ -73.9951835, 40.658186 ], [ -73.9952095, 40.6581973 ], [ -73.9954965, 40.6582707 ], [ -73.9955613, 40.6582643 ], [ -73.9956119, 40.6582282 ], [ -73.995658, 40.6581601 ] ] } },
{ "type": "Feature", "properties": { }, "geometry": { "type": "LineString", "coordinates": [ [ -73.9968095, 40.6530065 ], [ -73.9967788, 40.6529294 ], [ -73.9967586, 40.6529107 ], [ -73.9967273, 40.6529057 ], [ -73.9966955, 40.6529079 ], [ -73.9966809, 40.6528931 ], [ -73.9966729, 40.6527864 ], [ -73.9966813, 40.6526496 ], [ -73.9966729, 40.65263 ], [ -73.9966165, 40.6526049 ], [ -73.9965623, 40.652575 ], [ -73.9965362, 40.6525412 ], [ -73.9965271, 40.6525013 ], [ -73.9965273, 40.6524638 ], [ -73.9965306, 40.6524025 ] ] } },
{ "type": "Feature", "properties": { }, "geometry": { "type": "LineString", "coordinates": [ [ -73.9897825, 40.6554935 ], [ -73.9897381, 40.6555461 ], [ -73.9896492, 40.6555883 ], [ -73.9895298, 40.6556157 ], [ -73.9894215, 40.6556473 ], [ -73.9893215, 40.6556915 ], [ -73.9892076, 40.6557189 ], [ -73.9891021, 40.6557316 ], [ -73.988926, 40.6557379 ] ] } },
{ "type": "Feature", "properties": { }, "geometry": { "type": "LineString", "coordinates": [ [ -73.9967968, 40.6550664 ], [ -73.9968421, 40.655049 ], [ -73.9968717, 40.6550346 ], [ -73.9969177, 40.6550125 ], [ -73.9969306, 40.6550063 ], [ -73.9970701, 40.6549318 ], [ -73.9971054, 40.6549169 ], [ -73.9971997, 40.6549139 ], [ -73.9973077, 40.6549199 ], [ -73.9974373, 40.6549512 ], [ -73.9976467, 40.6550364 ], [ -73.9977123, 40.6550868 ], [ -73.9977437, 40.6551344 ], [ -73.9977437, 40.6551732 ], [ -73.9977378, 40.6552223 ], [ -73.9977044, 40.655273 ], [ -73.9975788, 40.6554323 ] ] } },
{ "type": "Feature", "properties": { }, "geometry": { "type": "LineString", "coordinates": [ [ -73.9977201, 40.6566571 ], [ -73.9976691, 40.6566556 ], [ -73.9976357, 40.6566377 ], [ -73.9975905, 40.656593 ], [ -73.9974845, 40.6564783 ], [ -73.9973116, 40.6562608 ], [ -73.9972488, 40.6562072 ], [ -73.9971624, 40.6561684 ], [ -73.997076, 40.6561505 ], [ -73.9969346, 40.6561222 ], [ -73.9968678, 40.6561073 ], [ -73.9968128, 40.656085 ], [ -73.9967873, 40.6560537 ], [ -73.9967685, 40.6560114 ] ] } },
{ "type": "Feature", "properties": { }, "geometry": { "type": "LineString", "coordinates": [ [ -73.9865042, 40.6534603 ], [ -73.9864135, 40.6534018 ], [ -73.9863619, 40.6533402 ], [ -73.9863422, 40.6532494 ] ] } },
{ "type": "Feature", "properties": { }, "geometry": { "type": "LineString", "coordinates": [ [ -73.9967951, 40.6548305 ], [ -73.9963474, 40.6549989 ], [ -73.996261, 40.6550272 ], [ -73.9962079, 40.6550376 ], [ -73.9961465, 40.6550346 ] ] } },
{ "type": "Feature", "properties": { }, "geometry": { "type": "LineString", "coordinates": [ [ -73.9891063, 40.655256 ], [ -73.9892632, 40.6552933 ], [ -73.9894493, 40.655346 ], [ -73.9896048, 40.6553691 ], [ -73.9897159, 40.6553902 ], [ -73.9897659, 40.6554197 ], [ -73.9897798, 40.6554576 ], [ -73.9897825, 40.6554935 ], [ -73.9898436, 40.655504 ], [ -73.9899436, 40.655523 ], [ -73.9900742, 40.6555293 ], [ -73.9901492, 40.6555546 ] ] } },
{ "type": "Feature", "properties": { }, "geometry": { "type": "LineString", "coordinates": [ [ -73.9976494, 40.6554413 ], [ -73.9976828, 40.6555173 ], [ -73.9976593, 40.655565 ], [ -73.99762, 40.6556097 ], [ -73.9975434, 40.6556797 ], [ -73.9975041, 40.6557334 ], [ -73.9973833, 40.6559221 ] ] } },
{ "type": "Feature", "properties": { }, "geometry": { "type": "LineString", "coordinates": [ [ -73.9963987, 40.6532661 ], [ -73.9964723, 40.6531807 ], [ -73.9965183, 40.6531304 ], [ -73.9966918, 40.6530419 ], [ -73.9967405, 40.6530265 ], [ -73.9968095, 40.6530065 ], [ -73.996883, 40.6530215 ], [ -73.9969518, 40.6530352 ], [ -73.9970185, 40.6530297 ], [ -73.9970873, 40.6529977 ], [ -73.9971547, 40.6529492 ] ] } },
{ "type": "Feature", "properties": { }, "geometry": { "type": "LineString", "coordinates": [ [ -73.9897682, 40.6560396 ], [ -73.9897909, 40.6559191 ], [ -73.9898603, 40.6558222 ], [ -73.9899881, 40.6556894 ], [ -73.9901492, 40.6555546 ], [ -73.9902602, 40.6555061 ], [ -73.990338, 40.6554555 ], [ -73.990363, 40.6553881 ], [ -73.99035, 40.6552887 ] ] } },
{ "type": "Feature", "properties": { }, "geometry": { "type": "LineString", "coordinates": [ [ -73.9913547, 40.6562363 ], [ -73.9912863, 40.6563088 ], [ -73.9911339, 40.6564843 ], [ -73.9910429, 40.6565705 ], [ -73.990944, 40.6566426 ], [ -73.9908049, 40.6567542 ], [ -73.9907715, 40.6567796 ], [ -73.9907581, 40.6567968 ], [ -73.9907006, 40.6568536 ], [ -73.9906738, 40.6568993 ], [ -73.9906478, 40.656951 ], [ -73.9906318, 40.656975 ], [ -73.9905764, 40.6570039 ], [ -73.9905047, 40.6570221 ] ] } },
{ "type": "Feature", "properties": { }, "geometry": { "type": "LineString", "coordinates": [ [ -73.982116, 40.6532626 ], [ -73.9820107, 40.6530379 ], [ -73.9818114, 40.6525031 ], [ -73.9817099, 40.6522241 ], [ -73.9816302, 40.6519176 ], [ -73.9815541, 40.6516083 ], [ -73.9815178, 40.651454 ], [ -73.9813784, 40.6508619 ], [ -73.9812927, 40.6503409 ], [ -73.9813017, 40.6502425 ] ] } },
{ "type": "Feature", "properties": { }, "geometry": { "type": "LineString", "coordinates": [ [ -73.9879943, 40.6447215 ], [ -73.9879266, 40.644625 ], [ -73.9878127, 40.6444544 ], [ -73.9877889, 40.6444188 ], [ -73.9876319, 40.6443964 ], [ -73.987467, 40.6444625 ], [ -73.9874563, 40.6445531 ], [ -73.9875803, 40.6447481 ], [ -73.9875869, 40.6447585 ], [ -73.9876489, 40.6448563 ] ] } },
{ "type": "Feature", "properties": { }, "geometry": { "type": "LineString", "coordinates": [ [ -73.9901867, 40.6575837 ], [ -73.9896487, 40.6580823 ], [ -73.989593, 40.658134 ] ] } },
{ "type": "Feature", "properties": { }, "geometry": { "type": "LineString", "coordinates": [ [ -73.9924175, 40.6588631 ], [ -73.9924276, 40.6588533 ], [ -73.992964, 40.658337 ] ] } },
{ "type": "Feature", "properties": { }, "geometry": { "type": "LineString", "coordinates": [ [ -73.9838597, 40.6486712 ], [ -73.9838977, 40.6481887 ], [ -73.9838655, 40.6477328 ], [ -73.9838064, 40.6475115 ], [ -73.9836941, 40.6472157 ], [ -73.983671, 40.6471581 ], [ -73.9836145, 40.6469999 ] ] } },
{ "type": "Feature", "properties": { }, "geometry": { "type": "LineString", "coordinates": [ [ -73.9858227, 40.649295 ], [ -73.9854113, 40.648206 ], [ -73.9852759, 40.64803 ], [ -73.9849539, 40.6476666 ], [ -73.9846815, 40.6473112 ], [ -73.9843836, 40.6468816 ], [ -73.9841928, 40.6466242 ] ] } },
{ "type": "Feature", "properties": { }, "geometry": { "type": "LineString", "coordinates": [ [ -73.9860994, 40.6473159 ], [ -73.9861561, 40.6471447 ], [ -73.9861615, 40.64699 ], [ -73.9861508, 40.646815 ], [ -73.9861025, 40.6466522 ], [ -73.986022, 40.6464853 ], [ -73.9859255, 40.6463143 ], [ -73.9858128, 40.6461678 ], [ -73.9856234, 40.6459092 ] ] } },
{ "type": "Feature", "properties": { }, "geometry": { "type": "LineString", "coordinates": [ [ -73.9858128, 40.6461678 ], [ -73.985212, 40.6464405 ], [ -73.9847721, 40.6466603 ], [ -73.9843836, 40.6468816 ] ] } },
{ "type": "Feature", "properties": { }, "geometry": { "type": "LineString", "coordinates": [ [ -73.9860994, 40.6473159 ], [ -73.9859838, 40.6472533 ], [ -73.9858925, 40.647208 ], [ -73.9858289, 40.6471813 ], [ -73.9856509, 40.6471584 ], [ -73.9854587, 40.6471569 ], [ -73.9852764, 40.6471772 ], [ -73.9850779, 40.6472179 ], [ -73.9846815, 40.6473112 ], [ -73.9846058, 40.6473278 ], [ -73.9842732, 40.6474052 ], [ -73.9839245, 40.6474906 ], [ -73.9838064, 40.6475115 ], [ -73.9836134, 40.6475354 ], [ -73.9833881, 40.6475557 ], [ -73.9831789, 40.6475557 ], [ -73.982975, 40.6475476 ], [ -73.9828087, 40.6475313 ], [ -73.9825964, 40.6474834 ] ] } },
{ "type": "Feature", "properties": { }, "geometry": { "type": "LineString", "coordinates": [ [ -73.986738, 40.6455057 ], [ -73.9871539, 40.6459602 ], [ -73.9876387, 40.6464345 ] ] } },
{ "type": "Feature", "properties": { }, "geometry": { "type": "LineString", "coordinates": [ [ -73.9830331, 40.6501983 ], [ -73.9827926, 40.6500223 ], [ -73.9824747, 40.6496604 ], [ -73.9822294, 40.6494321 ], [ -73.9819743, 40.6491521 ], [ -73.981768, 40.6488338 ], [ -73.9816715, 40.6486872 ], [ -73.9815588, 40.6484756 ], [ -73.9814232, 40.6481015 ] ] } },
{ "type": "Feature", "properties": { }, "geometry": { "type": "LineString", "coordinates": [ [ -73.9816715, 40.6486872 ], [ -73.982106, 40.6485163 ], [ -73.9830037, 40.6481148 ], [ -73.983105, 40.6480695 ] ] } },
{ "type": "Feature", "properties": { }, "geometry": { "type": "LineString", "coordinates": [ [ -73.98406, 40.6491104 ], [ -73.9837421, 40.6492693 ], [ -73.9824747, 40.6496604 ], [ -73.9816834, 40.6499239 ], [ -73.9812278, 40.6500901 ] ] } },
{ "type": "Feature", "properties": { }, "geometry": { "type": "LineString", "coordinates": [ [ -73.9830721, 40.652766 ], [ -73.9828677, 40.6524723 ], [ -73.9828946, 40.6523665 ], [ -73.9828785, 40.65222 ], [ -73.9828141, 40.6520572 ], [ -73.9827014, 40.6518496 ], [ -73.9825781, 40.6516054 ], [ -73.9823412, 40.6513667 ], [ -73.9823003, 40.6513221 ] ] } },
{ "type": "Feature", "properties": { }, "geometry": { "type": "LineString", "coordinates": [ [ -73.9815541, 40.6516083 ], [ -73.9817087, 40.6515604 ], [ -73.9819182, 40.6514955 ], [ -73.9823003, 40.6513221 ], [ -73.9823805, 40.651268 ] ] } },
{ "type": "Feature", "properties": { }, "geometry": { "type": "LineString", "coordinates": [ [ -73.9828677, 40.6524723 ], [ -73.9827626, 40.6524847 ], [ -73.9826907, 40.6524479 ], [ -73.9824439, 40.6523461 ], [ -73.982224, 40.6521752 ], [ -73.9819504, 40.6519514 ], [ -73.9817895, 40.6517804 ], [ -73.9817087, 40.6515604 ] ] } },
{ "type": "Feature", "properties": { }, "geometry": { "type": "LineString", "coordinates": [ [ -73.9842303, 40.6515118 ], [ -73.9841606, 40.6514263 ], [ -73.9840855, 40.6513979 ], [ -73.9839782, 40.6513042 ], [ -73.9839664, 40.6512956 ], [ -73.9838441, 40.6512066 ], [ -73.9836885, 40.651113 ], [ -73.9833291, 40.650938 ], [ -73.9829589, 40.6508077 ], [ -73.9826478, 40.6506815 ], [ -73.9824439, 40.6505635 ], [ -73.9823196, 40.6503818 ] ] } },
{ "type": "Feature", "properties": { }, "geometry": { "type": "LineString", "coordinates": [ [ -73.9830975, 40.6515976 ], [ -73.9833988, 40.6513694 ], [ -73.9836885, 40.651113 ], [ -73.9840712, 40.6507222 ] ] } },
{ "type": "Feature", "properties": { }, "geometry": { "type": "LineString", "coordinates": [ [ -73.9836915, 40.6517736 ], [ -73.9837614, 40.6516935 ], [ -73.9839835, 40.6516054 ], [ -73.9842303, 40.6515118 ], [ -73.9847494, 40.651274 ] ] } },
{ "type": "Feature", "properties": { }, "geometry": { "type": "LineString", "coordinates": [ [ -73.9863017, 40.6514176 ], [ -73.9858383, 40.6512401 ], [ -73.9858289, 40.6512107 ], [ -73.985833, 40.6511333 ], [ -73.9857806, 40.6510682 ], [ -73.9856465, 40.6510438 ], [ -73.9855446, 40.6510682 ], [ -73.9854051, 40.6510316 ], [ -73.9852925, 40.6509909 ], [ -73.9851744, 40.6509339 ], [ -73.9850457, 40.6508403 ], [ -73.9848097, 40.6506327 ], [ -73.9846165, 40.6505065 ], [ -73.9843344, 40.6503724 ], [ -73.9841429, 40.6502572 ], [ -73.9839998, 40.6501598 ], [ -73.9839513, 40.6500995 ], [ -73.983836, 40.6498987 ] ] } },
{ "type": "Feature", "properties": { }, "geometry": { "type": "LineString", "coordinates": [ [ -73.9845719, 40.6509219 ], [ -73.9847828, 40.650885 ], [ -73.9850457, 40.6508403 ], [ -73.9853193, 40.6507345 ], [ -73.9855017, 40.6506216 ], [ -73.9855363, 40.6505903 ], [ -73.9856124, 40.6505097 ], [ -73.9857098, 40.6503969 ], [ -73.9858025, 40.6502779 ] ] } },
{ "type": "Feature", "properties": { }, "geometry": { "type": "LineString", "coordinates": [ [ -73.9842874, 40.6497449 ], [ -73.9844127, 40.6499286 ], [ -73.9846273, 40.6501199 ], [ -73.9848687, 40.6502949 ], [ -73.9851852, 40.6504536 ], [ -73.9855017, 40.6506216 ], [ -73.9857538, 40.6507385 ], [ -73.9860703, 40.6509176 ], [ -73.9862741, 40.650999 ], [ -73.9862996, 40.6510131 ], [ -73.9863332, 40.6510316 ], [ -73.9865209, 40.6510438 ], [ -73.9866929, 40.651165 ] ] } },
{ "type": "Feature", "properties": { }, "geometry": { "type": "LineString", "coordinates": [ [ -73.9839513, 40.6500995 ], [ -73.9844127, 40.6499286 ] ] } },
{ "type": "Feature", "properties": { }, "geometry": { "type": "LineString", "coordinates": [ [ -73.9849088, 40.6497929 ], [ -73.9850135, 40.6496966 ], [ -73.9853085, 40.6496518 ], [ -73.9857645, 40.6495501 ], [ -73.9858772, 40.6495257 ], [ -73.9860649, 40.6494565 ], [ -73.9860918, 40.6494198 ], [ -73.9860279, 40.6492579 ] ] } },
{ "type": "Feature", "properties": { }, "geometry": { "type": "LineString", "coordinates": [ [ -73.9860918, 40.6494198 ], [ -73.9862151, 40.6494565 ], [ -73.9871378, 40.6492855 ], [ -73.987306, 40.6491365 ] ] } },
{ "type": "Feature", "properties": { }, "geometry": { "type": "LineString", "coordinates": [ [ -73.9862151, 40.6494565 ], [ -73.9862256, 40.64952 ], [ -73.9862741, 40.6495745 ], [ -73.9863814, 40.6495949 ], [ -73.9865048, 40.6495989 ], [ -73.986596, 40.6496071 ], [ -73.9867033, 40.6496152 ], [ -73.9876072, 40.6497694 ], [ -73.9880262, 40.6498565 ], [ -73.9881176, 40.6498761 ], [ -73.9882214, 40.6498635 ], [ -73.9882966, 40.6498281 ], [ -73.9882974, 40.6497672 ] ] } },
{ "type": "Feature", "properties": { }, "geometry": { "type": "LineString", "coordinates": [ [ -73.9872428, 40.6482966 ], [ -73.9870305, 40.6482599 ], [ -73.9868106, 40.6481337 ], [ -73.9864436, 40.6478315 ], [ -73.9861544, 40.6475749 ] ] } },
{ "type": "Feature", "properties": { }, "geometry": { "type": "LineString", "coordinates": [ [ -73.9898841, 40.6499704 ], [ -73.9896643, 40.6498179 ], [ -73.9895464, 40.6497373 ], [ -73.9891075, 40.6493583 ] ] } },
{ "type": "Feature", "properties": { }, "geometry": { "type": "LineString", "coordinates": [ [ -73.9891669, 40.6501632 ], [ -73.9896643, 40.6498179 ], [ -73.9899434, 40.6496152 ], [ -73.9902258, 40.6495033 ], [ -73.9903082, 40.6493751 ], [ -73.9904638, 40.6492245 ], [ -73.990512, 40.6492001 ], [ -73.9906086, 40.649196 ], [ -73.990641, 40.6491428 ], [ -73.9906981, 40.6490881 ], [ -73.9907012, 40.6490859 ], [ -73.9907215, 40.6490715 ], [ -73.9909805, 40.6488777 ], [ -73.9909968, 40.6488419 ], [ -73.9910093, 40.6488259 ], [ -73.9910156, 40.6488079 ], [ -73.9910538, 40.648732 ], [ -73.9911977, 40.6485608 ], [ -73.9912631, 40.6484552 ], [ -73.9914162, 40.6483341 ], [ -73.9916992, 40.6481292 ] ] } },
{ "type": "Feature", "properties": { }, "geometry": { "type": "LineString", "coordinates": [ [ -73.9883081, 40.6486352 ], [ -73.9885487, 40.6487931 ], [ -73.9886859, 40.6488168 ], [ -73.988777, 40.6488035 ], [ -73.9889061, 40.6488162 ], [ -73.9890529, 40.6488134 ], [ -73.9892696, 40.6487236 ], [ -73.989727, 40.6484431 ] ] } },
{ "type": "Feature", "properties": { }, "geometry": { "type": "LineString", "coordinates": [ [ -73.989727, 40.6484431 ], [ -73.9898027, 40.6484651 ], [ -73.990049, 40.6487355 ], [ -73.9900945, 40.648752 ], [ -73.9904638, 40.6492245 ] ] } },
{ "type": "Feature", "properties": { }, "geometry": { "type": "LineString", "coordinates": [ [ -73.9906086, 40.649196 ], [ -73.9906461, 40.6492326 ], [ -73.9906944, 40.6492611 ], [ -73.9907749, 40.6492733 ], [ -73.9908408, 40.6493019 ], [ -73.9908719, 40.6493549 ], [ -73.9908608, 40.6494253 ], [ -73.9908462, 40.6494639 ] ] } },
{ "type": "Feature", "properties": { }, "geometry": { "type": "LineString", "coordinates": [ [ -73.9885315, 40.6562077 ], [ -73.9881375, 40.6563499 ], [ -73.9879385, 40.6564433 ], [ -73.9877976, 40.6565248 ], [ -73.9875951, 40.6566856 ] ] } },
{ "type": "Feature", "properties": { }, "geometry": { "type": "LineString", "coordinates": [ [ -73.9906705, 40.6553627 ], [ -73.9908138, 40.6552092 ], [ -73.9908778, 40.6551294 ], [ -73.9908992, 40.6550814 ], [ -73.9909612, 40.6550161 ], [ -73.991033, 40.6549545 ], [ -73.991103, 40.6549129 ], [ -73.9912161, 40.6548572 ], [ -73.9913073, 40.6548042 ], [ -73.9913616, 40.6547571 ], [ -73.9914675, 40.654615 ], [ -73.9915016, 40.6545793 ], [ -73.9916509, 40.6545111 ] ] } },
{ "type": "Feature", "properties": { }, "geometry": { "type": "LineString", "coordinates": [ [ -73.991103, 40.6549129 ], [ -73.9909123, 40.654759 ], [ -73.9908942, 40.6547346 ], [ -73.9908856, 40.6546303 ], [ -73.9908859, 40.6544686 ], [ -73.990901, 40.6543907 ], [ -73.9907316, 40.654143 ] ] } },
{ "type": "Feature", "properties": { }, "geometry": { "type": "LineString", "coordinates": [ [ -73.9908859, 40.6544686 ], [ -73.9908047, 40.6544926 ], [ -73.9907186, 40.6545059 ], [ -73.9906048, 40.6545097 ], [ -73.9904976, 40.6545067 ], [ -73.990392, 40.6544792 ], [ -73.9902934, 40.6544239 ], [ -73.9902076, 40.6543622 ], [ -73.9901526, 40.6543159 ] ] } },
{ "type": "Feature", "properties": { }, "geometry": { "type": "LineString", "coordinates": [ [ -73.9901526, 40.6543159 ], [ -73.9900245, 40.6543934 ], [ -73.9899166, 40.6543932 ], [ -73.9897342, 40.6543403 ], [ -73.9892887, 40.654149 ], [ -73.9890368, 40.6541246 ], [ -73.9887671, 40.6541492 ] ] } },
{ "type": "Feature", "properties": { }, "geometry": { "type": "LineString", "coordinates": [ [ -73.9979143, 40.6546264 ], [ -73.9979792, 40.6546435 ], [ -73.9980596, 40.654674 ], [ -73.998128, 40.6547025 ], [ -73.9982581, 40.6547554 ], [ -73.9983453, 40.6547992 ], [ -73.998415, 40.6548368 ], [ -73.9984713, 40.6548714 ], [ -73.9985169, 40.6548989 ], [ -73.9985693, 40.6549172 ], [ -73.9986041, 40.6549243 ], [ -73.9986564, 40.6549416 ], [ -73.9986807, 40.6549834 ], [ -73.998731, 40.6550882 ], [ -73.9987518, 40.6552723 ], [ -73.9987625, 40.6553822 ], [ -73.9987732, 40.655488 ], [ -73.998784, 40.6555572 ], [ -73.9987518, 40.6556182 ], [ -73.9986445, 40.6556386 ], [ -73.9984943, 40.6556345 ], [ -73.9984621, 40.6557159 ], [ -73.9983548, 40.6557688 ], [ -73.9982314, 40.6558298 ], [ -73.998181, 40.6560041 ] ] } },
{ "type": "Feature", "properties": { }, "geometry": { "type": "LineString", "coordinates": [ [ -73.9979005, 40.6516982 ], [ -73.9977808, 40.6516217 ], [ -73.9974973, 40.6514534 ], [ -73.9973672, 40.6513975 ], [ -73.9972249, 40.6513555 ], [ -73.9971022, 40.6513343 ] ] } },
{ "type": "Feature", "properties": { }, "geometry": { "type": "LineString", "coordinates": [ [ -73.9975545, 40.6506088 ], [ -73.997512, 40.6506587 ] ] } },
{ "type": "Feature", "properties": { }, "geometry": { "type": "LineString", "coordinates": [ [ -73.9966306, 40.651959 ], [ -73.9968778, 40.6518878 ], [ -73.9969628, 40.6518109 ], [ -73.9969823, 40.6517288 ], [ -73.996943, 40.6516619 ], [ -73.9969466, 40.6516256 ], [ -73.9969976, 40.6515484 ], [ -73.9970269, 40.6514354 ], [ -73.9970459, 40.6513912 ], [ -73.9969992, 40.6513618 ], [ -73.9969371, 40.6513306 ], [ -73.9968462, 40.6513184 ], [ -73.9967608, 40.6513168 ], [ -73.9966723, 40.6513249 ], [ -73.9966192, 40.6513692 ], [ -73.9965697, 40.6514242 ], [ -73.9965059, 40.6514524 ], [ -73.9964189, 40.6515103 ] ] } },
{ "type": "Feature", "properties": { }, "geometry": { "type": "LineString", "coordinates": [ [ -73.9970863, 40.6511169 ], [ -73.9970205, 40.6509831 ], [ -73.996885, 40.6508321 ], [ -73.9969493, 40.6507833 ], [ -73.9968476, 40.6506912 ] ] } },
{ "type": "Feature", "properties": { }, "geometry": { "type": "LineString", "coordinates": [ [ -73.996058, 40.6507818 ], [ -73.996129, 40.6510389 ], [ -73.9962239, 40.6511724 ], [ -73.9963788, 40.6512763 ], [ -73.9964612, 40.6513165 ] ] } },
{ "type": "Feature", "properties": { }, "geometry": { "type": "LineString", "coordinates": [ [ -73.9973208, 40.6503243 ], [ -73.9972693, 40.6503318 ] ] } },
{ "type": "Feature", "properties": { }, "geometry": { "type": "LineString", "coordinates": [ [ -73.9964126, 40.6505996 ], [ -73.9963002, 40.6504007 ], [ -73.9964343, 40.650356 ], [ -73.9963758, 40.6502313 ], [ -73.996198, 40.6498521 ] ] } },
{ "type": "Feature", "properties": { }, "geometry": { "type": "LineString", "coordinates": [ [ -73.9963758, 40.6502313 ], [ -73.996123, 40.6503018 ], [ -73.9958577, 40.6497787 ] ] } },
{ "type": "Feature", "properties": { }, "geometry": { "type": "LineString", "coordinates": [ [ -73.9942322, 40.6511317 ], [ -73.9942295, 40.6510958 ], [ -73.9941926, 40.6510317 ], [ -73.9941303, 40.6509707 ], [ -73.9940928, 40.6509313 ], [ -73.9940786, 40.6508995 ], [ -73.9940806, 40.6508547 ], [ -73.9940948, 40.650824 ], [ -73.9941779, 40.6507316 ], [ -73.9941961, 40.6506907 ], [ -73.994192, 40.6506246 ] ] } },
{ "type": "Feature", "properties": { }, "geometry": { "type": "LineString", "coordinates": [ [ -73.9936952, 40.6500649 ], [ -73.9940405, 40.6500258 ], [ -73.9940934, 40.6500253 ], [ -73.9941558, 40.6500565 ], [ -73.9942001, 40.6501067 ], [ -73.9942236, 40.6501866 ], [ -73.9942068, 40.6502531 ], [ -73.9942946, 40.6502434 ], [ -73.9943579, 40.65025 ], [ -73.9944448, 40.6502589 ] ] } },
{ "type": "Feature", "properties": { }, "geometry": { "type": "LineString", "coordinates": [ [ -73.991212, 40.6464181 ], [ -73.991944, 40.646858 ], [ -73.9919604, 40.6468679 ], [ -73.9925155, 40.6472045 ], [ -73.993036, 40.6475475 ] ] } },
{ "type": "Feature", "properties": { }, "geometry": { "type": "LineString", "coordinates": [ [ -73.9933058, 40.6474098 ], [ -73.993036, 40.6475475 ], [ -73.9928991, 40.6476419 ], [ -73.9926708, 40.6478388 ] ] } },
{ "type": "Feature", "properties": { }, "geometry": { "type": "LineString", "coordinates": [ [ -73.9922651, 40.6465643 ], [ -73.991944, 40.646858 ], [ -73.9916576, 40.6470821 ] ] } },
{ "type": "Feature", "properties": { }, "geometry": { "type": "LineString", "coordinates": [ [ -73.9904748, 40.6471695 ], [ -73.9902063, 40.6469086 ], [ -73.9899649, 40.6466644 ], [ -73.9896805, 40.646408 ], [ -73.9894284, 40.6462533 ], [ -73.9890261, 40.6460986 ], [ -73.9885808, 40.6459562 ], [ -73.9880742, 40.6457978 ] ] } },
{ "type": "Feature", "properties": { }, "geometry": { "type": "LineString", "coordinates": [ [ -73.9909208, 40.6483558 ], [ -73.9907496, 40.648148 ], [ -73.9904438, 40.6478388 ], [ -73.9900068, 40.6474859 ], [ -73.9897074, 40.6472301 ], [ -73.9892621, 40.6470226 ], [ -73.9888705, 40.6468313 ], [ -73.9884843, 40.6465341 ], [ -73.988141, 40.6462818 ], [ -73.9878253, 40.6461274 ] ] } },
{ "type": "Feature", "properties": { }, "geometry": { "type": "LineString", "coordinates": [ [ -73.9906506, 40.6484747 ], [ -73.9905884, 40.6483983 ], [ -73.9905239, 40.64834 ], [ -73.9904798, 40.6483128 ], [ -73.990158, 40.6482477 ], [ -73.9899952, 40.6482439 ], [ -73.989926, 40.6482423 ] ] } },
{ "type": "Feature", "properties": { }, "geometry": { "type": "LineString", "coordinates": [ [ -73.9907496, 40.648148 ], [ -73.9910807, 40.6479709 ], [ -73.991365, 40.6477267 ], [ -73.9915707, 40.6475964 ], [ -73.9915956, 40.6474784 ], [ -73.9917137, 40.6474377 ], [ -73.991937, 40.6473947 ] ] } },
{ "type": "Feature", "properties": { }, "geometry": { "type": "LineString", "coordinates": [ [ -73.9915956, 40.6474784 ], [ -73.9913703, 40.6472668 ], [ -73.9911665, 40.6472139 ], [ -73.9909465, 40.6471813 ], [ -73.990742, 40.6469918 ] ] } },
{ "type": "Feature", "properties": { }, "geometry": { "type": "LineString", "coordinates": [ [ -73.9914838, 40.6479741 ], [ -73.9916992, 40.6481292 ], [ -73.9918514, 40.6482004 ], [ -73.9921214, 40.6479953 ] ] } },
{ "type": "Feature", "properties": { }, "geometry": { "type": "LineString", "coordinates": [ [ -73.9956283, 40.6489188 ], [ -73.9955107, 40.648894 ], [ -73.9954396, 40.6488815 ], [ -73.9953086, 40.6489156 ], [ -73.9952569, 40.6488983 ], [ -73.9951959, 40.6488597 ], [ -73.9950402, 40.6487876 ], [ -73.9949839, 40.6487306 ], [ -73.9948988, 40.6485987 ], [ -73.994825, 40.6485297 ], [ -73.9947358, 40.6484727 ], [ -73.9946669, 40.6484416 ] ] } },
{ "type": "Feature", "properties": { }, "geometry": { "type": "LineString", "coordinates": [ [ -73.9973587, 40.6510603 ], [ -73.9975078, 40.6512182 ], [ -73.9975302, 40.6512189 ], [ -73.9976343, 40.6511425 ], [ -73.9976735, 40.6511348 ], [ -73.9978579, 40.6511923 ] ] } },
{ "type": "Feature", "properties": { }, "geometry": { "type": "LineString", "coordinates": [ [ -73.9982246, 40.6522724 ], [ -73.9983626, 40.6523142 ], [ -73.9984562, 40.6523626 ], [ -73.9984978, 40.6524177 ], [ -73.9985371, 40.6525201 ], [ -73.9985875, 40.6525493 ], [ -73.9986554, 40.6525608 ], [ -73.9987119, 40.6525622 ], [ -73.9987893, 40.6525364 ], [ -73.998836, 40.6525146 ] ] } },
{ "type": "Feature", "properties": { }, "geometry": { "type": "LineString", "coordinates": [ [ -73.9882974, 40.6497672 ], [ -73.9889285, 40.649162 ], [ -73.9891879, 40.6489434 ] ] } },
{ "type": "Feature", "properties": { }, "geometry": { "type": "LineString", "coordinates": [ [ -73.987696, 40.6493882 ], [ -73.9878537, 40.6491996 ], [ -73.9878942, 40.6491512 ], [ -73.9880444, 40.6490332 ], [ -73.9882697, 40.6489681 ], [ -73.988495, 40.648846 ], [ -73.9885487, 40.6487931 ] ] } },
{ "type": "Feature", "properties": { }, "geometry": { "type": "LineString", "coordinates": [ [ -73.9872322, 40.6476743 ], [ -73.987465, 40.6476412 ], [ -73.9876957, 40.6476738 ], [ -73.9879532, 40.6477918 ], [ -73.9882161, 40.6479465 ], [ -73.9887432, 40.6483344 ] ] } },
{ "type": "Feature", "properties": { }, "geometry": { "type": "LineString", "coordinates": [ [ -73.9868703, 40.6506787 ], [ -73.9867806, 40.6505812 ], [ -73.9861347, 40.649778 ], [ -73.9858772, 40.6495257 ] ] } },
{ "type": "Feature", "properties": { }, "geometry": { "type": "LineString", "coordinates": [ [ -73.9907466, 40.6503054 ], [ -73.9907856, 40.6502705 ], [ -73.9909626, 40.6502135 ], [ -73.9911208, 40.6502157 ], [ -73.9912684, 40.650242 ], [ -73.9915098, 40.6503519 ], [ -73.9916761, 40.6504496 ], [ -73.9917888, 40.6505554 ], [ -73.9918746, 40.6506653 ], [ -73.9919926, 40.6508118 ], [ -73.9921375, 40.6509461 ], [ -73.9922877, 40.6509949 ], [ -73.9924131, 40.6510066 ], [ -73.9925773, 40.6510677 ], [ -73.9926937, 40.6511699 ], [ -73.9928147, 40.6512401 ], [ -73.9930021, 40.6513126 ] ] } },
{ "type": "Feature", "properties": { }, "geometry": { "type": "LineString", "coordinates": [ [ -73.9926467, 40.6509355 ], [ -73.9925773, 40.6510677 ] ] } },
{ "type": "Feature", "properties": { }, "geometry": { "type": "LineString", "coordinates": [ [ -73.9924131, 40.6510066 ], [ -73.9923051, 40.6511273 ], [ -73.9920718, 40.6513829 ] ] } },
{ "type": "Feature", "properties": { }, "geometry": { "type": "LineString", "coordinates": [ [ -73.9923756, 40.6515849 ], [ -73.992629, 40.6513323 ], [ -73.992625, 40.6513103 ], [ -73.9923164, 40.6511452 ], [ -73.9923051, 40.6511273 ] ] } },
{ "type": "Feature", "properties": { }, "geometry": { "type": "LineString", "coordinates": [ [ -73.9925357, 40.6516881 ], [ -73.9924366, 40.6517733 ], [ -73.9924147, 40.6518999 ], [ -73.9923919, 40.6519559 ], [ -73.9923426, 40.6520511 ], [ -73.9923306, 40.6521223 ], [ -73.9923306, 40.6522342 ], [ -73.9923132, 40.6522807 ], [ -73.992273, 40.6523082 ], [ -73.9921965, 40.6523234 ] ] } },
{ "type": "Feature", "properties": { }, "geometry": { "type": "LineString", "coordinates": [ [ -73.9913714, 40.6514348 ], [ -73.9912362, 40.6514752 ], [ -73.991145, 40.651581 ], [ -73.9910109, 40.6516909 ], [ -73.9908875, 40.6517764 ], [ -73.9907481, 40.651813 ], [ -73.9905442, 40.6518211 ], [ -73.9903887, 40.6517723 ], [ -73.9902706, 40.6517072 ], [ -73.9901741, 40.6516095 ], [ -73.9901312, 40.6514874 ], [ -73.9901258, 40.6514019 ], [ -73.9901668, 40.6512741 ], [ -73.9902047, 40.6512328 ], [ -73.9902438, 40.6511903 ], [ -73.9903404, 40.6511292 ], [ -73.9904798, 40.6510601 ], [ -73.9906032, 40.6510071 ], [ -73.9907016, 40.6509487 ], [ -73.9908139, 40.6509495 ], [ -73.9909545, 40.6509718 ] ] } },
{ "type": "Feature", "properties": { }, "geometry": { "type": "LineString", "coordinates": [ [ -73.9907016, 40.6509487 ], [ -73.9906176, 40.6509338 ], [ -73.9905549, 40.6509054 ], [ -73.9904959, 40.6508077 ], [ -73.9903227, 40.6507616 ], [ -73.9902599, 40.6507507 ], [ -73.9901633, 40.6506775 ], [ -73.9900292, 40.6505879 ] ] } },
{ "type": "Feature", "properties": { }, "geometry": { "type": "LineString", "coordinates": [ [ -73.9901668, 40.6512741 ], [ -73.9900612, 40.6512412 ], [ -73.9899705, 40.6512333 ], [ -73.9898717, 40.6512737 ], [ -73.9898004, 40.6513132 ] ] } },
{ "type": "Feature", "properties": { }, "geometry": { "type": "LineString", "coordinates": [ [ -73.9902115, 40.6526893 ], [ -73.9901288, 40.6526813 ], [ -73.9900753, 40.6526656 ], [ -73.9900231, 40.6526392 ], [ -73.9899749, 40.6525932 ], [ -73.98993, 40.6525439 ], [ -73.9899193, 40.6524937 ], [ -73.9899558, 40.6523405 ], [ -73.990071, 40.6521463 ], [ -73.9901281, 40.6520498 ], [ -73.990123, 40.6520035 ], [ -73.99004, 40.6519229 ], [ -73.9899649, 40.6518333 ], [ -73.9898683, 40.6517438 ], [ -73.9897825, 40.6516502 ], [ -73.989702, 40.65152 ], [ -73.9896497, 40.6514134 ] ] } },
{ "type": "Feature", "properties": { }, "geometry": { "type": "LineString", "coordinates": [ [ -73.9898146, 40.6513377 ], [ -73.9896497, 40.6514134 ], [ -73.9896053, 40.6513531 ], [ -73.9895529, 40.6513337 ], [ -73.989491, 40.6513258 ], [ -73.9892955, 40.6513473 ], [ -73.9891933, 40.6513712 ] ] } },
{ "type": "Feature", "properties": { }, "geometry": { "type": "LineString", "coordinates": [ [ -73.9936345, 40.6519627 ], [ -73.9934834, 40.6518914 ], [ -73.993382, 40.6518171 ], [ -73.9931674, 40.6516339 ], [ -73.9930671, 40.651552 ], [ -73.9929395, 40.6514434 ] ] } },
{ "type": "Feature", "properties": { }, "geometry": { "type": "LineString", "coordinates": [ [ -73.9934834, 40.6518914 ], [ -73.9933735, 40.6519969 ], [ -73.9933234, 40.6520123 ], [ -73.9932719, 40.6519986 ], [ -73.9931567, 40.6519514 ], [ -73.9929958, 40.65187 ], [ -73.9928885, 40.6517926 ], [ -73.9928616, 40.6517357 ], [ -73.9928938, 40.6516583 ], [ -73.9929528, 40.6516258 ], [ -73.9930671, 40.651552 ] ] } },
{ "type": "Feature", "properties": { }, "geometry": { "type": "LineString", "coordinates": [ [ -73.9932719, 40.6519986 ], [ -73.9932339, 40.6521157 ] ] } },
{ "type": "Feature", "properties": { }, "geometry": { "type": "LineString", "coordinates": [ [ -73.995105, 40.6519705 ], [ -73.9948572, 40.6518415 ], [ -73.9946909, 40.6517194 ], [ -73.9947118, 40.6516408 ], [ -73.9946766, 40.6516137 ], [ -73.9946158, 40.6515607 ], [ -73.9945139, 40.6515118 ], [ -73.9943798, 40.651467 ], [ -73.9942889, 40.6513793 ] ] } },
{ "type": "Feature", "properties": { }, "geometry": { "type": "LineString", "coordinates": [ [ -73.9951058, 40.6521107 ], [ -73.994884, 40.6521752 ], [ -73.9946426, 40.6521589 ], [ -73.9943744, 40.6521589 ], [ -73.9941929, 40.6521602 ] ] } },
{ "type": "Feature", "properties": { }, "geometry": { "type": "LineString", "coordinates": [ [ -73.994767, 40.6524453 ], [ -73.9947429, 40.6523576 ], [ -73.9945461, 40.6523177 ], [ -73.9943637, 40.6522851 ], [ -73.9942985, 40.6522991 ], [ -73.9942607, 40.6523902 ] ] } },
{ "type": "Feature", "properties": { }, "geometry": { "type": "LineString", "coordinates": [ [ -73.994767, 40.6524453 ], [ -73.9946855, 40.6524845 ], [ -73.9942607, 40.6523902 ] ] } },
{ "type": "Feature", "properties": { }, "geometry": { "type": "LineString", "coordinates": [ [ -73.994926, 40.6525103 ], [ -73.9948523, 40.6525824 ], [ -73.9947821, 40.6526107 ], [ -73.9945568, 40.6525741 ], [ -73.9943208, 40.6525171 ], [ -73.9942126, 40.6524894 ] ] } },
{ "type": "Feature", "properties": { }, "geometry": { "type": "LineString", "coordinates": [ [ -73.9946909, 40.6517194 ], [ -73.9945758, 40.6517842 ], [ -73.9943953, 40.6518107 ], [ -73.9942701, 40.6518693 ], [ -73.9942229, 40.6519182 ], [ -73.9942028, 40.6519799 ], [ -73.9941929, 40.6521602 ] ] } },
{ "type": "Feature", "properties": { }, "geometry": { "type": "LineString", "coordinates": [ [ -73.9930599, 40.6511234 ], [ -73.9930876, 40.6510327 ], [ -73.9931499, 40.6509135 ], [ -73.9931928, 40.6508772 ], [ -73.9932248, 40.6508441 ], [ -73.9932394, 40.6508109 ], [ -73.993243, 40.6507699 ], [ -73.9932387, 40.6507434 ], [ -73.9932131, 40.6506882 ], [ -73.9931379, 40.6505879 ], [ -73.9930362, 40.6505212 ] ] } },
{ "type": "Feature", "properties": { }, "geometry": { "type": "LineString", "coordinates": [ [ -73.9928071, 40.6503044 ], [ -73.9927507, 40.6502837 ], [ -73.9927021, 40.6502722 ], [ -73.9926572, 40.6502725 ], [ -73.9926142, 40.6502783 ], [ -73.9925682, 40.6502946 ], [ -73.992532, 40.6503157 ], [ -73.9924998, 40.6503437 ], [ -73.992472, 40.6503838 ], [ -73.9924506, 40.650433 ], [ -73.9924284, 40.6504775 ], [ -73.992354, 40.6505683 ], [ -73.9923286, 40.6506108 ], [ -73.9922896, 40.6507173 ], [ -73.9922641, 40.6507688 ], [ -73.992246, 40.6508056 ] ] } },
{ "type": "Feature", "properties": { }, "geometry": { "type": "LineString", "coordinates": [ [ -73.9923051, 40.6511273 ], [ -73.9922953, 40.6511114 ], [ -73.9919235, 40.6509396 ], [ -73.9918478, 40.6509298 ], [ -73.9917314, 40.6509001 ], [ -73.991676, 40.6508796 ] ] } },
{ "type": "Feature", "properties": { }, "geometry": { "type": "LineString", "coordinates": [ [ -73.9884489, 40.6512313 ], [ -73.9885808, 40.6513816 ], [ -73.9884917, 40.6514692 ], [ -73.9883944, 40.6515776 ], [ -73.9880612, 40.6514534 ] ] } },
{ "type": "Feature", "properties": { }, "geometry": { "type": "LineString", "coordinates": [ [ -73.9884917, 40.6514692 ], [ -73.988715, 40.6515902 ], [ -73.9883308, 40.6519216 ], [ -73.9882982, 40.6519326 ], [ -73.988122, 40.6521899 ] ] } },
{ "type": "Feature", "properties": { }, "geometry": { "type": "LineString", "coordinates": [ [ -73.9882982, 40.6519326 ], [ -73.9878794, 40.6518039 ] ] } },
{ "type": "Feature", "properties": { }, "geometry": { "type": "LineString", "coordinates": [ [ -73.9877035, 40.6525963 ], [ -73.987752, 40.6525838 ], [ -73.9880961, 40.6525906 ] ] } },
{ "type": "Feature", "properties": { }, "geometry": { "type": "LineString", "coordinates": [ [ -73.984388, 40.6525563 ], [ -73.9836771, 40.6527717 ], [ -73.983304, 40.6528847 ], [ -73.9832515, 40.6529011 ], [ -73.983136, 40.6529363 ] ] } },
{ "type": "Feature", "properties": { }, "geometry": { "type": "LineString", "coordinates": [ [ -73.9827257, 40.6545955 ], [ -73.9824238, 40.6548847 ], [ -73.9833664, 40.6554488 ], [ -73.9834414, 40.6554937 ] ] } },
{ "type": "Feature", "properties": { }, "geometry": { "type": "LineString", "coordinates": [ [ -73.9847502, 40.6559658 ], [ -73.9848003, 40.6559976 ], [ -73.9855687, 40.6564496 ], [ -73.9860375, 40.6567654 ] ] } },
{ "type": "Feature", "properties": { }, "geometry": { "type": "LineString", "coordinates": [ [ -73.9944005, 40.6580159 ], [ -73.9943795, 40.6579992 ], [ -73.9943509, 40.6579808 ] ] } },
{ "type": "Feature", "properties": { }, "geometry": { "type": "LineString", "coordinates": [ [ -73.9961962, 40.6575471 ], [ -73.9961184, 40.6575832 ], [ -73.9960726, 40.6576048 ], [ -73.9959624, 40.6576315 ], [ -73.9958632, 40.6576528 ], [ -73.9958083, 40.6576322 ], [ -73.9956469, 40.6575883 ], [ -73.9954818, 40.6575434 ], [ -73.995382, 40.6575536 ], [ -73.9952718, 40.657592 ], [ -73.9951404, 40.6576315 ], [ -73.9949728, 40.6577183 ], [ -73.9948628, 40.6578241 ], [ -73.994785, 40.6579218 ], [ -73.9947421, 40.6579686 ], [ -73.9947274, 40.6579973 ], [ -73.9947099, 40.6580316 ], [ -73.9946976, 40.6580876 ] ] } },
{ "type": "Feature", "properties": { }, "geometry": { "type": "LineString", "coordinates": [ [ -73.9949728, 40.6577183 ], [ -73.9951346, 40.6575058 ], [ -73.9951632, 40.6574131 ], [ -73.995182, 40.6573032 ], [ -73.995241, 40.6571018 ], [ -73.9953081, 40.657 ], [ -73.9953885, 40.656941 ], [ -73.99552, 40.6568596 ], [ -73.9956219, 40.6567701 ] ] } },
{ "type": "Feature", "properties": { }, "geometry": { "type": "LineString", "coordinates": [ [ -73.9956219, 40.6567701 ], [ -73.9957345, 40.6568087 ], [ -73.9957399, 40.6568739 ], [ -73.9957453, 40.6569369 ], [ -73.9957077, 40.6569675 ], [ -73.9956434, 40.6569736 ], [ -73.9955709, 40.6569959 ], [ -73.9955253, 40.6570326 ] ] } },
{ "type": "Feature", "properties": { }, "geometry": { "type": "LineString", "coordinates": [ [ -73.9955578, 40.6567635 ], [ -73.9954449, 40.6567009 ] ] } },
{ "type": "Feature", "properties": { }, "geometry": { "type": "LineString", "coordinates": [ [ -73.9954449, 40.6567009 ], [ -73.9953483, 40.6567253 ], [ -73.9952222, 40.6567274 ], [ -73.9950747, 40.6567111 ], [ -73.9949328, 40.6567005 ] ] } },
{ "type": "Feature", "properties": { }, "geometry": { "type": "LineString", "coordinates": [ [ -73.9954449, 40.6567009 ], [ -73.9954797, 40.656648 ], [ -73.995469, 40.6565809 ], [ -73.995418, 40.6565361 ], [ -73.9953295, 40.6564995 ], [ -73.9952169, 40.656475 ], [ -73.995115, 40.6564506 ], [ -73.9949629, 40.6564172 ] ] } },
{ "type": "Feature", "properties": { }, "geometry": { "type": "LineString", "coordinates": [ [ -73.9997561, 40.6514939 ], [ -73.999808, 40.6514471 ], [ -73.9998278, 40.6514292 ], [ -73.9998517, 40.6513486 ] ] } },
{ "type": "Feature", "properties": { }, "geometry": { "type": "LineString", "coordinates": [ [ -73.9998517, 40.6513486 ], [ -73.9997582, 40.6513941 ], [ -73.999744, 40.6514087 ], [ -73.9996962, 40.6514576 ] ] } },
{ "type": "Feature", "properties": { }, "geometry": { "type": "LineString", "coordinates": [ [ -73.9944969, 40.6581476 ], [ -73.9944897, 40.6581137 ] ] } },
{ "type": "Feature", "properties": { }, "geometry": { "type": "LineString", "coordinates": [ [ -73.9945627, 40.6578708 ], [ -73.9945591, 40.6580833 ], [ -73.9945653, 40.6581083 ] ] } },
{ "type": "Feature", "properties": { }, "geometry": { "type": "LineString", "coordinates": [ [ -73.9945653, 40.6581083 ], [ -73.9945736, 40.6581416 ] ] } },
{ "type": "Feature", "properties": { }, "geometry": { "type": "LineString", "coordinates": [ [ -73.9946619, 40.658097 ], [ -73.994656, 40.6580732 ], [ -73.9945627, 40.6578708 ] ] } },
{ "type": "Feature", "properties": { }, "geometry": { "type": "LineString", "coordinates": [ [ -73.9946688, 40.658125 ], [ -73.9946619, 40.658097 ] ] } },
{ "type": "Feature", "properties": { }, "geometry": { "type": "LineString", "coordinates": [ [ -73.9947629, 40.6583679 ], [ -73.9946798, 40.6581689 ], [ -73.9946688, 40.658125 ] ] } },
{ "type": "Feature", "properties": { }, "geometry": { "type": "LineString", "coordinates": [ [ -73.9945736, 40.6581416 ], [ -73.9945869, 40.6581951 ], [ -73.9946321, 40.6582615 ], [ -73.9947629, 40.6583679 ] ] } },
{ "type": "Feature", "properties": { }, "geometry": { "type": "LineString", "coordinates": [ [ -73.9947274, 40.6579973 ], [ -73.9947934, 40.6579805 ], [ -73.9948272, 40.6579654 ], [ -73.9949118, 40.6579674 ], [ -73.9950182, 40.6579767 ], [ -73.9952228, 40.6579357 ] ] } },
{ "type": "Feature", "properties": { }, "geometry": { "type": "LineString", "coordinates": [ [ -73.9943509, 40.6579808 ], [ -73.9942074, 40.6578872 ], [ -73.9939833, 40.6577691 ], [ -73.9937115, 40.6576613 ], [ -73.9934887, 40.657591 ] ] } },
{ "type": "Feature", "properties": { }, "geometry": { "type": "LineString", "coordinates": [ [ -73.9944897, 40.6581137 ], [ -73.9944702, 40.6580713 ], [ -73.9944005, 40.6580159 ] ] } },
{ "type": "Feature", "properties": { }, "geometry": { "type": "LineString", "coordinates": [ [ -73.9956823, 40.6590581 ], [ -73.9956127, 40.6590101 ], [ -73.9955483, 40.6589657 ] ] } },
{ "type": "Feature", "properties": { }, "geometry": { "type": "LineString", "coordinates": [ [ -73.9954699, 40.659019 ], [ -73.995442, 40.6590008 ], [ -73.9952373, 40.6588765 ], [ -73.9950778, 40.6587794 ], [ -73.9948712, 40.658635 ], [ -73.9947586, 40.6585475 ], [ -73.9946553, 40.6584478 ], [ -73.9945722, 40.6583409 ], [ -73.9945051, 40.6581832 ], [ -73.9944969, 40.6581476 ] ] } },
{ "type": "Feature", "properties": { }, "geometry": { "type": "LineString", "coordinates": [ [ -73.9961184, 40.6575832 ], [ -73.9961577, 40.6576373 ] ] } },
{ "type": "Feature", "properties": { }, "geometry": { "type": "LineString", "coordinates": [ [ -73.9909459, 40.6505789 ], [ -73.9911694, 40.6506098 ], [ -73.9913431, 40.6506896 ], [ -73.9915078, 40.6507927 ], [ -73.991676, 40.6508796 ] ] } },
{ "type": "Feature", "properties": { }, "geometry": { "type": "LineString", "coordinates": [ [ -73.9915882, 40.6511055 ], [ -73.991556, 40.6511406 ], [ -73.991457, 40.6512484 ], [ -73.9913714, 40.6514348 ], [ -73.991425, 40.6514851 ], [ -73.9914425, 40.6515187 ], [ -73.9914465, 40.6515428 ], [ -73.9914375, 40.6515635 ], [ -73.9913714, 40.6516377 ], [ -73.9913453, 40.65179 ], [ -73.9913893, 40.6519529 ] ] } },
{ "type": "Feature", "properties": { }, "geometry": { "type": "LineString", "coordinates": [ [ -73.9938042, 40.6522091 ], [ -73.9937509, 40.6522601 ], [ -73.9937308, 40.6523316 ], [ -73.9937, 40.6523968 ], [ -73.9936575, 40.652447 ], [ -73.9936182, 40.6524775 ], [ -73.9935744, 40.6525009 ], [ -73.9935102, 40.652561 ] ] } },
{ "type": "Feature", "properties": { }, "geometry": { "type": "LineString", "coordinates": [ [ -73.9942068, 40.6502531 ], [ -73.9941564, 40.650291 ], [ -73.9940898, 40.6503745 ], [ -73.9940623, 40.6504509 ], [ -73.9940632, 40.6505204 ], [ -73.99409, 40.6505687 ], [ -73.9941383, 40.6506034 ], [ -73.994192, 40.6506246 ] ] } },
{ "type": "Feature", "properties": { }, "geometry": { "type": "LineString", "coordinates": [ [ -73.9901872, 40.6533409 ], [ -73.9900249, 40.6532333 ], [ -73.9898899, 40.6530902 ], [ -73.9897182, 40.6530101 ], [ -73.9895089, 40.6530395 ] ] } },
{ "type": "Feature", "properties": { }, "geometry": { "type": "LineString", "coordinates": [ [ -73.9934077, 40.6539664 ], [ -73.9931894, 40.6541756 ] ] } },
{ "type": "Feature", "properties": { }, "geometry": { "type": "LineString", "coordinates": [ [ -73.9926358, 40.6538773 ], [ -73.9924318, 40.6537036 ], [ -73.9922641, 40.6535947 ], [ -73.9921485, 40.6534817 ], [ -73.9921967, 40.6533856 ] ] } },
{ "type": "Feature", "properties": { }, "geometry": { "type": "LineString", "coordinates": [ [ -73.9909017, 40.6534909 ], [ -73.9913561, 40.6535424 ], [ -73.9913791, 40.6535422 ], [ -73.9915545, 40.653541 ], [ -73.9916029, 40.6535694 ], [ -73.9916403, 40.6536401 ], [ -73.9917476, 40.6537391 ] ] } },
{ "type": "Feature", "properties": { }, "geometry": { "type": "LineString", "coordinates": [ [ -73.9917714, 40.6532516 ], [ -73.9917217, 40.6533517 ], [ -73.9917608, 40.6534601 ], [ -73.9918317, 40.6535872 ], [ -73.9918156, 40.6536618 ], [ -73.9917476, 40.6537391 ], [ -73.9916972, 40.653811 ], [ -73.9916822, 40.6538803 ], [ -73.9917005, 40.6540014 ] ] } },
{ "type": "Feature", "properties": { }, "geometry": { "type": "LineString", "coordinates": [ [ -73.987016, 40.6565077 ], [ -73.9870609, 40.6564682 ], [ -73.9872471, 40.6563045 ] ] } },
{ "type": "Feature", "properties": { }, "geometry": { "type": "LineString", "coordinates": [ [ -73.9840676, 40.6566854 ], [ -73.9841055, 40.6566446 ], [ -73.984137, 40.6566125 ], [ -73.9841503, 40.6565985 ] ] } },
{ "type": "Feature", "properties": { }, "geometry": { "type": "LineString", "coordinates": [ [ -73.9838826, 40.656575 ], [ -73.9839342, 40.6565416 ], [ -73.9839713, 40.6565148 ], [ -73.9839874, 40.6565039 ] ] } },
{ "type": "Feature", "properties": { }, "geometry": { "type": "LineString", "coordinates": [ [ -73.9839874, 40.6565039 ], [ -73.9840069, 40.6564889 ], [ -73.9840573, 40.6565085 ] ] } },
{ "type": "Feature", "properties": { }, "geometry": { "type": "LineString", "coordinates": [ [ -73.9841718, 40.6565763 ], [ -73.9841377, 40.6565586 ] ] } },
{ "type": "Feature", "properties": { }, "geometry": { "type": "LineString", "coordinates": [ [ -73.9841503, 40.6565985 ], [ -73.9841571, 40.6565915 ], [ -73.9841718, 40.6565763 ] ] } },
{ "type": "Feature", "properties": { }, "geometry": { "type": "LineString", "coordinates": [ [ -73.9841377, 40.6565586 ], [ -73.984089, 40.6565283 ], [ -73.9840573, 40.6565085 ] ] } },
{ "type": "Feature", "properties": { }, "geometry": { "type": "LineString", "coordinates": [ [ -74.0020344, 40.6529496 ], [ -74.0020828, 40.6529008 ], [ -74.0021257, 40.6528594 ] ] } },
{ "type": "Feature", "properties": { }, "geometry": { "type": "LineString", "coordinates": [ [ -73.9996919, 40.6513774 ], [ -73.9987352, 40.6508038 ], [ -73.9979211, 40.6503091 ], [ -73.9979142, 40.6502994 ] ] } },
{ "type": "Feature", "properties": { }, "geometry": { "type": "LineString", "coordinates": [ [ -73.9890982, 40.644214 ], [ -73.9890646, 40.6442323 ], [ -73.9890529, 40.6442675 ], [ -73.9884929, 40.6446435 ], [ -73.9883433, 40.6447035 ], [ -73.9867357, 40.6453194 ], [ -73.9854317, 40.6458258 ], [ -73.9852798, 40.6458848 ], [ -73.9823418, 40.647035 ] ] } },
{ "type": "Feature", "properties": { }, "geometry": { "type": "LineString", "coordinates": [ [ -73.9823418, 40.647035 ], [ -73.9822814, 40.6470555 ], [ -73.9822467, 40.6470673 ] ] } },
{ "type": "Feature", "properties": { }, "geometry": { "type": "LineString", "coordinates": [ [ -73.9822467, 40.6470673 ], [ -73.9822233, 40.6470764 ], [ -73.9805532, 40.6477268 ], [ -73.9805168, 40.647731 ], [ -73.9804972, 40.6477399 ] ] } },
{ "type": "Feature", "properties": { }, "geometry": { "type": "LineString", "coordinates": [ [ -73.9852798, 40.6458848 ], [ -73.9852581, 40.6458603 ] ] } },
{ "type": "Feature", "properties": { }, "geometry": { "type": "LineString", "coordinates": [ [ -73.9854317, 40.6458258 ], [ -73.9854156, 40.6457999 ] ] } },
{ "type": "Feature", "properties": { }, "geometry": { "type": "LineString", "coordinates": [ [ -73.9854156, 40.6457999 ], [ -73.9853726, 40.6457345 ], [ -73.985338, 40.6456811 ] ] } },
{ "type": "Feature", "properties": { }, "geometry": { "type": "LineString", "coordinates": [ [ -73.9852581, 40.6458603 ], [ -73.9852026, 40.645804 ], [ -73.9851519, 40.6457543 ] ] } },
{ "type": "Feature", "properties": { }, "geometry": { "type": "LineString", "coordinates": [ [ -73.9883433, 40.6447035 ], [ -73.988313, 40.6446594 ] ] } },
{ "type": "Feature", "properties": { }, "geometry": { "type": "LineString", "coordinates": [ [ -73.9884929, 40.6446435 ], [ -73.9884507, 40.6445905 ] ] } },
{ "type": "Feature", "properties": { }, "geometry": { "type": "LineString", "coordinates": [ [ -73.9881878, 40.6445675 ], [ -73.9882559, 40.6446185 ], [ -73.988313, 40.6446594 ] ] } },
{ "type": "Feature", "properties": { }, "geometry": { "type": "LineString", "coordinates": [ [ -73.9884507, 40.6445905 ], [ -73.9883985, 40.6445487 ], [ -73.9883331, 40.6444964 ] ] } },
{ "type": "Feature", "properties": { }, "geometry": { "type": "LineString", "coordinates": [ [ -74.0020344, 40.6529496 ], [ -74.002018, 40.6529653 ], [ -74.0017287, 40.653254 ], [ -74.0011904, 40.6537681 ], [ -74.000646, 40.6542887 ], [ -74.0003931, 40.6545413 ], [ -74.0003456, 40.6545852 ], [ -74.0002908, 40.6546383 ], [ -73.9992663, 40.6556179 ], [ -73.9992317, 40.6556679 ], [ -73.9991863, 40.6557076 ], [ -73.9991303, 40.6557626 ], [ -73.9990864, 40.655794 ], [ -73.9980572, 40.6567811 ], [ -73.9979588, 40.6568755 ], [ -73.9968843, 40.6579059 ], [ -73.9967907, 40.6579958 ], [ -73.9962508, 40.6585135 ], [ -73.996055, 40.6587098 ], [ -73.9957431, 40.6589941 ] ] } },
{ "type": "Feature", "properties": { }, "geometry": { "type": "LineString", "coordinates": [ [ -74.002018, 40.6529653 ], [ -74.0020402, 40.6529786 ] ] } },
{ "type": "Feature", "properties": { }, "geometry": { "type": "LineString", "coordinates": [ [ -74.0004086, 40.6545504 ], [ -74.0003931, 40.6545413 ] ] } },
{ "type": "Feature", "properties": { }, "geometry": { "type": "LineString", "coordinates": [ [ -74.0003062, 40.6546478 ], [ -74.0002908, 40.6546383 ] ] } },
{ "type": "Feature", "properties": { }, "geometry": { "type": "LineString", "coordinates": [ [ -73.9991587, 40.655779 ], [ -73.9991303, 40.6557626 ] ] } },
{ "type": "Feature", "properties": { }, "geometry": { "type": "LineString", "coordinates": [ [ -73.9980903, 40.6568002 ], [ -73.9980572, 40.6567811 ] ] } },
{ "type": "Feature", "properties": { }, "geometry": { "type": "LineString", "coordinates": [ [ -73.9979921, 40.6568936 ], [ -73.9979588, 40.6568755 ] ] } },
{ "type": "Feature", "properties": { }, "geometry": { "type": "LineString", "coordinates": [ [ -73.9957575, 40.6590242 ], [ -73.9957431, 40.6589941 ] ] } },
{ "type": "Feature", "properties": { }, "geometry": { "type": "LineString", "coordinates": [ [ -73.9957431, 40.6589941 ], [ -73.9957205, 40.65902 ] ] } },
{ "type": "Feature", "properties": { }, "geometry": { "type": "LineString", "coordinates": [ [ -73.9957205, 40.65902 ], [ -73.9956823, 40.6590581 ], [ -73.9956378, 40.6591036 ] ] } },
{ "type": "Feature", "properties": { }, "geometry": { "type": "LineString", "coordinates": [ [ -73.9956378, 40.6591036 ], [ -73.9956155, 40.6591233 ] ] } },
{ "type": "Feature", "properties": { }, "geometry": { "type": "LineString", "coordinates": [ [ -73.9956155, 40.6591233 ], [ -73.9956329, 40.6591312 ] ] } },
{ "type": "Feature", "properties": { }, "geometry": { "type": "LineString", "coordinates": [ [ -73.9956329, 40.6591312 ], [ -73.9956919, 40.6591637 ], [ -73.9957729, 40.6592084 ] ] } },
{ "type": "Feature", "properties": { }, "geometry": { "type": "LineString", "coordinates": [ [ -73.9967907, 40.6579958 ], [ -73.99683, 40.6580171 ] ] } },
{ "type": "Feature", "properties": { }, "geometry": { "type": "LineString", "coordinates": [ [ -73.9968843, 40.6579059 ], [ -73.9969234, 40.6579264 ] ] } },
{ "type": "Feature", "properties": { }, "geometry": { "type": "LineString", "coordinates": [ [ -73.9956155, 40.6591233 ], [ -73.99514, 40.659579 ] ] } },
{ "type": "Feature", "properties": { }, "geometry": { "type": "LineString", "coordinates": [ [ -73.9951706, 40.6595961 ], [ -73.99514, 40.659579 ], [ -73.993073, 40.6583302 ] ] } },
{ "type": "Feature", "properties": { }, "geometry": { "type": "LineString", "coordinates": [ [ -73.993073, 40.6583302 ], [ -73.99295, 40.658255 ] ] } },
{ "type": "Feature", "properties": { }, "geometry": { "type": "LineString", "coordinates": [ [ -73.99295, 40.658255 ], [ -73.9929377, 40.6582477 ], [ -73.9923461, 40.6588045 ], [ -73.9923312, 40.6588189 ] ] } },
{ "type": "Feature", "properties": { }, "geometry": { "type": "LineString", "coordinates": [ [ -73.9923312, 40.6588189 ], [ -73.9922981, 40.6588507 ], [ -73.9922603, 40.6588849 ] ] } },
{ "type": "Feature", "properties": { }, "geometry": { "type": "LineString", "coordinates": [ [ -73.9901437, 40.6574905 ], [ -73.9903154, 40.6575917 ], [ -73.9923461, 40.6588045 ], [ -73.9923679, 40.6588176 ] ] } },
{ "type": "Feature", "properties": { }, "geometry": { "type": "LineString", "coordinates": [ [ -73.9901437, 40.6574905 ], [ -73.9895695, 40.6580377 ], [ -73.9894618, 40.6581402 ], [ -73.989396, 40.6582028 ], [ -73.9890215, 40.6585754 ], [ -73.9883981, 40.6591498 ] ] } },
{ "type": "Feature", "properties": { }, "geometry": { "type": "LineString", "coordinates": [ [ -73.9883981, 40.6591498 ], [ -73.9883865, 40.6591605 ] ] } },
{ "type": "Feature", "properties": { }, "geometry": { "type": "LineString", "coordinates": [ [ -73.9883865, 40.6591605 ], [ -73.9883373, 40.659198 ], [ -73.9882892, 40.6592388 ] ] } },
{ "type": "Feature", "properties": { }, "geometry": { "type": "LineString", "coordinates": [ [ -73.9883981, 40.6591498 ], [ -73.988427, 40.6591563 ] ] } },
{ "type": "Feature", "properties": { }, "geometry": { "type": "LineString", "coordinates": [ [ -73.9885539, 40.6592535 ], [ -73.9884816, 40.6591981 ], [ -73.988427, 40.6591563 ] ] } },
{ "type": "Feature", "properties": { }, "geometry": { "type": "LineString", "coordinates": [ [ -73.9885713, 40.659255 ], [ -73.9890497, 40.6587948 ] ] } },
{ "type": "Feature", "properties": { }, "geometry": { "type": "LineString", "coordinates": [ [ -73.9890497, 40.6587948 ], [ -73.9890638, 40.6587812 ] ] } },
{ "type": "Feature", "properties": { }, "geometry": { "type": "LineString", "coordinates": [ [ -73.9890638, 40.6587812 ], [ -73.9891039, 40.6587424 ], [ -73.9891352, 40.6587117 ] ] } },
{ "type": "Feature", "properties": { }, "geometry": { "type": "LineString", "coordinates": [ [ -73.9818598, 40.6553591 ], [ -73.981894, 40.6553204 ], [ -73.9819425, 40.6552655 ] ] } },
{ "type": "Feature", "properties": { }, "geometry": { "type": "LineString", "coordinates": [ [ -73.9819425, 40.6552655 ], [ -73.9819352, 40.655231 ], [ -73.9819077, 40.6551009 ], [ -73.9816041, 40.653499 ], [ -73.9815726, 40.6533325 ], [ -73.9814497, 40.6526998 ], [ -73.9814284, 40.6525715 ], [ -73.9812412, 40.6516149 ], [ -73.9808679, 40.6495978 ], [ -73.9808358, 40.6494261 ], [ -73.9805136, 40.6477485 ], [ -73.9805168, 40.647731 ], [ -73.980513, 40.6477124 ] ] } },
{ "type": "Feature", "properties": { }, "geometry": { "type": "LineString", "coordinates": [ [ -73.9812273, 40.6516204 ], [ -73.9812412, 40.6516149 ] ] } },
{ "type": "Feature", "properties": { }, "geometry": { "type": "LineString", "coordinates": [ [ -73.980625, 40.6496525 ], [ -73.980735, 40.6496282 ], [ -73.9808491, 40.649603 ] ] } },
{ "type": "Feature", "properties": { }, "geometry": { "type": "LineString", "coordinates": [ [ -73.9808491, 40.649603 ], [ -73.9808679, 40.6495978 ] ] } },
{ "type": "Feature", "properties": { }, "geometry": { "type": "LineString", "coordinates": [ [ -73.9808153, 40.6494296 ], [ -73.9808358, 40.6494261 ] ] } },
{ "type": "Feature", "properties": { }, "geometry": { "type": "LineString", "coordinates": [ [ -73.9891541, 40.6586934 ], [ -73.9896216, 40.6582329 ] ] } },
{ "type": "Feature", "properties": { }, "geometry": { "type": "LineString", "coordinates": [ [ -73.9891352, 40.6587117 ], [ -73.9891541, 40.6586934 ] ] } },
{ "type": "Feature", "properties": { }, "geometry": { "type": "LineString", "coordinates": [ [ -73.9896216, 40.6582329 ], [ -73.9896398, 40.6582172 ] ] } },
{ "type": "Feature", "properties": { }, "geometry": { "type": "LineString", "coordinates": [ [ -73.9896398, 40.6582172 ], [ -73.9896773, 40.6581846 ], [ -73.9897155, 40.6581515 ] ] } },
{ "type": "Feature", "properties": { }, "geometry": { "type": "LineString", "coordinates": [ [ -73.9897319, 40.6581348 ], [ -73.9902187, 40.6576748 ] ] } },
{ "type": "Feature", "properties": { }, "geometry": { "type": "LineString", "coordinates": [ [ -73.9897155, 40.6581515 ], [ -73.9897319, 40.6581348 ] ] } },
{ "type": "Feature", "properties": { }, "geometry": { "type": "LineString", "coordinates": [ [ -73.9897319, 40.6581348 ], [ -73.9897125, 40.6581178 ] ] } },
{ "type": "Feature", "properties": { }, "geometry": { "type": "LineString", "coordinates": [ [ -73.9902187, 40.6576748 ], [ -73.9922453, 40.658899 ], [ -73.9922733, 40.6589151 ] ] } },
{ "type": "Feature", "properties": { }, "geometry": { "type": "LineString", "coordinates": [ [ -73.9950422, 40.6596811 ], [ -73.9950194, 40.6596722 ], [ -73.9929993, 40.6584427 ] ] } },
{ "type": "Feature", "properties": { }, "geometry": { "type": "LineString", "coordinates": [ [ -73.9929993, 40.6584427 ], [ -73.9925138, 40.6589049 ], [ -73.9925009, 40.6589187 ] ] } },
{ "type": "Feature", "properties": { }, "geometry": { "type": "LineString", "coordinates": [ [ -73.9925009, 40.6589187 ], [ -73.9924662, 40.658952 ], [ -73.9924313, 40.6589855 ] ] } },
{ "type": "Feature", "properties": { }, "geometry": { "type": "LineString", "coordinates": [ [ -73.9942042, 40.6568744 ], [ -73.9942456, 40.6568803 ], [ -73.9942787, 40.6568689 ], [ -73.9943078, 40.6568394 ], [ -73.9943619, 40.6568027 ], [ -73.9944348, 40.6567968 ] ] } },
{ "type": "Feature", "properties": { }, "geometry": { "type": "LineString", "coordinates": [ [ -73.9950997, 40.657127 ], [ -73.9949967, 40.6571235 ], [ -73.9948615, 40.6570881 ], [ -73.9947628, 40.6570502 ], [ -73.9946626, 40.6570023 ], [ -73.9945838, 40.6569591 ], [ -73.9945119, 40.6569065 ], [ -73.9944656, 40.6568609 ], [ -73.9944348, 40.6567968 ], [ -73.9944215, 40.6567337 ], [ -73.9944096, 40.6565515 ], [ -73.9943888, 40.6564263 ], [ -73.9943624, 40.6563405 ], [ -73.9943338, 40.6562819 ], [ -73.9942978, 40.6562451 ], [ -73.9941738, 40.6561987 ] ] } },
{ "type": "Feature", "properties": { }, "geometry": { "type": "LineString", "coordinates": [ [ -73.9888077, 40.6532469 ], [ -73.9884801, 40.6531262 ], [ -73.9883223, 40.6530847 ], [ -73.9882123, 40.6530851 ], [ -73.9881419, 40.6531074 ] ] } },
{ "type": "Feature", "properties": { }, "geometry": { "type": "LineString", "coordinates": [ [ -73.988122, 40.6521899 ], [ -73.9881449, 40.6523973 ], [ -73.9881434, 40.652466 ], [ -73.9880961, 40.6525906 ], [ -73.9880796, 40.6526322 ], [ -73.9880564, 40.6526968 ], [ -73.9880133, 40.6527695 ], [ -73.9879642, 40.6528288 ], [ -73.9879035, 40.652882 ], [ -73.9878683, 40.6529125 ] ] } },
{ "type": "Feature", "properties": { }, "geometry": { "type": "LineString", "coordinates": [ [ -73.9880796, 40.6526322 ], [ -73.988318, 40.6527535 ], [ -73.9884978, 40.6528315 ], [ -73.9886274, 40.6528828 ] ] } },
{ "type": "Feature", "properties": { }, "geometry": { "type": "LineString", "coordinates": [ [ -73.9886274, 40.6528828 ], [ -73.9884801, 40.6531262 ] ] } },
{ "type": "Feature", "properties": { }, "geometry": { "type": "LineString", "coordinates": [ [ -73.9886274, 40.6528828 ], [ -73.9889786, 40.6528961 ] ] } },
{ "type": "Feature", "properties": { }, "geometry": { "type": "LineString", "coordinates": [ [ -73.9867393, 40.653489 ], [ -73.9868055, 40.653438 ], [ -73.9868542, 40.6534069 ], [ -73.9869061, 40.6533552 ], [ -73.9870419, 40.6532197 ], [ -73.987083, 40.6531785 ], [ -73.9871848, 40.6530758 ], [ -73.9872928, 40.6529734 ], [ -73.9873434, 40.6528502 ], [ -73.9874045, 40.6527542 ], [ -73.9874799, 40.6526753 ], [ -73.9875021, 40.6526399 ], [ -73.9875319, 40.652518 ], [ -73.987691, 40.6521696 ], [ -73.9877483, 40.6520669 ], [ -73.9878251, 40.6519295 ], [ -73.9878612, 40.6518459 ], [ -73.9878794, 40.6518039 ], [ -73.9879271, 40.6516935 ], [ -73.9879553, 40.6515848 ] ] } },
{ "type": "Feature", "properties": { }, "geometry": { "type": "LineString", "coordinates": [ [ -73.9968582, 40.6496435 ], [ -73.9967816, 40.6496677 ] ] } },
{ "type": "Feature", "properties": { }, "geometry": { "type": "LineString", "coordinates": [ [ -73.996198, 40.6498521 ], [ -73.9961715, 40.649836 ], [ -73.996129, 40.6498185 ], [ -73.9960954, 40.6498051 ], [ -73.9960635, 40.6497809 ], [ -73.9960086, 40.6497216 ] ] } },
{ "type": "Feature", "properties": { }, "geometry": { "type": "LineString", "coordinates": [ [ -73.9964612, 40.6513165 ], [ -73.9964189, 40.6515103 ] ] } },
{ "type": "Feature", "properties": { }, "geometry": { "type": "LineString", "coordinates": [ [ -73.9981629, 40.6510332 ], [ -73.9978579, 40.6511923 ], [ -73.9978349, 40.6512551 ], [ -73.9978066, 40.6513074 ], [ -73.9977818, 40.6513692 ], [ -73.9977677, 40.651431 ], [ -73.9977659, 40.6515048 ], [ -73.9977808, 40.6516217 ] ] } },
{ "type": "Feature", "properties": { }, "geometry": { "type": "LineString", "coordinates": [ [ -73.9979005, 40.6516982 ], [ -73.9979848, 40.6516741 ], [ -73.9980726, 40.6516724 ], [ -73.998245, 40.6517053 ] ] } },
{ "type": "Feature", "properties": { }, "geometry": { "type": "LineString", "coordinates": [ [ -73.9978463, 40.651878 ], [ -73.9977688, 40.6518827 ], [ -73.9976548, 40.6519025 ], [ -73.9975801, 40.6518915 ], [ -73.9974757, 40.6518378 ], [ -73.9973571, 40.6517827 ], [ -73.9972279, 40.6517022 ], [ -73.9971337, 40.6516462 ] ] } },
{ "type": "Feature", "properties": { }, "geometry": { "type": "LineString", "coordinates": [ [ -73.9939149, 40.6542773 ], [ -73.9937842, 40.6545289 ] ] } },
{ "type": "Feature", "properties": { }, "geometry": { "type": "LineString", "coordinates": [ [ -73.9896168, 40.6510082 ], [ -73.9897975, 40.6508462 ], [ -73.9900292, 40.6505879 ] ] } },
{ "type": "Feature", "properties": { }, "geometry": { "type": "LineString", "coordinates": [ [ -73.9900292, 40.6505879 ], [ -73.9901743, 40.6504495 ], [ -73.990307, 40.6503421 ], [ -73.990438, 40.6502978 ], [ -73.9906792, 40.6502678 ] ] } },
{ "type": "Feature", "properties": { }, "geometry": { "type": "LineString", "coordinates": [ [ -73.9919737, 40.6476126 ], [ -73.9919491, 40.6476386 ], [ -73.9918261, 40.6477271 ], [ -73.9917782, 40.6477622 ], [ -73.9916046, 40.6478895 ], [ -73.9914838, 40.6479741 ], [ -73.9910851, 40.6482626 ], [ -73.9909208, 40.6483558 ], [ -73.9908475, 40.6484062 ], [ -73.9906506, 40.6484747 ], [ -73.9903869, 40.6485937 ], [ -73.9903679, 40.6486023 ], [ -73.990049, 40.6487355 ], [ -73.9895975, 40.6489607 ], [ -73.9893796, 40.6491138 ] ] } },
{ "type": "Feature", "properties": { }, "geometry": { "type": "LineString", "coordinates": [ [ -73.9893796, 40.6491138 ], [ -73.9891879, 40.6489434 ], [ -73.9890529, 40.6488134 ] ] } },
{ "type": "Feature", "properties": { }, "geometry": { "type": "LineString", "coordinates": [ [ -73.9915707, 40.6475964 ], [ -73.9917782, 40.6477622 ] ] } },
{ "type": "Feature", "properties": { }, "geometry": { "type": "LineString", "coordinates": [ [ -73.9922627, 40.6499648 ], [ -73.9918574, 40.6502683 ] ] } },
{ "type": "Feature", "properties": { }, "geometry": { "type": "LineString", "coordinates": [ [ -73.9945735, 40.6491753 ], [ -73.9947109, 40.6491636 ], [ -73.9948508, 40.6492092 ], [ -73.9952649, 40.6494108 ], [ -73.9955521, 40.6495184 ], [ -73.9957245, 40.6495481 ], [ -73.9958358, 40.6495396 ], [ -73.9959467, 40.6495117 ], [ -73.9959975, 40.6494494 ], [ -73.996018, 40.6493695 ], [ -73.9960112, 40.6492667 ], [ -73.9959415, 40.6491701 ], [ -73.9958235, 40.6491009 ], [ -73.9957001, 40.6490195 ], [ -73.9956283, 40.6489188 ] ] } },
{ "type": "Feature", "properties": { }, "geometry": { "type": "LineString", "coordinates": [ [ -73.9945735, 40.6491753 ], [ -73.9946308, 40.6490811 ], [ -73.9946494, 40.648973 ], [ -73.9946433, 40.6488648 ], [ -73.9946449, 40.648679 ], [ -73.9946556, 40.6485638 ], [ -73.9946669, 40.6484416 ], [ -73.9946197, 40.6481058 ], [ -73.9946092, 40.647951 ], [ -73.9946442, 40.6478528 ] ] } },
{ "type": "Feature", "properties": { }, "geometry": { "type": "LineString", "coordinates": [ [ -73.9920198, 40.6592531 ], [ -73.9920864, 40.6591901 ], [ -73.9922043, 40.6590751 ] ] } },
{ "type": "Feature", "properties": { }, "geometry": { "type": "LineString", "coordinates": [ [ -73.990635, 40.660579 ], [ -73.9907135, 40.6605361 ], [ -73.9907486, 40.6605045 ], [ -73.9910801, 40.6601843 ], [ -73.9912048, 40.6600956 ], [ -73.9912631, 40.6600456 ], [ -73.9913065, 40.6599977 ], [ -73.991397, 40.6598804 ], [ -73.9915625, 40.6597229 ], [ -73.9917005, 40.6595916 ], [ -73.991782, 40.6595301 ], [ -73.9918093, 40.6595097 ], [ -73.9918481, 40.6594806 ], [ -73.9918885, 40.6594281 ], [ -73.9919767, 40.6593271 ], [ -73.9920198, 40.6592531 ] ] } },
{ "type": "Feature", "properties": { }, "geometry": { "type": "LineString", "coordinates": [ [ -73.9920198, 40.6592531 ], [ -73.9919488, 40.6592976 ], [ -73.9918183, 40.6593854 ], [ -73.9917798, 40.6594227 ], [ -73.9917409, 40.6594683 ], [ -73.9917246, 40.6594942 ], [ -73.9916604, 40.6595794 ], [ -73.9915341, 40.6597019 ], [ -73.9914077, 40.6598245 ], [ -73.9912306, 40.6599524 ], [ -73.9911815, 40.6599971 ], [ -73.9911321, 40.660052 ], [ -73.9910496, 40.6601666 ], [ -73.9907194, 40.6604815 ], [ -73.9906803, 40.6605174 ], [ -73.990635, 40.660579 ] ] } },
{ "type": "Feature", "properties": { }, "geometry": { "type": "LineString", "coordinates": [ [ -73.9911815, 40.6599971 ], [ -73.9911344, 40.6599687 ], [ -73.9908671, 40.6598073 ], [ -73.9891462, 40.6587679 ], [ -73.9891039, 40.6587424 ], [ -73.9890152, 40.6586889 ] ] } },
{ "type": "Feature", "properties": { }, "geometry": { "type": "LineString", "coordinates": [ [ -73.9890497, 40.6587948 ], [ -73.9910814, 40.6600192 ] ] } },
{ "type": "Feature", "properties": { }, "geometry": { "type": "LineString", "coordinates": [ [ -73.9911843, 40.6599205 ], [ -73.9909181, 40.6597596 ], [ -73.9891541, 40.6586934 ] ] } },
{ "type": "Feature", "properties": { }, "geometry": { "type": "LineString", "coordinates": [ [ -73.9917915, 40.6593701 ], [ -73.991769, 40.6593567 ], [ -73.9917452, 40.6593776 ] ] } },
{ "type": "Feature", "properties": { }, "geometry": { "type": "LineString", "coordinates": [ [ -73.9916645, 40.6594573 ], [ -73.9896216, 40.6582329 ], [ -73.9896009, 40.6582209 ] ] } },
{ "type": "Feature", "properties": { }, "geometry": { "type": "LineString", "coordinates": [ [ -73.9897319, 40.6581348 ], [ -73.989748, 40.6581477 ], [ -73.991769, 40.6593567 ] ] } },
{ "type": "Feature", "properties": { }, "geometry": { "type": "LineString", "coordinates": [ [ -73.991769, 40.6593567 ], [ -73.9922453, 40.658899 ], [ -73.9922603, 40.6588849 ] ] } },
{ "type": "Feature", "properties": { }, "geometry": { "type": "LineString", "coordinates": [ [ -73.9919165, 40.6594778 ], [ -73.9919365, 40.6594568 ], [ -73.9924151, 40.6589999 ], [ -73.9924313, 40.6589855 ] ] } },
{ "type": "Feature", "properties": { }, "geometry": { "type": "LineString", "coordinates": [ [ -73.9945708, 40.6601404 ], [ -73.9945455, 40.6601297 ], [ -73.9925138, 40.6589049 ], [ -73.9924952, 40.6588937 ] ] } },
{ "type": "Feature", "properties": { }, "geometry": { "type": "LineString", "coordinates": [ [ -73.9944642, 40.6602452 ], [ -73.9944421, 40.6602253 ], [ -73.9924151, 40.6589999 ], [ -73.992395, 40.6589887 ] ] } },
{ "type": "Feature", "properties": { }, "geometry": { "type": "LineString", "coordinates": [ [ -73.9923679, 40.6588176 ], [ -73.9924276, 40.6588533 ], [ -73.9924952, 40.6588937 ] ] } },
{ "type": "Feature", "properties": { }, "geometry": { "type": "LineString", "coordinates": [ [ -73.992395, 40.6589887 ], [ -73.9923647, 40.6589697 ], [ -73.9923406, 40.6589554 ] ] } },
{ "type": "Feature", "properties": { }, "geometry": { "type": "LineString", "coordinates": [ [ -73.9922043, 40.6590751 ], [ -73.9923334, 40.6589832 ], [ -73.9923647, 40.6589697 ], [ -73.9924321, 40.6589048 ], [ -73.9924296, 40.6588854 ], [ -73.9924175, 40.6588631 ] ] } },
{ "type": "Feature", "properties": { }, "geometry": { "type": "LineString", "coordinates": [ [ -73.9924175, 40.6588631 ], [ -73.9923888, 40.6588598 ], [ -73.9923608, 40.6588618 ], [ -73.9922932, 40.658927 ], [ -73.9922796, 40.6589549 ], [ -73.9922043, 40.6590751 ] ] } },
{ "type": "Feature", "properties": { }, "geometry": { "type": "LineString", "coordinates": [ [ -73.9822814, 40.6470555 ], [ -73.9822217, 40.6469658 ] ] } },
{ "type": "Feature", "properties": { }, "geometry": { "type": "LineString", "coordinates": [ [ -73.984089, 40.6565283 ], [ -73.9840538, 40.6565624 ] ] } },
{ "type": "Feature", "properties": { }, "geometry": { "type": "LineString", "coordinates": [ [ -73.995752, 40.6591058 ], [ -73.9956823, 40.6590581 ] ] } },
{ "type": "Feature", "properties": { }, "geometry": { "type": "LineString", "coordinates": [ [ -73.9988019, 40.6520972 ], [ -73.9986317, 40.6520492 ], [ -73.9984329, 40.6519992 ], [ -73.9983144, 40.6519863 ] ] } },
{ "type": "Feature", "properties": { }, "geometry": { "type": "LineString", "coordinates": [ [ -73.9987187, 40.6547274 ], [ -73.9988874, 40.654625 ], [ -73.9990928, 40.6545002 ] ] } },
{ "type": "Feature", "properties": { }, "geometry": { "type": "LineString", "coordinates": [ [ -73.9841446, 40.6564745 ], [ -73.9841145, 40.6565034 ], [ -73.984089, 40.6565283 ] ] } },
{ "type": "Feature", "properties": { }, "geometry": { "type": "LineString", "coordinates": [ [ -73.9823044, 40.6470871 ], [ -73.9822814, 40.6470555 ] ] } },
{ "type": "Feature", "properties": { }, "geometry": { "type": "LineString", "coordinates": [ [ -73.989637, 40.657042 ], [ -73.9896256, 40.6570665 ], [ -73.9896258, 40.6570926 ], [ -73.9896377, 40.657117 ], [ -73.9896599, 40.6571369 ], [ -73.9896855, 40.6571487 ], [ -73.9897147, 40.6571541 ], [ -73.9897446, 40.6571527 ], [ -73.9897727, 40.6571446 ], [ -73.9897963, 40.6571306 ], [ -73.9898132, 40.6571118 ], [ -73.9898221, 40.65709 ], [ -73.9898211, 40.657064 ], [ -73.9898086, 40.6570397 ], [ -73.9897859, 40.6570202 ], [ -73.9897559, 40.6570076 ], [ -73.989722, 40.6570035 ], [ -73.9896882, 40.6570085 ], [ -73.9896588, 40.6570218 ], [ -73.989637, 40.657042 ] ] } },
{ "type": "Feature", "properties": { }, "geometry": { "type": "LineString", "coordinates": [ [ -73.9899071, 40.6571109 ], [ -73.9898601, 40.6570981 ], [ -73.9898221, 40.65709 ] ] } },
{ "type": "Feature", "properties": { }, "geometry": { "type": "LineString", "coordinates": [ [ -73.994159, 40.6562228 ], [ -73.9940702, 40.6561932 ], [ -73.9940089, 40.6561707 ], [ -73.9939535, 40.6561483 ], [ -73.9939199, 40.6561273 ], [ -73.9938883, 40.6561003 ], [ -73.9938586, 40.6560613 ], [ -73.9938329, 40.6560298 ], [ -73.9938129, 40.656 ], [ -73.9937817, 40.6559716 ], [ -73.9937444, 40.6559441 ], [ -73.9937075, 40.655923 ], [ -73.9936576, 40.655899 ], [ -73.9936014, 40.6558811 ], [ -73.9935645, 40.6558778 ], [ -73.9935205, 40.6558843 ], [ -73.9934671, 40.6558903 ], [ -73.9934197, 40.6558843 ], [ -73.9933683, 40.6558798 ], [ -73.993305, 40.6558723 ], [ -73.9932649, 40.6558653 ], [ -73.9932296, 40.6558557 ] ] } },
{ "type": "Feature", "properties": { }, "geometry": { "type": "LineString", "coordinates": [ [ -73.9942333, 40.6536309 ], [ -73.9941794, 40.6536451 ] ] } },
{ "type": "Feature", "properties": { }, "geometry": { "type": "LineString", "coordinates": [ [ -73.997512, 40.6506587 ], [ -73.9974613, 40.6507181 ], [ -73.997501, 40.6507892 ], [ -73.9974965, 40.6508484 ], [ -73.9974965, 40.650938 ], [ -73.9974502, 40.6509886 ], [ -73.9973587, 40.6510603 ], [ -73.9972352, 40.6511048 ], [ -73.9970863, 40.6511169 ] ] } },
{ "type": "Feature", "properties": { }, "geometry": { "type": "LineString", "coordinates": [ [ -73.9972693, 40.6503318 ], [ -73.9964126, 40.6505996 ], [ -73.9959962, 40.6507327 ] ] } },
{ "type": "Feature", "properties": { }, "geometry": { "type": "LineString", "coordinates": [ [ -73.9956283, 40.6489188 ], [ -73.9956733, 40.6487346 ], [ -73.9957269, 40.6485881 ], [ -73.9957627, 40.6485263 ] ] } },
{ "type": "Feature", "properties": { }, "geometry": { "type": "LineString", "coordinates": [ [ -74.0010722, 40.6536792 ], [ -74.0011638, 40.6537349 ] ] } },
{ "type": "Feature", "properties": { }, "geometry": { "type": "LineString", "coordinates": [ [ -73.9973895, 40.6505181 ], [ -73.9973208, 40.6503243 ], [ -73.9972743, 40.6502321 ], [ -73.9972523, 40.6501865 ], [ -73.9971787, 40.6500346 ], [ -73.9968582, 40.6496435 ], [ -73.9967762, 40.6495217 ], [ -73.9967295, 40.6493971 ], [ -73.9967246, 40.6493138 ], [ -73.9967084, 40.649039 ], [ -73.9966837, 40.6489696 ], [ -73.9966288, 40.6489068 ], [ -73.9965169, 40.648864 ], [ -73.996287, 40.6488527 ] ] } },
{ "type": "Feature", "properties": { }, "geometry": { "type": "LineString", "coordinates": [ [ -73.9974596, 40.6502016 ], [ -73.9972743, 40.6502321 ] ] } },
{ "type": "Feature", "properties": { }, "geometry": { "type": "LineString", "coordinates": [ [ -73.9935152, 40.6540184 ], [ -73.9935959, 40.6540303 ], [ -73.9936658, 40.6540274 ], [ -73.9937271, 40.6540113 ], [ -73.9937854, 40.6539859 ], [ -73.9938289, 40.6539649 ], [ -73.9939001, 40.6539214 ], [ -73.9939416, 40.6538899 ], [ -73.993989, 40.6538434 ], [ -73.9940503, 40.6537264 ], [ -73.9940701, 40.6536934 ], [ -73.9940978, 40.6536776 ], [ -73.9941402, 40.6536628 ], [ -73.9941794, 40.6536451 ] ] } },
{ "type": "Feature", "properties": { }, "geometry": { "type": "LineString", "coordinates": [ [ -73.9944724, 40.655766 ], [ -73.9944298, 40.6557445 ] ] } },
{ "type": "Feature", "properties": { }, "geometry": { "type": "LineString", "coordinates": [ [ -74.0001885, 40.6532682 ], [ -74.000266, 40.6534064 ], [ -74.000302, 40.6535066 ], [ -74.0003188, 40.6535959 ], [ -74.0003284, 40.6536381 ], [ -74.0003487, 40.6537269 ] ] } },
{ "type": "Feature", "properties": { }, "geometry": { "type": "LineString", "coordinates": [ [ -73.9950611, 40.655037 ], [ -73.9950097, 40.6548496 ] ] } },
{ "type": "Feature", "properties": { }, "geometry": { "type": "LineString", "coordinates": [ [ -73.9934354, 40.6534894 ], [ -73.993471, 40.6534744 ], [ -73.9935185, 40.6534519 ], [ -73.9935778, 40.6534369 ], [ -73.9936452, 40.6534306 ], [ -73.9937162, 40.6534207 ], [ -73.9937785, 40.6534248 ], [ -73.9938299, 40.6534261 ], [ -73.9938769, 40.6534336 ], [ -73.9939455, 40.6534561 ], [ -73.9939818, 40.6534684 ], [ -73.9940075, 40.6534774 ], [ -73.9940464, 40.6534679 ], [ -73.9941253, 40.653452 ], [ -73.9942229, 40.6534126 ] ] } },
{ "type": "Feature", "properties": { }, "geometry": { "type": "LineString", "coordinates": [ [ -73.9982101, 40.6510084 ], [ -73.9981629, 40.6510332 ] ] } },
{ "type": "Feature", "properties": { }, "geometry": { "type": "LineString", "coordinates": [ [ -73.9948055, 40.6553629 ], [ -73.9946387, 40.6553243 ] ] } },
{ "type": "Feature", "properties": { }, "geometry": { "type": "LineString", "coordinates": [ [ -73.9944016, 40.654359 ], [ -73.9946161, 40.6542293 ], [ -73.9946601, 40.6542205 ], [ -73.9946884, 40.6542166 ], [ -73.9949833, 40.6539593 ] ] } },
{ "type": "Feature", "properties": { }, "geometry": { "type": "LineString", "coordinates": [ [ -73.9967816, 40.6496677 ], [ -73.996198, 40.6498521 ] ] } },
{ "type": "Feature", "properties": { }, "geometry": { "type": "LineString", "coordinates": [ [ -73.9938002, 40.6532576 ], [ -73.9937785, 40.6534248 ] ] } },
{ "type": "Feature", "properties": { }, "geometry": { "type": "LineString", "coordinates": [ [ -73.994588, 40.660228 ], [ -73.9944974, 40.6601735 ], [ -73.9925213, 40.6589852 ], [ -73.9924662, 40.658952 ], [ -73.9924598, 40.6589215 ], [ -73.9924432, 40.6588893 ], [ -73.9924175, 40.6588631 ] ] } },
{ "type": "Feature", "properties": { }, "geometry": { "type": "LineString", "coordinates": [ [ -73.9924175, 40.6588631 ], [ -73.9923713, 40.6588484 ], [ -73.9923369, 40.6588474 ], [ -73.9922981, 40.6588507 ], [ -73.9910356, 40.6580932 ], [ -73.9902708, 40.6576343 ], [ -73.9901867, 40.6575837 ] ] } },
{ "type": "Feature", "properties": { }, "geometry": { "type": "LineString", "coordinates": [ [ -73.9952514, 40.6511493 ], [ -73.9950725, 40.6511308 ], [ -73.9946875, 40.6511715 ], [ -73.9944237, 40.6511687 ] ] } },
{ "type": "Feature", "properties": { }, "geometry": { "type": "LineString", "coordinates": [ [ -73.9947038, 40.6549214 ], [ -73.9947954, 40.6548097 ] ] } },
{ "type": "Feature", "properties": { }, "geometry": { "type": "LineString", "coordinates": [ [ -73.9875021, 40.6526399 ], [ -73.9876639, 40.652605 ], [ -73.9876689, 40.6525898 ], [ -73.9876887, 40.6525855 ], [ -73.9877035, 40.6525963 ], [ -73.9876985, 40.6526115 ], [ -73.9876788, 40.6526158 ], [ -73.9876639, 40.652605 ] ] } },
{ "type": "Feature", "properties": { }, "geometry": { "type": "LineString", "coordinates": [ [ -73.9946101, 40.6578498 ], [ -73.994582, 40.6576954 ] ] } },
{ "type": "Feature", "properties": { }, "geometry": { "type": "LineString", "coordinates": [ [ -73.9945969, 40.6576218 ], [ -73.9946006, 40.6576291 ], [ -73.9946012, 40.6576369 ], [ -73.9945985, 40.6576445 ], [ -73.994593, 40.657651 ], [ -73.994585, 40.6576559 ], [ -73.9945754, 40.6576588 ], [ -73.994564, 40.6576591 ], [ -73.9945531, 40.6576564 ], [ -73.9945441, 40.6576511 ], [ -73.994538, 40.6576438 ], [ -73.9945356, 40.6576353 ], [ -73.9945372, 40.6576268 ], [ -73.9945425, 40.6576191 ], [ -73.9945509, 40.6576133 ], [ -73.9945615, 40.65761 ], [ -73.9945718, 40.6576096 ], [ -73.9945817, 40.6576116 ], [ -73.9945904, 40.6576158 ], [ -73.9945969, 40.6576218 ] ] } },
{ "type": "Feature", "properties": { }, "geometry": { "type": "LineString", "coordinates": [ [ -73.9869173, 40.651787 ], [ -73.9868074, 40.6517144 ], [ -73.9867025, 40.6516567 ], [ -73.9866261, 40.6516271 ], [ -73.9864763, 40.6515497 ], [ -73.9863822, 40.6515004 ], [ -73.9863201, 40.6514602 ], [ -73.9863017, 40.6514176 ] ] } },
{ "type": "Feature", "properties": { }, "geometry": { "type": "LineString", "coordinates": [ [ -73.9863822, 40.6515004 ], [ -73.9862916, 40.6515886 ], [ -73.9861748, 40.6516499 ], [ -73.9860765, 40.6517031 ], [ -73.9859475, 40.6517484 ], [ -73.9857816, 40.6517893 ], [ -73.9857715, 40.6517912 ], [ -73.9856301, 40.6518185 ], [ -73.9855402, 40.6518266 ], [ -73.9855075, 40.6517049 ] ] } },
{ "type": "Feature", "properties": { }, "geometry": { "type": "LineString", "coordinates": [ [ -73.9845637, 40.6523117 ], [ -73.9846413, 40.6522738 ], [ -73.9847472, 40.6522221 ], [ -73.9855402, 40.6518266 ] ] } },
{ "type": "Feature", "properties": { }, "geometry": { "type": "LineString", "coordinates": [ [ -73.9841296, 40.6528011 ], [ -73.9842972, 40.6527573 ], [ -73.9847811, 40.6525331 ] ] } },
{ "type": "Feature", "properties": { }, "geometry": { "type": "LineString", "coordinates": [ [ -73.9840538, 40.6565624 ], [ -73.9840221, 40.6565942 ] ] } },
{ "type": "Feature", "properties": { }, "geometry": { "type": "LineString", "coordinates": [ [ -73.9816917, 40.6551176 ], [ -73.9817694, 40.6551556 ], [ -73.9819103, 40.6552246 ] ] } },
{ "type": "Feature", "properties": { }, "geometry": { "type": "LineString", "coordinates": [ [ -73.9902187, 40.6576748 ], [ -73.9902355, 40.6576647 ] ] } },
{ "type": "Feature", "properties": { }, "geometry": { "type": "LineString", "coordinates": [ [ -73.9903154, 40.6575917 ], [ -73.9903049, 40.6576015 ] ] } },
{ "type": "Feature", "properties": { }, "geometry": { "type": "LineString", "coordinates": [ [ -73.9903049, 40.6576015 ], [ -73.9902708, 40.6576343 ], [ -73.9902355, 40.6576647 ] ] } },
{ "type": "Feature", "properties": { }, "geometry": { "type": "LineString", "coordinates": [ [ -73.981881, 40.6551004 ], [ -73.9819077, 40.6551009 ] ] } },
{ "type": "Feature", "properties": { }, "geometry": { "type": "LineString", "coordinates": [ [ -73.9819352, 40.655231 ], [ -73.9819103, 40.6552246 ] ] } },
{ "type": "Feature", "properties": { }, "geometry": { "type": "LineString", "coordinates": [ [ -73.9815883, 40.653501 ], [ -73.9814751, 40.6535231 ], [ -73.9813651, 40.6535446 ] ] } },
{ "type": "Feature", "properties": { }, "geometry": { "type": "LineString", "coordinates": [ [ -73.9816041, 40.653499 ], [ -73.9815883, 40.653501 ] ] } },
{ "type": "Feature", "properties": { }, "geometry": { "type": "LineString", "coordinates": [ [ -73.9815726, 40.6533325 ], [ -73.9815572, 40.6533347 ] ] } },
{ "type": "Feature", "properties": { }, "geometry": { "type": "LineString", "coordinates": [ [ -73.9815572, 40.6533347 ], [ -73.9814429, 40.6533537 ], [ -73.9813376, 40.6533713 ] ] } },
{ "type": "Feature", "properties": { }, "geometry": { "type": "LineString", "coordinates": [ [ -73.9898704, 40.6546068 ], [ -73.9895202, 40.6551208 ] ] } },
{ "type": "Feature", "properties": { }, "geometry": { "type": "LineString", "coordinates": [ [ -73.9814075, 40.652575 ], [ -73.9814284, 40.6525715 ] ] } },
{ "type": "Feature", "properties": { }, "geometry": { "type": "LineString", "coordinates": [ [ -73.9814497, 40.6526998 ], [ -73.9814289, 40.6527033 ] ] } },
{ "type": "Feature", "properties": { }, "geometry": { "type": "LineString", "coordinates": [ [ -73.989591, 40.6580502 ], [ -73.9895695, 40.6580377 ] ] } },
{ "type": "Feature", "properties": { }, "geometry": { "type": "LineString", "coordinates": [ [ -73.9897125, 40.6581178 ], [ -73.9896487, 40.6580823 ], [ -73.989591, 40.6580502 ] ] } },
{ "type": "Feature", "properties": { }, "geometry": { "type": "LineString", "coordinates": [ [ -73.991841, 40.6593997 ], [ -73.9918183, 40.6593854 ], [ -73.9917915, 40.6593701 ] ] } },
{ "type": "Feature", "properties": { }, "geometry": { "type": "LineString", "coordinates": [ [ -73.9923172, 40.6589413 ], [ -73.9922932, 40.658927 ], [ -73.9922733, 40.6589151 ] ] } },
{ "type": "Feature", "properties": { }, "geometry": { "type": "LineString", "coordinates": [ [ -73.9923406, 40.6589554 ], [ -73.9923172, 40.6589413 ] ] } },
{ "type": "Feature", "properties": { }, "geometry": { "type": "LineString", "coordinates": [ [ -73.9976621, 40.6536774 ], [ -73.9975727, 40.6536897 ] ] } },
{ "type": "Feature", "properties": { }, "geometry": { "type": "LineString", "coordinates": [ [ -73.9977105, 40.6540586 ], [ -73.9977962, 40.6540266 ] ] } },
{ "type": "Feature", "properties": { }, "geometry": { "type": "LineString", "coordinates": [ [ -73.9976866, 40.6540098 ], [ -73.9977673, 40.6539878 ] ] } },
{ "type": "Feature", "properties": { }, "geometry": { "type": "LineString", "coordinates": [ [ -73.9976633, 40.6539723 ], [ -73.9977412, 40.6539527 ] ] } },
{ "type": "Feature", "properties": { }, "geometry": { "type": "LineString", "coordinates": [ [ -73.9977182, 40.6538966 ], [ -73.9976442, 40.6539119 ] ] } },
{ "type": "Feature", "properties": { }, "geometry": { "type": "LineString", "coordinates": [ [ -73.9977011, 40.6538382 ], [ -73.9976102, 40.6538539 ] ] } },
{ "type": "Feature", "properties": { }, "geometry": { "type": "LineString", "coordinates": [ [ -73.9976427, 40.6534472 ], [ -73.9975138, 40.6534412 ] ] } },
{ "type": "Feature", "properties": { }, "geometry": { "type": "LineString", "coordinates": [ [ -73.9976767, 40.653291 ], [ -73.9975426, 40.6532674 ] ] } },
{ "type": "Feature", "properties": { }, "geometry": { "type": "LineString", "coordinates": [ [ -73.9976807, 40.6537686 ], [ -73.9975922, 40.6537792 ] ] } },
{ "type": "Feature", "properties": { }, "geometry": { "type": "LineString", "coordinates": [ [ -73.9969724, 40.6537699 ], [ -73.9969387, 40.653793 ] ] } },
{ "type": "Feature", "properties": { }, "geometry": { "type": "LineString", "coordinates": [ [ -73.9967285, 40.6536618 ], [ -73.9968078, 40.653633 ] ] } },
{ "type": "Feature", "properties": { }, "geometry": { "type": "LineString", "coordinates": [ [ -73.9970104, 40.6532863 ], [ -73.996991, 40.6532559 ], [ -73.9969689, 40.6532324 ] ] } },
{ "type": "Feature", "properties": { }, "geometry": { "type": "LineString", "coordinates": [ [ -73.9972286, 40.6531141 ], [ -73.9971962, 40.6531088 ] ] } },
{ "type": "Feature", "properties": { }, "geometry": { "type": "LineString", "coordinates": [ [ -73.9970978, 40.6532159 ], [ -73.9970806, 40.6531995 ] ] } },
{ "type": "Feature", "properties": { }, "geometry": { "type": "LineString", "coordinates": [ [ -73.9974374, 40.6523089 ], [ -73.9974338, 40.6522755 ] ] } },
{ "type": "Feature", "properties": { }, "geometry": { "type": "LineString", "coordinates": [ [ -73.9975201, 40.6522817 ], [ -73.997502, 40.652252 ] ] } },
{ "type": "Feature", "properties": { }, "geometry": { "type": "LineString", "coordinates": [ [ -73.9976728, 40.6522051 ], [ -73.9976439, 40.6521831 ] ] } },
{ "type": "Feature", "properties": { }, "geometry": { "type": "LineString", "coordinates": [ [ -73.9944317, 40.6492061 ], [ -73.9943637, 40.6490961 ] ] } },
{ "type": "Feature", "properties": { }, "geometry": { "type": "LineString", "coordinates": [ [ -73.9821756, 40.6530977 ], [ -73.982168, 40.6532317 ] ] } },
{ "type": "Feature", "properties": { }, "geometry": { "type": "LineString", "coordinates": [ [ -73.9823938, 40.6472138 ], [ -73.9825295, 40.6471615 ], [ -73.9825494, 40.6471813 ] ] } },
{ "type": "Feature", "properties": { }, "geometry": { "type": "LineString", "coordinates": [ [ -73.9826225, 40.647284 ], [ -73.9826298, 40.6473794 ], [ -73.982649, 40.6474663 ] ] } },
{ "type": "Feature", "properties": { }, "geometry": { "type": "LineString", "coordinates": [ [ -73.9889728, 40.6452823 ], [ -73.988942, 40.6453397 ] ] } },
{ "type": "Feature", "properties": { }, "geometry": { "type": "LineString", "coordinates": [ [ -73.9858692, 40.6458811 ], [ -73.986005, 40.6458492 ] ] } },
{ "type": "Feature", "properties": { }, "geometry": { "type": "LineString", "coordinates": [ [ -73.9857882, 40.6459124 ], [ -73.9858019, 40.6458318 ] ] } },
{ "type": "Feature", "properties": { }, "geometry": { "type": "LineString", "coordinates": [ [ -73.9850562, 40.6461026 ], [ -73.9850904, 40.6461442 ] ] } },
{ "type": "Feature", "properties": { }, "geometry": { "type": "LineString", "coordinates": [ [ -73.9814008, 40.6503575 ], [ -73.9813017, 40.6502425 ] ] } },
{ "type": "Feature", "properties": { }, "geometry": { "type": "LineString", "coordinates": [ [ -73.9824021, 40.6541307 ], [ -73.982334, 40.6541542 ] ] } },
{ "type": "Feature", "properties": { }, "geometry": { "type": "LineString", "coordinates": [ [ -73.9825282, 40.6543292 ], [ -73.9824583, 40.6543586 ] ] } },
{ "type": "Feature", "properties": { }, "geometry": { "type": "LineString", "coordinates": [ [ -73.9886543, 40.6584649 ], [ -73.9886052, 40.6584233 ] ] } },
{ "type": "Feature", "properties": { }, "geometry": { "type": "LineString", "coordinates": [ [ -73.9888044, 40.6583592 ], [ -73.9887659, 40.6583369 ] ] } },
{ "type": "Feature", "properties": { }, "geometry": { "type": "LineString", "coordinates": [ [ -73.9873479, 40.6563563 ], [ -73.9872941, 40.6563743 ] ] } },
{ "type": "Feature", "properties": { }, "geometry": { "type": "LineString", "coordinates": [ [ -73.98732, 40.6561942 ], [ -73.9872517, 40.6561958 ] ] } },
{ "type": "Feature", "properties": { }, "geometry": { "type": "LineString", "coordinates": [ [ -73.9873479, 40.6560391 ], [ -73.9872827, 40.6560332 ] ] } },
{ "type": "Feature", "properties": { }, "geometry": { "type": "LineString", "coordinates": [ [ -73.9871718, 40.655683 ], [ -73.9871618, 40.6556497 ] ] } },
{ "type": "Feature", "properties": { }, "geometry": { "type": "LineString", "coordinates": [ [ -73.9873416, 40.6545346 ], [ -73.9873569, 40.6545808 ] ] } },
{ "type": "Feature", "properties": { }, "geometry": { "type": "LineString", "coordinates": [ [ -73.9914146, 40.648595 ], [ -73.9913782, 40.6486346 ] ] } },
{ "type": "Feature", "properties": { }, "geometry": { "type": "LineString", "coordinates": [ [ -73.9913462, 40.6485681 ], [ -73.9913199, 40.6486107 ] ] } },
{ "type": "Feature", "properties": { }, "geometry": { "type": "LineString", "coordinates": [ [ -73.991274, 40.6485409 ], [ -73.9912454, 40.6485803 ] ] } },
{ "type": "Feature", "properties": { }, "geometry": { "type": "LineString", "coordinates": [ [ -73.9912672, 40.6486244 ], [ -73.9912869, 40.6485973 ] ] } },
{ "type": "Feature", "properties": { }, "geometry": { "type": "LineString", "coordinates": [ [ -73.9915352, 40.6487333 ], [ -73.991504, 40.6487594 ] ] } },
{ "type": "Feature", "properties": { }, "geometry": { "type": "LineString", "coordinates": [ [ -73.9917483, 40.6489137 ], [ -73.9918268, 40.6488571 ] ] } },
{ "type": "Feature", "properties": { }, "geometry": { "type": "LineString", "coordinates": [ [ -73.9918268, 40.6488571 ], [ -73.9918423, 40.6488289 ] ] } },
{ "type": "Feature", "properties": { }, "geometry": { "type": "LineString", "coordinates": [ [ -73.9918423, 40.6488289 ], [ -73.9918645, 40.6487679 ] ] } },
{ "type": "Feature", "properties": { }, "geometry": { "type": "LineString", "coordinates": [ [ -73.9918261, 40.6477271 ], [ -73.9921214, 40.6479953 ], [ -73.992379, 40.6481163 ] ] } },
{ "type": "Feature", "properties": { }, "geometry": { "type": "LineString", "coordinates": [ [ -73.9933607, 40.6481075 ], [ -73.9934456, 40.6481525 ] ] } },
{ "type": "Feature", "properties": { }, "geometry": { "type": "LineString", "coordinates": [ [ -73.9935038, 40.6479339 ], [ -73.9935776, 40.647968 ] ] } },
{ "type": "Feature", "properties": { }, "geometry": { "type": "LineString", "coordinates": [ [ -73.9972126, 40.6501981 ], [ -73.9972523, 40.6501865 ] ] } },
{ "type": "Feature", "properties": { }, "geometry": { "type": "LineString", "coordinates": [ [ -73.9980044, 40.6508804 ], [ -73.9980431, 40.6508576 ] ] } },
{ "type": "Feature", "properties": { }, "geometry": { "type": "LineString", "coordinates": [ [ -73.9987332, 40.6522763 ], [ -73.9987485, 40.6523733 ], [ -73.9987949, 40.6524751 ], [ -73.998836, 40.6525146 ], [ -73.9988627, 40.6525402 ], [ -73.9990168, 40.6526926 ], [ -73.9992171, 40.6529202 ] ] } },
{ "type": "Feature", "properties": { }, "geometry": { "type": "LineString", "coordinates": [ [ -73.9994732, 40.6526824 ], [ -73.99943, 40.6527106 ] ] } },
{ "type": "Feature", "properties": { }, "geometry": { "type": "LineString", "coordinates": [ [ -74.0003284, 40.6536381 ], [ -74.0002425, 40.6536098 ] ] } },
{ "type": "Feature", "properties": { }, "geometry": { "type": "LineString", "coordinates": [ [ -74.0002933, 40.6537682 ], [ -74.0002322, 40.6537363 ] ] } },
{ "type": "Feature", "properties": { }, "geometry": { "type": "LineString", "coordinates": [ [ -74.0002073, 40.6538325 ], [ -74.0001635, 40.6538087 ] ] } },
{ "type": "Feature", "properties": { }, "geometry": { "type": "LineString", "coordinates": [ [ -74.0001499, 40.6538753 ], [ -74.000117, 40.6538496 ] ] } },
{ "type": "Feature", "properties": { }, "geometry": { "type": "LineString", "coordinates": [ [ -73.9999474, 40.6540263 ], [ -73.9999096, 40.6539927 ] ] } },
{ "type": "Feature", "properties": { }, "geometry": { "type": "LineString", "coordinates": [ [ -73.9971439, 40.6523341 ], [ -73.9971439, 40.6522992 ] ] } },
{ "type": "Feature", "properties": { }, "geometry": { "type": "LineString", "coordinates": [ [ -73.9973685, 40.6523199 ], [ -73.9973454, 40.6522691 ] ] } },
{ "type": "Feature", "properties": { }, "geometry": { "type": "LineString", "coordinates": [ [ -73.9945177, 40.6508902 ], [ -73.9944629, 40.6508791 ] ] } },
{ "type": "Feature", "properties": { }, "geometry": { "type": "LineString", "coordinates": [ [ -73.9944744, 40.6510366 ], [ -73.9943942, 40.6510333 ] ] } },
{ "type": "Feature", "properties": { }, "geometry": { "type": "LineString", "coordinates": [ [ -73.9929395, 40.6514434 ], [ -73.9928733, 40.6514053 ] ] } },
{ "type": "Feature", "properties": { }, "geometry": { "type": "LineString", "coordinates": [ [ -73.9933055, 40.6525061 ], [ -73.9931534, 40.6524058 ] ] } },
{ "type": "Feature", "properties": { }, "geometry": { "type": "LineString", "coordinates": [ [ -73.9913791, 40.6535422 ], [ -73.9913401, 40.6533284 ], [ -73.9913717, 40.6533019 ] ] } },
{ "type": "Feature", "properties": { }, "geometry": { "type": "LineString", "coordinates": [ [ -73.9913717, 40.6533019 ], [ -73.9915959, 40.6531414 ], [ -73.9917444, 40.6532158 ], [ -73.9917714, 40.6532516 ] ] } },
{ "type": "Feature", "properties": { }, "geometry": { "type": "LineString", "coordinates": [ [ -73.9929493, 40.6524237 ], [ -73.9929486, 40.6524655 ] ] } },
{ "type": "Feature", "properties": { }, "geometry": { "type": "LineString", "coordinates": [ [ -73.9905634, 40.6558411 ], [ -73.9905103, 40.6558095 ] ] } },
{ "type": "Feature", "properties": { }, "geometry": { "type": "LineString", "coordinates": [ [ -73.9906131, 40.6558007 ], [ -73.9905599, 40.6557634 ] ] } },
{ "type": "Feature", "properties": { }, "geometry": { "type": "LineString", "coordinates": [ [ -73.9904399, 40.6559605 ], [ -73.9903888, 40.6559402 ] ] } },
{ "type": "Feature", "properties": { }, "geometry": { "type": "LineString", "coordinates": [ [ -73.9905076, 40.6558976 ], [ -73.9904552, 40.6558646 ] ] } },
{ "type": "Feature", "properties": { }, "geometry": { "type": "LineString", "coordinates": [ [ -73.9902001, 40.6561027 ], [ -73.9901848, 40.6560442 ] ] } },
{ "type": "Feature", "properties": { }, "geometry": { "type": "LineString", "coordinates": [ [ -73.9902296, 40.6562007 ], [ -73.9901719, 40.6562138 ] ] } },
{ "type": "Feature", "properties": { }, "geometry": { "type": "LineString", "coordinates": [ [ -73.9902122, 40.656378 ], [ -73.9901612, 40.656378 ] ] } },
{ "type": "Feature", "properties": { }, "geometry": { "type": "LineString", "coordinates": [ [ -73.9902322, 40.6566479 ], [ -73.9902813, 40.6566323 ] ] } },
{ "type": "Feature", "properties": { }, "geometry": { "type": "LineString", "coordinates": [ [ -73.9880989, 40.6569792 ], [ -73.9879899, 40.6568943 ] ] } },
{ "type": "Feature", "properties": { }, "geometry": { "type": "LineString", "coordinates": [ [ -73.9828364, 40.6546255 ], [ -73.9828024, 40.654652 ] ] } },
{ "type": "Feature", "properties": { }, "geometry": { "type": "LineString", "coordinates": [ [ -73.986735, 40.6491285 ], [ -73.9867252, 40.6490872 ] ] } },
{ "type": "Feature", "properties": { }, "geometry": { "type": "LineString", "coordinates": [ [ -73.9871563, 40.6486556 ], [ -73.987098, 40.648651 ] ] } },
{ "type": "Feature", "properties": { }, "geometry": { "type": "LineString", "coordinates": [ [ -73.9871913, 40.6485102 ], [ -73.9871432, 40.6485003 ] ] } },
{ "type": "Feature", "properties": { }, "geometry": { "type": "LineString", "coordinates": [ [ -73.9892246, 40.6480419 ], [ -73.9891831, 40.6480181 ] ] } },
{ "type": "Feature", "properties": { }, "geometry": { "type": "LineString", "coordinates": [ [ -73.9869316, 40.6471441 ], [ -73.9868903, 40.6471094 ] ] } },
{ "type": "Feature", "properties": { }, "geometry": { "type": "LineString", "coordinates": [ [ -73.9919833, 40.6476988 ], [ -73.9919491, 40.6476386 ] ] } },
{ "type": "Feature", "properties": { }, "geometry": { "type": "LineString", "coordinates": [ [ -73.9934814, 40.6566846 ], [ -73.9934465, 40.6566411 ] ] } },
{ "type": "Feature", "properties": { }, "geometry": { "type": "LineString", "coordinates": [ [ -73.9908151, 40.6532805 ], [ -73.9908168, 40.6532251 ] ] } },
{ "type": "Feature", "properties": { }, "geometry": { "type": "LineString", "coordinates": [ [ -73.9903755, 40.6530179 ], [ -73.9903281, 40.6530423 ] ] } },
{ "type": "Feature", "properties": { }, "geometry": { "type": "LineString", "coordinates": [ [ -73.98993, 40.6525439 ], [ -73.9898628, 40.6525475 ], [ -73.9898123, 40.6525808 ], [ -73.9897855, 40.6526127 ] ] } },
{ "type": "Feature", "properties": { }, "geometry": { "type": "LineString", "coordinates": [ [ -73.9862012, 40.6516766 ], [ -73.9861748, 40.6516499 ] ] } },
{ "type": "Feature", "properties": { }, "geometry": { "type": "LineString", "coordinates": [ [ -73.9859206, 40.651643 ], [ -73.9859016, 40.6516173 ] ] } },
{ "type": "Feature", "properties": { }, "geometry": { "type": "LineString", "coordinates": [ [ -73.9849914, 40.6514067 ], [ -73.9851716, 40.6513624 ], [ -73.985435, 40.6513445 ], [ -73.9858383, 40.6512401 ], [ -73.9861773, 40.6511306 ], [ -73.9862996, 40.6510131 ] ] } },
{ "type": "Feature", "properties": { }, "geometry": { "type": "LineString", "coordinates": [ [ -73.9853087, 40.649473 ], [ -73.985288, 40.6494338 ] ] } },
{ "type": "Feature", "properties": { }, "geometry": { "type": "LineString", "coordinates": [ [ -73.9855481, 40.6478868 ], [ -73.985521, 40.6478559 ] ] } },
{ "type": "Feature", "properties": { }, "geometry": { "type": "LineString", "coordinates": [ [ -73.987689, 40.6463518 ], [ -73.9876433, 40.646327 ] ] } },
{ "type": "Feature", "properties": { }, "geometry": { "type": "LineString", "coordinates": [ [ -73.987273, 40.648926 ], [ -73.9871834, 40.6490336 ] ] } },
{ "type": "Feature", "properties": { }, "geometry": { "type": "LineString", "coordinates": [ [ -73.9869039, 40.6510691 ], [ -73.9868295, 40.6510297 ] ] } },
{ "type": "Feature", "properties": { }, "geometry": { "type": "LineString", "coordinates": [ [ -73.9864683, 40.6519743 ], [ -73.9864523, 40.6519292 ] ] } },
{ "type": "Feature", "properties": { }, "geometry": { "type": "LineString", "coordinates": [ [ -73.9861465, 40.6520897 ], [ -73.9861104, 40.6520512 ] ] } },
{ "type": "Feature", "properties": { }, "geometry": { "type": "LineString", "coordinates": [ [ -73.9857283, 40.6524046 ], [ -73.9856799, 40.652368 ] ] } },
{ "type": "Feature", "properties": { }, "geometry": { "type": "LineString", "coordinates": [ [ -73.9934447, 40.6514276 ], [ -73.9934017, 40.6514043 ] ] } },
{ "type": "Feature", "properties": { }, "geometry": { "type": "LineString", "coordinates": [ [ -73.9940467, 40.6515948 ], [ -73.9940172, 40.6515658 ] ] } },
{ "type": "Feature", "properties": { }, "geometry": { "type": "LineString", "coordinates": [ [ -73.9938316, 40.6517138 ], [ -73.9938164, 40.6516579 ] ] } },
{ "type": "Feature", "properties": { }, "geometry": { "type": "LineString", "coordinates": [ [ -73.9942126, 40.6524894 ], [ -73.9941376, 40.6526058 ], [ -73.9941101, 40.6527282 ], [ -73.9940953, 40.6527401 ], [ -73.9940032, 40.6528143 ] ] } },
{ "type": "Feature", "properties": { }, "geometry": { "type": "LineString", "coordinates": [ [ -73.9943562, 40.6533313 ], [ -73.9943333, 40.6533804 ] ] } },
{ "type": "Feature", "properties": { }, "geometry": { "type": "LineString", "coordinates": [ [ -73.994682, 40.6531248 ], [ -73.9946903, 40.6530806 ], [ -73.9946773, 40.6529863 ], [ -73.9946194, 40.652915 ], [ -73.9945211, 40.6528678 ], [ -73.9940953, 40.6527401 ] ] } },
{ "type": "Feature", "properties": { }, "geometry": { "type": "LineString", "coordinates": [ [ -73.9944461, 40.6532612 ], [ -73.9944342, 40.6531822 ], [ -73.9944106, 40.6531658 ], [ -73.9943533, 40.6531515 ], [ -73.9943182, 40.6531347 ], [ -73.9942941, 40.653089 ], [ -73.9942893, 40.6530357 ], [ -73.9943158, 40.6529856 ], [ -73.9943649, 40.6529254 ] ] } },
{ "type": "Feature", "properties": { }, "geometry": { "type": "LineString", "coordinates": [ [ -73.9934631, 40.6528521 ], [ -73.9935886, 40.6528044 ] ] } },
{ "type": "Feature", "properties": { }, "geometry": { "type": "LineString", "coordinates": [ [ -73.9935886, 40.6528044 ], [ -73.9936599, 40.652819 ], [ -73.9937388, 40.6528271 ], [ -73.9938063, 40.6528 ], [ -73.993838, 40.652769 ], [ -73.9940032, 40.6528143 ], [ -73.9943649, 40.6529254 ] ] } },
{ "type": "Feature", "properties": { }, "geometry": { "type": "LineString", "coordinates": [ [ -73.9943649, 40.6529254 ], [ -73.9944727, 40.6529694 ], [ -73.9945341, 40.6530105 ], [ -73.9945487, 40.6530549 ], [ -73.9946029, 40.6531026 ], [ -73.994682, 40.6531248 ], [ -73.9947433, 40.6531481 ], [ -73.9948018, 40.6531803 ], [ -73.9948779, 40.6532591 ] ] } },
{ "type": "Feature", "properties": { }, "geometry": { "type": "LineString", "coordinates": [ [ -73.9935886, 40.6528044 ], [ -73.9936262, 40.6525639 ] ] } },
{ "type": "Feature", "properties": { }, "geometry": { "type": "LineString", "coordinates": [ [ -73.9954001, 40.6551132 ], [ -73.9953714, 40.6551434 ] ] } },
{ "type": "Feature", "properties": { }, "geometry": { "type": "LineString", "coordinates": [ [ -73.9954412, 40.6550945 ], [ -73.9954154, 40.6551215 ] ] } },
{ "type": "Feature", "properties": { }, "geometry": { "type": "LineString", "coordinates": [ [ -73.9971841, 40.6534054 ], [ -73.9972427, 40.6533857 ] ] } },
{ "type": "Feature", "properties": { }, "geometry": { "type": "LineString", "coordinates": [ [ -73.9971431, 40.6533499 ], [ -73.9971863, 40.6533134 ] ] } },
{ "type": "Feature", "properties": { }, "geometry": { "type": "LineString", "coordinates": [ [ -73.9924314, 40.6572521 ], [ -73.9923577, 40.6573239 ] ] } },
{ "type": "Feature", "properties": { }, "geometry": { "type": "LineString", "coordinates": [ [ -73.9921969, 40.6572884 ], [ -73.9922861, 40.6573254 ] ] } },
{ "type": "Feature", "properties": { }, "geometry": { "type": "LineString", "coordinates": [ [ -73.9928464, 40.6546003 ], [ -73.9928155, 40.6545517 ] ] } },
{ "type": "Feature", "properties": { }, "geometry": { "type": "LineString", "coordinates": [ [ -73.992378, 40.6571096 ], [ -73.9923114, 40.65711 ] ] } },
{ "type": "Feature", "properties": { }, "geometry": { "type": "LineString", "coordinates": [ [ -73.9926783, 40.6573609 ], [ -73.9926532, 40.657403 ] ] } },
{ "type": "Feature", "properties": { }, "geometry": { "type": "LineString", "coordinates": [ [ -73.9929073, 40.6573917 ], [ -73.9928953, 40.6574408 ] ] } },
{ "type": "Feature", "properties": { }, "geometry": { "type": "LineString", "coordinates": [ [ -73.9929813, 40.6573988 ], [ -73.9929796, 40.6574469 ] ] } },
{ "type": "Feature", "properties": { }, "geometry": { "type": "LineString", "coordinates": [ [ -73.9931118, 40.6573925 ], [ -73.9931441, 40.657459 ] ] } },
{ "type": "Feature", "properties": { }, "geometry": { "type": "LineString", "coordinates": [ [ -73.9932368, 40.6578506 ], [ -73.9931866, 40.6578223 ] ] } },
{ "type": "Feature", "properties": { }, "geometry": { "type": "LineString", "coordinates": [ [ -73.9932837, 40.6578055 ], [ -73.9932351, 40.6577864 ] ] } },
{ "type": "Feature", "properties": { }, "geometry": { "type": "LineString", "coordinates": [ [ -73.9929333, 40.6581219 ], [ -73.9928983, 40.6580938 ] ] } },
{ "type": "Feature", "properties": { }, "geometry": { "type": "LineString", "coordinates": [ [ -73.9928789, 40.6581605 ], [ -73.9928509, 40.6581352 ] ] } },
{ "type": "Feature", "properties": { }, "geometry": { "type": "LineString", "coordinates": [ [ -73.9908627, 40.6575035 ], [ -73.9908441, 40.6574724 ] ] } },
{ "type": "Feature", "properties": { }, "geometry": { "type": "LineString", "coordinates": [ [ -73.9858482, 40.6523188 ], [ -73.9857922, 40.6522808 ] ] } },
{ "type": "Feature", "properties": { }, "geometry": { "type": "LineString", "coordinates": [ [ -73.9889292, 40.652072 ], [ -73.9888688, 40.6520622 ] ] } },
{ "type": "Feature", "properties": { }, "geometry": { "type": "LineString", "coordinates": [ [ -73.9895352, 40.6527365 ], [ -73.9894909, 40.6527155 ] ] } },
{ "type": "Feature", "properties": { }, "geometry": { "type": "LineString", "coordinates": [ [ -73.9895014, 40.6527863 ], [ -73.9894625, 40.6527614 ] ] } },
{ "type": "Feature", "properties": { }, "geometry": { "type": "LineString", "coordinates": [ [ -73.9904349, 40.6539469 ], [ -73.9905076, 40.6540351 ], [ -73.9905968, 40.6540643 ], [ -73.9907193, 40.6540484 ], [ -73.9908138, 40.6540046 ], [ -73.990882, 40.6539581 ], [ -73.9909305, 40.6538723 ], [ -73.990935, 40.6538164 ], [ -73.9909246, 40.653757 ], [ -73.9908959, 40.653713 ], [ -73.9908475, 40.6536795 ], [ -73.9907718, 40.6536654 ], [ -73.990673, 40.6536676 ], [ -73.9905998, 40.6536947 ], [ -73.9905419, 40.6537389 ], [ -73.9904932, 40.6537741 ], [ -73.9904659, 40.6538279 ], [ -73.9904411, 40.6538872 ], [ -73.9904349, 40.6539469 ] ] } },
{ "type": "Feature", "properties": { }, "geometry": { "type": "LineString", "coordinates": [ [ -73.9902259, 40.6548483 ], [ -73.9901972, 40.6548306 ] ] } },
{ "type": "Feature", "properties": { }, "geometry": { "type": "LineString", "coordinates": [ [ -73.99016, 40.6549095 ], [ -73.9901339, 40.6548927 ] ] } },
{ "type": "Feature", "properties": { }, "geometry": { "type": "LineString", "coordinates": [ [ -73.9904514, 40.6558689 ], [ -73.9904251, 40.6558475 ] ] } },
{ "type": "Feature", "properties": { }, "geometry": { "type": "LineString", "coordinates": [ [ -73.9911685, 40.656949 ], [ -73.9911294, 40.6569044 ] ] } },
{ "type": "Feature", "properties": { }, "geometry": { "type": "LineString", "coordinates": [ [ -73.9910324, 40.6570358 ], [ -73.9909994, 40.6570026 ] ] } },
{ "type": "Feature", "properties": { }, "geometry": { "type": "LineString", "coordinates": [ [ -73.9912326, 40.6573951 ], [ -73.9912259, 40.6573563 ] ] } },
{ "type": "Feature", "properties": { }, "geometry": { "type": "LineString", "coordinates": [ [ -73.99117, 40.6574028 ], [ -73.9911522, 40.657368 ] ] } },
{ "type": "Feature", "properties": { }, "geometry": { "type": "LineString", "coordinates": [ [ -73.9911038, 40.6574216 ], [ -73.9910852, 40.6573868 ] ] } },
{ "type": "Feature", "properties": { }, "geometry": { "type": "LineString", "coordinates": [ [ -73.9905223, 40.6571302 ], [ -73.9904495, 40.6570953 ] ] } },
{ "type": "Feature", "properties": { }, "geometry": { "type": "LineString", "coordinates": [ [ -73.9899949, 40.6561047 ], [ -73.9900096, 40.6560605 ] ] } },
{ "type": "Feature", "properties": { }, "geometry": { "type": "LineString", "coordinates": [ [ -73.9890216, 40.6560251 ], [ -73.9889608, 40.6560277 ] ] } },
{ "type": "Feature", "properties": { }, "geometry": { "type": "LineString", "coordinates": [ [ -73.9915025, 40.6567865 ], [ -73.9914794, 40.6567503 ] ] } },
{ "type": "Feature", "properties": { }, "geometry": { "type": "LineString", "coordinates": [ [ -73.9913815, 40.6563103 ], [ -73.9913809, 40.6562413 ] ] } },
{ "type": "Feature", "properties": { }, "geometry": { "type": "LineString", "coordinates": [ [ -73.9925317, 40.6557565 ], [ -73.9925222, 40.6557884 ] ] } },
{ "type": "Feature", "properties": { }, "geometry": { "type": "LineString", "coordinates": [ [ -73.9930935, 40.655998 ], [ -73.9930086, 40.6559483 ] ] } },
{ "type": "Feature", "properties": { }, "geometry": { "type": "LineString", "coordinates": [ [ -73.9912762, 40.6530637 ], [ -73.9912386, 40.6530216 ] ] } },
{ "type": "Feature", "properties": { }, "geometry": { "type": "LineString", "coordinates": [ [ -73.9914801, 40.6529574 ], [ -73.991442, 40.6528875 ], [ -73.9914215, 40.6528231 ], [ -73.9914181, 40.6527413 ], [ -73.9914192, 40.6526636 ], [ -73.9914032, 40.6525729 ], [ -73.9913869, 40.6525035 ], [ -73.9913427, 40.6524155 ], [ -73.9913207, 40.6523538 ], [ -73.9912929, 40.6522582 ], [ -73.9911958, 40.6520237 ] ] } },
{ "type": "Feature", "properties": { }, "geometry": { "type": "LineString", "coordinates": [ [ -73.9913151, 40.651954 ], [ -73.9912777, 40.6519081 ] ] } },
{ "type": "Feature", "properties": { }, "geometry": { "type": "LineString", "coordinates": [ [ -73.9912238, 40.6520032 ], [ -73.9911882, 40.6519826 ] ] } },
{ "type": "Feature", "properties": { }, "geometry": { "type": "LineString", "coordinates": [ [ -73.9917133, 40.6512531 ], [ -73.9917675, 40.6512084 ] ] } },
{ "type": "Feature", "properties": { }, "geometry": { "type": "LineString", "coordinates": [ [ -73.9946556, 40.6485638 ], [ -73.9945983, 40.6485562 ] ] } },
{ "type": "Feature", "properties": { }, "geometry": { "type": "LineString", "coordinates": [ [ -73.9878782, 40.6452934 ], [ -73.9878651, 40.6452562 ] ] } },
{ "type": "Feature", "properties": { }, "geometry": { "type": "LineString", "coordinates": [ [ -73.9936712, 40.6531773 ], [ -73.9935507, 40.6531434 ] ] } },
{ "type": "Feature", "properties": { }, "geometry": { "type": "LineString", "coordinates": [ [ -73.9897182, 40.6530101 ], [ -73.9897546, 40.6528415 ], [ -73.989802, 40.6527359 ], [ -73.989821, 40.6526478 ], [ -73.9897855, 40.6526127 ], [ -73.9897501, 40.6525971 ], [ -73.9895898, 40.6525991 ] ] } },
{ "type": "Feature", "properties": { }, "geometry": { "type": "LineString", "coordinates": [ [ -73.9943625, 40.6560373 ], [ -73.9943153, 40.6560272 ] ] } },
{ "type": "Feature", "properties": { }, "geometry": { "type": "LineString", "coordinates": [ [ -73.9943882, 40.6559634 ], [ -73.9943328, 40.6559621 ] ] } },
{ "type": "Feature", "properties": { }, "geometry": { "type": "LineString", "coordinates": [ [ -73.9939851, 40.655556 ], [ -73.9941786, 40.6553942 ] ] } },
{ "type": "Feature", "properties": { }, "geometry": { "type": "LineString", "coordinates": [ [ -73.9955368, 40.6550777 ], [ -73.99556, 40.6550594 ] ] } },
{ "type": "Feature", "properties": { }, "geometry": { "type": "LineString", "coordinates": [ [ -73.9957123, 40.6553002 ], [ -73.9957263, 40.6552657 ] ] } },
{ "type": "Feature", "properties": { }, "geometry": { "type": "LineString", "coordinates": [ [ -73.9939758, 40.6570002 ], [ -73.9939679, 40.6569589 ] ] } },
{ "type": "Feature", "properties": { }, "geometry": { "type": "LineString", "coordinates": [ [ -73.9890842, 40.6548507 ], [ -73.9890477, 40.6548847 ] ] } },
{ "type": "Feature", "properties": { }, "geometry": { "type": "LineString", "coordinates": [ [ -73.9890399, 40.654822 ], [ -73.9889997, 40.6548478 ] ] } },
{ "type": "Feature", "properties": { }, "geometry": { "type": "LineString", "coordinates": [ [ -73.988997, 40.6547665 ], [ -73.9889515, 40.6547892 ] ] } },
{ "type": "Feature", "properties": { }, "geometry": { "type": "LineString", "coordinates": [ [ -73.9889519, 40.6547081 ], [ -73.9889066, 40.6547214 ] ] } },
{ "type": "Feature", "properties": { }, "geometry": { "type": "LineString", "coordinates": [ [ -73.9889087, 40.6546522 ], [ -73.9888708, 40.6546647 ] ] } },
{ "type": "Feature", "properties": { }, "geometry": { "type": "LineString", "coordinates": [ [ -73.9888431, 40.6546217 ], [ -73.9888891, 40.6546049 ] ] } },
{ "type": "Feature", "properties": { }, "geometry": { "type": "LineString", "coordinates": [ [ -73.9888724, 40.6544226 ], [ -73.9888202, 40.6544302 ] ] } },
{ "type": "Feature", "properties": { }, "geometry": { "type": "LineString", "coordinates": [ [ -73.9886625, 40.6540854 ], [ -73.9887025, 40.6539842 ] ] } },
{ "type": "Feature", "properties": { }, "geometry": { "type": "LineString", "coordinates": [ [ -73.9886177, 40.6538934 ], [ -73.9885971, 40.653934 ] ] } },
{ "type": "Feature", "properties": { }, "geometry": { "type": "LineString", "coordinates": [ [ -73.9874371, 40.6530554 ], [ -73.9873826, 40.6529692 ] ] } },
{ "type": "Feature", "properties": { }, "geometry": { "type": "LineString", "coordinates": [ [ -73.9904234, 40.6486296 ], [ -73.9903869, 40.6485937 ] ] } },
{ "type": "Feature", "properties": { }, "geometry": { "type": "LineString", "coordinates": [ [ -73.9907496, 40.648148 ], [ -73.9906237, 40.648175 ], [ -73.9905581, 40.6482105 ], [ -73.9905336, 40.6482409 ], [ -73.9905205, 40.6482925 ], [ -73.9905239, 40.64834 ] ] } },
{ "type": "Feature", "properties": { }, "geometry": { "type": "LineString", "coordinates": [ [ -73.991013, 40.6468171 ], [ -73.9909324, 40.646861 ] ] } },
{ "type": "Feature", "properties": { }, "geometry": { "type": "LineString", "coordinates": [ [ -73.9908476, 40.6468918 ], [ -73.9907787, 40.6468802 ] ] } },
{ "type": "Feature", "properties": { }, "geometry": { "type": "LineString", "coordinates": [ [ -73.9898152, 40.6458821 ], [ -73.9898541, 40.645864 ] ] } },
{ "type": "Feature", "properties": { }, "geometry": { "type": "LineString", "coordinates": [ [ -73.9874341, 40.6454002 ], [ -73.987422, 40.6453575 ] ] } },
{ "type": "Feature", "properties": { }, "geometry": { "type": "LineString", "coordinates": [ [ -73.9866418, 40.6455766 ], [ -73.9866222, 40.6455424 ] ] } },
{ "type": "Feature", "properties": { }, "geometry": { "type": "LineString", "coordinates": [ [ -73.9865916, 40.6455881 ], [ -73.9865747, 40.6455574 ] ] } },
{ "type": "Feature", "properties": { }, "geometry": { "type": "LineString", "coordinates": [ [ -73.986546, 40.6456049 ], [ -73.9865279, 40.6455723 ] ] } },
{ "type": "Feature", "properties": { }, "geometry": { "type": "LineString", "coordinates": [ [ -73.9864892, 40.6456241 ], [ -73.9864713, 40.6455902 ] ] } },
{ "type": "Feature", "properties": { }, "geometry": { "type": "LineString", "coordinates": [ [ -73.9846592, 40.6522921 ], [ -73.9846413, 40.6522738 ] ] } },
{ "type": "Feature", "properties": { }, "geometry": { "type": "LineString", "coordinates": [ [ -73.9844533, 40.6526148 ], [ -73.9844224, 40.652592 ], [ -73.9843828, 40.6525629 ] ] } },
{ "type": "Feature", "properties": { }, "geometry": { "type": "LineString", "coordinates": [ [ -73.9836933, 40.6527987 ], [ -73.9836771, 40.6527717 ] ] } },
{ "type": "Feature", "properties": { }, "geometry": { "type": "LineString", "coordinates": [ [ -73.9979142, 40.6502994 ], [ -73.9979181, 40.6502886 ], [ -73.9982679, 40.64995 ] ] } },
{ "type": "Feature", "properties": { }, "geometry": { "type": "LineString", "coordinates": [ [ -73.9886626, 40.6554167 ], [ -73.9886392, 40.6553742 ] ] } },
{ "type": "Feature", "properties": { }, "geometry": { "type": "LineString", "coordinates": [ [ -73.9883481, 40.655489 ], [ -73.9883363, 40.6554555 ] ] } },
{ "type": "Feature", "properties": { }, "geometry": { "type": "LineString", "coordinates": [ [ -73.9935998, 40.6570565 ], [ -73.9935398, 40.657037 ] ] } },
{ "type": "Feature", "properties": { }, "geometry": { "type": "LineString", "coordinates": [ [ -73.9935696, 40.6570908 ], [ -73.9935354, 40.65707 ] ] } },
{ "type": "Feature", "properties": { }, "geometry": { "type": "LineString", "coordinates": [ [ -73.9964612, 40.6513165 ], [ -73.9965363, 40.6512717 ], [ -73.9965738, 40.6511781 ], [ -73.9965846, 40.6510723 ], [ -73.9966436, 40.6509909 ], [ -73.9967401, 40.6509298 ], [ -73.996885, 40.6508321 ] ] } },
{ "type": "Feature", "properties": { }, "geometry": { "type": "LineString", "coordinates": [ [ -73.994192, 40.6506246 ], [ -73.9942724, 40.6506191 ], [ -73.9943469, 40.6505991 ], [ -73.9944132, 40.6505622 ], [ -73.9944636, 40.6505192 ], [ -73.9945011, 40.6504691 ], [ -73.9945193, 40.6504089 ], [ -73.9945192, 40.6503582 ], [ -73.9944951, 40.6503137 ], [ -73.994469, 40.6502807 ], [ -73.9944448, 40.6502589 ], [ -73.9944649, 40.6502201 ], [ -73.9944944, 40.650203 ], [ -73.9945421, 40.6501998 ], [ -73.9945829, 40.6502201 ], [ -73.9946192, 40.6502506 ], [ -73.994774, 40.6502975 ] ] } },
{ "type": "Feature", "properties": { }, "geometry": { "type": "LineString", "coordinates": [ [ -73.9880262, 40.6498565 ], [ -73.9875585, 40.6501286 ], [ -73.9867806, 40.6505812 ] ] } },
{ "type": "Feature", "properties": { }, "geometry": { "type": "LineString", "coordinates": [ [ -73.9889158, 40.6513638 ], [ -73.9886244, 40.651141 ] ] } },
{ "type": "Feature", "properties": { }, "geometry": { "type": "LineString", "coordinates": [ [ -73.988122, 40.6521899 ], [ -73.9877483, 40.6520669 ] ] } },
{ "type": "Feature", "properties": { }, "geometry": { "type": "LineString", "coordinates": [ [ -73.995683, 40.6552874 ], [ -73.9956823, 40.6553169 ], [ -73.9955689, 40.6553976 ], [ -73.9955363, 40.6554126 ], [ -73.9954937, 40.6554309 ], [ -73.9954611, 40.6554395 ], [ -73.9954158, 40.6554503 ], [ -73.9953594, 40.6554691 ], [ -73.9953324, 40.6554828 ], [ -73.9953109, 40.6554976 ], [ -73.9952825, 40.6555234 ], [ -73.9952687, 40.6555519 ], [ -73.995239, 40.6556029 ], [ -73.9952173, 40.6556207 ] ] } },
{ "type": "Feature", "properties": { }, "geometry": { "type": "LineString", "coordinates": [ [ -73.9967685, 40.6560114 ], [ -73.9967696, 40.6559524 ], [ -73.9968089, 40.6558868 ], [ -73.9969071, 40.65579 ], [ -73.9969994, 40.6556976 ], [ -73.9970799, 40.6556082 ], [ -73.9971113, 40.655562 ], [ -73.9971329, 40.6554905 ], [ -73.9971231, 40.6554443 ], [ -73.9970779, 40.6553982 ], [ -73.997023, 40.6553877 ], [ -73.9968246, 40.6553743 ], [ -73.9966361, 40.6553579 ], [ -73.9964554, 40.6553326 ], [ -73.996314, 40.6553505 ], [ -73.9962433, 40.6553877 ], [ -73.9961804, 40.6554324 ], [ -73.9961274, 40.6554741 ], [ -73.9960744, 40.6555218 ], [ -73.9957773, 40.6559088 ] ] } },
{ "type": "Feature", "properties": { }, "geometry": { "type": "LineString", "coordinates": [ [ -73.9960354, 40.6551746 ], [ -73.9962013, 40.6551648 ], [ -73.9963779, 40.6551462 ], [ -73.996522, 40.6551324 ], [ -73.9966297, 40.6551151 ], [ -73.9966499, 40.6551121 ], [ -73.9966826, 40.6551073 ], [ -73.9967968, 40.6550664 ] ] } },
{ "type": "Feature", "properties": { }, "geometry": { "type": "LineString", "coordinates": [ [ -73.9970761, 40.6543532 ], [ -73.9971997, 40.6543945 ], [ -73.9973857, 40.6543945 ], [ -73.9974583, 40.6543649 ] ] } },
{ "type": "Feature", "properties": { }, "geometry": { "type": "LineString", "coordinates": [ [ -73.9972129, 40.6540336 ], [ -73.9972568, 40.6539561 ], [ -73.9972821, 40.6538318 ], [ -73.9971713, 40.6536168 ], [ -73.9971218, 40.6535225 ], [ -73.9970285, 40.6534653 ], [ -73.9968088, 40.6533711 ] ] } },
{ "type": "Feature", "properties": { }, "geometry": { "type": "LineString", "coordinates": [ [ -74.0003487, 40.6537269 ], [ -73.9999036, 40.6536437 ] ] } },
{ "type": "Feature", "properties": { }, "geometry": { "type": "LineString", "coordinates": [ [ -73.9936025, 40.6547958 ], [ -73.9936646, 40.6546722 ] ] } },
{ "type": "Feature", "properties": { }, "geometry": { "type": "LineString", "coordinates": [ [ -73.9933513, 40.6551281 ], [ -73.9933546, 40.6550766 ], [ -73.9933554, 40.6550408 ], [ -73.9933546, 40.655 ], [ -73.9933481, 40.6549543 ], [ -73.9933326, 40.6549278 ], [ -73.9933082, 40.6549074 ], [ -73.9932528, 40.6548938 ], [ -73.9931877, 40.6548808 ], [ -73.9931299, 40.6548697 ], [ -73.9931144, 40.654858 ], [ -73.9931136, 40.6548116 ], [ -73.9931242, 40.654777 ], [ -73.9931438, 40.6547288 ] ] } },
{ "type": "Feature", "properties": { }, "geometry": { "type": "LineString", "coordinates": [ [ -73.9976475, 40.6541782 ], [ -73.9975505, 40.6541794 ], [ -73.9974808, 40.6541845 ], [ -73.9974446, 40.6541967 ], [ -73.9974406, 40.6542455 ], [ -73.9974432, 40.6542791 ], [ -73.9974473, 40.6543116 ], [ -73.9974526, 40.6543442 ], [ -73.9974583, 40.6543649 ], [ -73.9974808, 40.654389 ], [ -73.9975036, 40.6544012 ], [ -73.9975438, 40.6544246 ], [ -73.9976082, 40.6544704 ], [ -73.9976551, 40.6545029 ], [ -73.997682, 40.6545314 ], [ -73.9977088, 40.6545721 ], [ -73.9977276, 40.6545975 ], [ -73.9977235, 40.654625 ], [ -73.9977048, 40.6546576 ], [ -73.9976645, 40.6547379 ] ] } },
{ "type": "Feature", "properties": { }, "geometry": { "type": "LineString", "coordinates": [ [ -73.9974808, 40.6541845 ], [ -73.9974918, 40.6542144 ], [ -73.9975146, 40.6542591 ], [ -73.9975414, 40.6542866 ], [ -73.997575, 40.6543181 ], [ -73.9976232, 40.6543507 ], [ -73.9976608, 40.6543812 ], [ -73.9976903, 40.6544067 ], [ -73.9977346, 40.6544362 ], [ -73.9977721, 40.6544555 ], [ -73.9978097, 40.6544647 ], [ -73.9978539, 40.654483 ], [ -73.9978995, 40.6544921 ], [ -73.997929, 40.6545165 ], [ -73.9979304, 40.6545501 ], [ -73.997921, 40.6545979 ], [ -73.9979143, 40.6546264 ], [ -73.9978365, 40.6546753 ] ] } },
{ "type": "Feature", "properties": { }, "geometry": { "type": "LineString", "coordinates": [ [ -73.9978365, 40.6546753 ], [ -73.9977276, 40.6545975 ] ] } },
{ "type": "Feature", "properties": { }, "geometry": { "type": "LineString", "coordinates": [ [ -73.9986807, 40.6549834 ], [ -73.9988557, 40.6548846 ] ] } },
{ "type": "Feature", "properties": { }, "geometry": { "type": "LineString", "coordinates": [ [ -73.9984943, 40.6556345 ], [ -73.9984445, 40.6556202 ], [ -73.9983734, 40.6555979 ], [ -73.9983158, 40.6555836 ], [ -73.9982527, 40.6555775 ], [ -73.9982072, 40.6555531 ], [ -73.9981642, 40.6555032 ], [ -73.9980288, 40.6553761 ] ] } },
{ "type": "Feature", "properties": { }, "geometry": { "type": "LineString", "coordinates": [ [ -73.9988697, 40.6517334 ], [ -73.9989093, 40.6517309 ], [ -73.9989793, 40.6517327 ], [ -73.9990229, 40.6517365 ], [ -73.9991802, 40.6517721 ] ] } },
{ "type": "Feature", "properties": { }, "geometry": { "type": "LineString", "coordinates": [ [ -74.0000357, 40.6531946 ], [ -73.9999754, 40.6532658 ], [ -73.9999487, 40.6532912 ], [ -73.9999269, 40.6532975 ] ] } },
{ "type": "Feature", "properties": { }, "geometry": { "type": "LineString", "coordinates": [ [ -73.9969177, 40.6550125 ], [ -73.9969775, 40.6550928 ], [ -73.996987, 40.6551074 ], [ -73.9970373, 40.6551849 ], [ -73.997051, 40.6552988 ] ] } },
{ "type": "Feature", "properties": { }, "geometry": { "type": "LineString", "coordinates": [ [ -73.996987, 40.6551074 ], [ -73.9967296, 40.655194 ], [ -73.9967038, 40.6551876 ], [ -73.9966499, 40.6551121 ] ] } },
{ "type": "Feature", "properties": { }, "geometry": { "type": "LineString", "coordinates": [ [ -73.9941929, 40.6521602 ], [ -73.9940257, 40.6522118 ], [ -73.9938912, 40.6522885 ] ] } },
{ "type": "Feature", "properties": { }, "geometry": { "type": "LineString", "coordinates": [ [ -73.9942126, 40.6524894 ], [ -73.9942607, 40.6523902 ] ] } },
{ "type": "Feature", "properties": { }, "geometry": { "type": "LineString", "coordinates": [ [ -73.9950818, 40.652565 ], [ -73.994926, 40.6525103 ], [ -73.994767, 40.6524453 ] ] } },
{ "type": "Feature", "properties": { }, "geometry": { "type": "LineString", "coordinates": [ [ -73.9942607, 40.6523902 ], [ -73.994215, 40.65237 ], [ -73.9941598, 40.6523659 ], [ -73.9941169, 40.6523584 ], [ -73.9940257, 40.6522118 ] ] } },
{ "type": "Feature", "properties": { }, "geometry": { "type": "LineString", "coordinates": [ [ -73.9866261, 40.6516271 ], [ -73.9865226, 40.651691 ], [ -73.9861131, 40.6518819 ], [ -73.9852839, 40.6521438 ], [ -73.9844855, 40.6525431 ], [ -73.9844224, 40.652592 ] ] } },
{ "type": "Feature", "properties": { }, "geometry": { "type": "LineString", "coordinates": [ [ -73.9930265, 40.6487994 ], [ -73.9928602, 40.648725 ], [ -73.9928065, 40.6486334 ], [ -73.9927605, 40.6485777 ], [ -73.9926939, 40.648497 ], [ -73.9926349, 40.6484136 ], [ -73.9926429, 40.6483505 ], [ -73.9926885, 40.6483017 ], [ -73.9927475, 40.6482671 ] ] } },
{ "type": "Feature", "properties": { }, "geometry": { "type": "LineString", "coordinates": [ [ -73.9927475, 40.6482671 ], [ -73.9928647, 40.6482729 ], [ -73.9929364, 40.6482933 ], [ -73.9929613, 40.6483406 ], [ -73.9929723, 40.6483614 ], [ -73.9929701, 40.6483937 ], [ -73.9929544, 40.6484431 ], [ -73.992914, 40.6484771 ], [ -73.9928445, 40.6485247 ], [ -73.9927605, 40.6485777 ] ] } },
{ "type": "Feature", "properties": { }, "geometry": { "type": "LineString", "coordinates": [ [ -73.9929613, 40.6483406 ], [ -73.9931448, 40.6483741 ] ] } },
{ "type": "Feature", "properties": { }, "geometry": { "type": "LineString", "coordinates": [ [ -73.9927475, 40.6482671 ], [ -73.992692, 40.6480552 ] ] } },
{ "type": "Feature", "properties": { }, "geometry": { "type": "LineString", "coordinates": [ [ -73.9920462, 40.6486608 ], [ -73.9919184, 40.6484788 ], [ -73.9919027, 40.6484414 ], [ -73.9918982, 40.648392 ], [ -73.991896, 40.648358 ], [ -73.9918736, 40.6483291 ], [ -73.9918489, 40.6482882 ], [ -73.9918354, 40.6482508 ], [ -73.9918514, 40.6482004 ] ] } },
{ "type": "Feature", "properties": { }, "geometry": { "type": "LineString", "coordinates": [ [ -73.9902258, 40.6495033 ], [ -73.9903212, 40.6497336 ] ] } },
{ "type": "Feature", "properties": { }, "geometry": { "type": "LineString", "coordinates": [ [ -73.986287, 40.6475095 ], [ -73.9860994, 40.6473159 ] ] } },
{ "type": "Feature", "properties": { }, "geometry": { "type": "LineString", "coordinates": [ [ -73.9826093, 40.6513942 ], [ -73.9829589, 40.6508077 ] ] } },
{ "type": "Feature", "properties": { }, "geometry": { "type": "LineString", "coordinates": [ [ -73.984669, 40.656119 ], [ -73.9848003, 40.6559976 ] ] } },
{ "type": "Feature", "properties": { }, "geometry": { "type": "LineString", "coordinates": [ [ -73.9912172, 40.6543085 ], [ -73.9912711, 40.6543709 ], [ -73.9915016, 40.6545793 ] ] } },
{ "type": "Feature", "properties": { }, "geometry": { "type": "LineString", "coordinates": [ [ -73.990901, 40.6543907 ], [ -73.9910955, 40.6543348 ], [ -73.9912172, 40.6543085 ], [ -73.9913697, 40.6542524 ] ] } },
{ "type": "Feature", "properties": { }, "geometry": { "type": "LineString", "coordinates": [ [ -73.990345, 40.653819 ], [ -73.9902054, 40.6541548 ] ] } },
{ "type": "Feature", "properties": { }, "geometry": { "type": "LineString", "coordinates": [ [ -73.9901526, 40.6543159 ], [ -73.9901902, 40.6541938 ], [ -73.9902054, 40.6541548 ] ] } },
{ "type": "Feature", "properties": { }, "geometry": { "type": "LineString", "coordinates": [ [ -73.9896164, 40.6520031 ], [ -73.9897367, 40.6519811 ], [ -73.9899452, 40.6519582 ], [ -73.9900027, 40.6519754 ], [ -73.990123, 40.6520035 ], [ -73.9902869, 40.6519669 ] ] } },
{ "type": "Feature", "properties": { }, "geometry": { "type": "LineString", "coordinates": [ [ -73.9903227, 40.6507616 ], [ -73.9904208, 40.6506571 ], [ -73.9904906, 40.6505717 ], [ -73.9905657, 40.6504903 ], [ -73.9906247, 40.6504333 ], [ -73.9907466, 40.6503054 ] ] } },
{ "type": "Feature", "properties": { }, "geometry": { "type": "LineString", "coordinates": [ [ -73.9970863, 40.6511169 ], [ -73.9971022, 40.6513343 ] ] } },
{ "type": "Feature", "properties": { }, "geometry": { "type": "LineString", "coordinates": [ [ -73.9979825, 40.6520157 ], [ -73.9978463, 40.651878 ], [ -73.9978506, 40.6517886 ], [ -73.9979005, 40.6516982 ] ] } },
{ "type": "Feature", "properties": { }, "geometry": { "type": "LineString", "coordinates": [ [ -73.9971022, 40.6513343 ], [ -73.9970459, 40.6513912 ] ] } },
{ "type": "Feature", "properties": { }, "geometry": { "type": "LineString", "coordinates": [ [ -73.9969976, 40.6515484 ], [ -73.9970657, 40.6515973 ], [ -73.9971337, 40.6516462 ] ] } },
{ "type": "Feature", "properties": { }, "geometry": { "type": "LineString", "coordinates": [ [ -73.9969823, 40.6517288 ], [ -73.9970645, 40.6516754 ], [ -73.9971337, 40.6516462 ] ] } },
{ "type": "Feature", "properties": { }, "geometry": { "type": "LineString", "coordinates": [ [ -73.992149, 40.6552394 ], [ -73.9920835, 40.6552291 ], [ -73.9920004, 40.6552291 ], [ -73.991858, 40.65519 ] ] } },
{ "type": "Feature", "properties": { }, "geometry": { "type": "LineString", "coordinates": [ [ -73.9916256, 40.6574016 ], [ -73.9916234, 40.6573326 ], [ -73.991609, 40.657207 ], [ -73.9916133, 40.6571097 ], [ -73.9916253, 40.6570368 ], [ -73.991647, 40.6569694 ], [ -73.9916518, 40.6569294 ] ] } },
{ "type": "Feature", "properties": { }, "geometry": { "type": "LineString", "coordinates": [ [ -73.9935645, 40.6558778 ], [ -73.9939126, 40.6555035 ] ] } },
{ "type": "Feature", "properties": { }, "geometry": { "type": "LineString", "coordinates": [ [ -73.9944699, 40.6551481 ], [ -73.9945417, 40.6550918 ], [ -73.9947826, 40.6549648 ] ] } },
{ "type": "Feature", "properties": { }, "geometry": { "type": "LineString", "coordinates": [ [ -73.9943562, 40.6533313 ], [ -73.9943779, 40.6532768 ], [ -73.994401, 40.6532662 ], [ -73.9944461, 40.6532612 ], [ -73.9944699, 40.6532586 ], [ -73.9945387, 40.6532414 ], [ -73.9945893, 40.6532151 ], [ -73.9946382, 40.6531805 ], [ -73.9946802, 40.6531344 ], [ -73.994682, 40.6531248 ] ] } },
{ "type": "Feature", "properties": { }, "geometry": { "type": "LineString", "coordinates": [ [ -73.9933401, 40.6505654 ], [ -73.9932092, 40.6505148 ], [ -73.9931015, 40.6505064 ], [ -73.9930362, 40.6505212 ], [ -73.9929311, 40.6505145 ] ] } },
{ "type": "Feature", "properties": { }, "geometry": { "type": "LineString", "coordinates": [ [ -73.9928071, 40.6503044 ], [ -73.9928014, 40.6502781 ], [ -73.992757, 40.65024 ], [ -73.9927081, 40.6502215 ], [ -73.9926682, 40.6502107 ], [ -73.992645, 40.6501883 ], [ -73.9926244, 40.65016 ], [ -73.9925948, 40.6501482 ], [ -73.9925317, 40.6501326 ], [ -73.9925111, 40.6501141 ], [ -73.9925021, 40.6500799 ], [ -73.9924776, 40.6500525 ], [ -73.9924197, 40.6500379 ], [ -73.9923875, 40.6500154 ], [ -73.9923398, 40.6499381 ] ] } },
{ "type": "Feature", "properties": { }, "geometry": { "type": "LineString", "coordinates": [ [ -73.9925082, 40.6506 ], [ -73.9924825, 40.6506346 ], [ -73.9924665, 40.6506656 ], [ -73.992468, 40.6507171 ] ] } },
{ "type": "Feature", "properties": { }, "geometry": { "type": "LineString", "coordinates": [ [ -73.9928523, 40.6503608 ], [ -73.9928321, 40.650329 ], [ -73.9928071, 40.6503044 ] ] } },
{ "type": "Feature", "properties": { }, "geometry": { "type": "LineString", "coordinates": [ [ -73.9928919, 40.6506911 ], [ -73.9928535, 40.6507362 ], [ -73.9928355, 40.6507742 ], [ -73.9928293, 40.6508098 ] ] } },
{ "type": "Feature", "properties": { }, "geometry": { "type": "LineString", "coordinates": [ [ -73.9929311, 40.6505145 ], [ -73.9928978, 40.6505825 ], [ -73.9928878, 40.6506184 ], [ -73.9928919, 40.6506911 ], [ -73.9928999, 40.650739 ], [ -73.9928907, 40.6507637 ], [ -73.9928626, 40.6507924 ], [ -73.9928293, 40.6508098 ], [ -73.9927496, 40.6508359 ], [ -73.9926993, 40.6508644 ], [ -73.9926691, 40.6508954 ], [ -73.9926467, 40.6509355 ] ] } },
{ "type": "Feature", "properties": { }, "geometry": { "type": "LineString", "coordinates": [ [ -73.993243, 40.6507699 ], [ -73.9932037, 40.6508001 ], [ -73.9931906, 40.6508245 ], [ -73.9931928, 40.6508772 ] ] } },
{ "type": "Feature", "properties": { }, "geometry": { "type": "LineString", "coordinates": [ [ -73.9931015, 40.6505064 ], [ -73.9930778, 40.6504804 ], [ -73.9930371, 40.6504456 ], [ -73.9929803, 40.650411 ], [ -73.9928523, 40.6503608 ], [ -73.9928981, 40.6504713 ], [ -73.9929311, 40.6505145 ] ] } },
{ "type": "Feature", "properties": { }, "geometry": { "type": "LineString", "coordinates": [ [ -73.991676, 40.6508796 ], [ -73.9915226, 40.6510701 ] ] } },
{ "type": "Feature", "properties": { }, "geometry": { "type": "LineString", "coordinates": [ [ -73.9922968, 40.6515286 ], [ -73.9921384, 40.651651 ], [ -73.9921279, 40.6517105 ], [ -73.9920957, 40.6517413 ], [ -73.9920207, 40.6517531 ], [ -73.9919578, 40.651749 ] ] } },
{ "type": "Feature", "properties": { }, "geometry": { "type": "LineString", "coordinates": [ [ -73.9917714, 40.6532516 ], [ -73.9920061, 40.6533463 ], [ -73.9921967, 40.6533856 ], [ -73.9923489, 40.6534454 ], [ -73.9924311, 40.6535037 ] ] } },
{ "type": "Feature", "properties": { }, "geometry": { "type": "LineString", "coordinates": [ [ -73.9913717, 40.6533019 ], [ -73.9911483, 40.6531469 ] ] } },
{ "type": "Feature", "properties": { }, "geometry": { "type": "LineString", "coordinates": [ [ -73.9875585, 40.6501286 ], [ -73.9877886, 40.6504036 ] ] } },
{ "type": "Feature", "properties": { }, "geometry": { "type": "LineString", "coordinates": [ [ -73.9872347, 40.6507508 ], [ -73.9870191, 40.6506549 ], [ -73.9869654, 40.6506541 ], [ -73.9868703, 40.6506787 ], [ -73.9868166, 40.6507225 ], [ -73.9867427, 40.650808 ] ] } },
{ "type": "Feature", "properties": { }, "geometry": { "type": "LineString", "coordinates": [ [ -73.994582, 40.6576954 ], [ -73.9945754, 40.6576588 ] ] } },
{ "type": "Feature", "properties": { }, "geometry": { "type": "LineString", "coordinates": [ [ -73.9858658, 40.6535551 ], [ -73.98579, 40.6534639 ], [ -73.9857464, 40.6534088 ] ] } },
{ "type": "Feature", "properties": { }, "geometry": { "type": "LineString", "coordinates": [ [ -73.9853436, 40.6535058 ], [ -73.9852595, 40.6535204 ], [ -73.9851942, 40.6534982 ], [ -73.9850445, 40.653359 ] ] } },
{ "type": "Feature", "properties": { }, "geometry": { "type": "LineString", "coordinates": [ [ -73.9854643, 40.6535206 ], [ -73.9853436, 40.6535058 ] ] } },
{ "type": "Feature", "properties": { }, "geometry": { "type": "LineString", "coordinates": [ [ -73.9922641, 40.6507688 ], [ -73.9923181, 40.6507619 ], [ -73.9923939, 40.6507442 ], [ -73.992468, 40.6507171 ], [ -73.9925007, 40.6506959 ], [ -73.9925199, 40.6506634 ], [ -73.9925251, 40.6506385 ], [ -73.9925082, 40.6506 ], [ -73.9924962, 40.6505658 ], [ -73.9924506, 40.650433 ] ] } },
{ "type": "Feature", "properties": { }, "geometry": { "type": "LineString", "coordinates": [ [ -73.9996919, 40.6513774 ], [ -73.999744, 40.6514087 ], [ -73.999808, 40.6514471 ], [ -73.9998746, 40.651487 ] ] } },
{ "type": "Feature", "properties": { }, "geometry": { "type": "LineString", "coordinates": [ [ -73.9998746, 40.651487 ], [ -74.0015179, 40.6524724 ], [ -74.0021399, 40.6528437 ], [ -74.0021631, 40.6528555 ] ] } },
{ "type": "Feature", "properties": { }, "geometry": { "type": "LineString", "coordinates": [ [ -73.9988874, 40.654625 ], [ -73.9988312, 40.6545726 ] ] } },
{ "type": "Feature", "properties": { }, "geometry": { "type": "LineString", "coordinates": [ [ -73.9899951, 40.6483087 ], [ -73.9899952, 40.6482439 ] ] } },
{ "type": "Feature", "properties": { }, "geometry": { "type": "LineString", "coordinates": [ [ -73.988101, 40.6493251 ], [ -73.9878537, 40.6491996 ] ] } },
{ "type": "Feature", "properties": { }, "geometry": { "type": "LineString", "coordinates": [ [ -73.9846676, 40.6496203 ], [ -73.9844952, 40.6495927 ] ] } },
{ "type": "Feature", "properties": { }, "geometry": { "type": "LineString", "coordinates": [ [ -73.9836532, 40.653945 ], [ -73.9834501, 40.6539648 ] ] } },
{ "type": "Feature", "properties": { }, "geometry": { "type": "LineString", "coordinates": [ [ -73.989083, 40.6562202 ], [ -73.9890117, 40.6563607 ] ] } },
{ "type": "Feature", "properties": { }, "geometry": { "type": "LineString", "coordinates": [ [ -73.9895563, 40.6534686 ], [ -73.989522, 40.6534766 ] ] } },
{ "type": "Feature", "properties": { }, "geometry": { "type": "LineString", "coordinates": [ [ -73.9836428, 40.6487189 ], [ -73.9837294, 40.6486046 ] ] } },
{ "type": "Feature", "properties": { }, "geometry": { "type": "LineString", "coordinates": [ [ -73.9910087, 40.6510242 ], [ -73.9906321, 40.6514279 ] ] } },
{ "type": "Feature", "properties": { }, "geometry": { "type": "LineString", "coordinates": [ [ -73.9935007, 40.6511022 ], [ -73.9934602, 40.6510286 ] ] } },
{ "type": "Feature", "properties": { }, "geometry": { "type": "LineString", "coordinates": [ [ -73.9954591, 40.6508944 ], [ -73.9953611, 40.6508502 ] ] } },
{ "type": "Feature", "properties": { }, "geometry": { "type": "LineString", "coordinates": [ [ -73.9972432, 40.6524152 ], [ -73.9972309, 40.6523333 ] ] } },
{ "type": "Feature", "properties": { }, "geometry": { "type": "LineString", "coordinates": [ [ -73.9970939, 40.6538634 ], [ -73.9970657, 40.6538842 ] ] } },
{ "type": "Feature", "properties": { }, "geometry": { "type": "LineString", "coordinates": [ [ -73.9968814, 40.6546198 ], [ -73.9968612, 40.6545606 ] ] } },
{ "type": "Feature", "properties": { }, "geometry": { "type": "LineString", "coordinates": [ [ -73.9955614, 40.6577462 ], [ -73.9956469, 40.6575883 ], [ -73.9957162, 40.6574603 ] ] } },
{ "type": "Feature", "properties": { }, "geometry": { "type": "LineString", "coordinates": [ [ -73.9959809, 40.6577679 ], [ -73.9958632, 40.6576528 ] ] } },
{ "type": "Feature", "properties": { }, "geometry": { "type": "LineString", "coordinates": [ [ -73.9959809, 40.6577679 ], [ -73.9960137, 40.6578028 ] ] } },
{ "type": "Feature", "properties": { }, "geometry": { "type": "LineString", "coordinates": [ [ -73.9957709, 40.6580393 ], [ -73.9957595, 40.6580705 ], [ -73.9957339, 40.6580959 ], [ -73.9956934, 40.6581066 ], [ -73.9955973, 40.6580798 ] ] } },
{ "type": "Feature", "properties": { }, "geometry": { "type": "LineString", "coordinates": [ [ -73.9955671, 40.6581491 ], [ -73.9955973, 40.6580798 ] ] } },
{ "type": "Feature", "properties": { }, "geometry": { "type": "LineString", "coordinates": [ [ -73.9841718, 40.6565763 ], [ -73.9842541, 40.6564649 ] ] } },
{ "type": "Feature", "properties": { }, "geometry": { "type": "LineString", "coordinates": [ [ -73.9842652, 40.6564275 ], [ -73.9843442, 40.6563849 ], [ -73.984669, 40.656119 ] ] } },
{ "type": "Feature", "properties": { }, "geometry": { "type": "LineString", "coordinates": [ [ -73.9840843, 40.6564918 ], [ -73.984241, 40.6563101 ], [ -73.984454, 40.6561065 ], [ -73.9844468, 40.6560412 ], [ -73.9843895, 40.6560047 ], [ -73.9842983, 40.6559581 ], [ -73.9841888, 40.6559123 ], [ -73.9840997, 40.655882 ], [ -73.9840567, 40.655861 ], [ -73.9840567, 40.6558478 ], [ -73.9836142, 40.6556551 ], [ -73.9834494, 40.6555782 ], [ -73.9833879, 40.6555153 ], [ -73.9833664, 40.6554488 ] ] } },
{ "type": "Feature", "properties": { }, "geometry": { "type": "LineString", "coordinates": [ [ -73.984241, 40.6563101 ], [ -73.9841775, 40.6562821 ], [ -73.9841478, 40.6562696 ], [ -73.9841232, 40.6562821 ] ] } },
{ "type": "Feature", "properties": { }, "geometry": { "type": "LineString", "coordinates": [ [ -73.9843442, 40.6563849 ], [ -73.9844161, 40.6564398 ] ] } },
{ "type": "Feature", "properties": { }, "geometry": { "type": "LineString", "coordinates": [ [ -73.9822368, 40.6539347 ], [ -73.9822876, 40.6539227 ], [ -73.9824201, 40.6538915 ] ] } },
{ "type": "Feature", "properties": { }, "geometry": { "type": "LineString", "coordinates": [ [ -73.9826348, 40.6530493 ], [ -73.9825885, 40.652989 ] ] } },
{ "type": "Feature", "properties": { }, "geometry": { "type": "LineString", "coordinates": [ [ -73.9824978, 40.6530955 ], [ -73.9824615, 40.653057 ] ] } },
{ "type": "Feature", "properties": { }, "geometry": { "type": "LineString", "coordinates": [ [ -73.9823468, 40.6532081 ], [ -73.9822799, 40.6531651 ] ] } },
{ "type": "Feature", "properties": { }, "geometry": { "type": "LineString", "coordinates": [ [ -73.9821162, 40.6534735 ], [ -73.9824355, 40.6534844 ] ] } },
{ "type": "Feature", "properties": { }, "geometry": { "type": "LineString", "coordinates": [ [ -73.982239, 40.6537867 ], [ -73.9821823, 40.6537907 ] ] } },
{ "type": "Feature", "properties": { }, "geometry": { "type": "LineString", "coordinates": [ [ -73.9821967, 40.6535907 ], [ -73.9821407, 40.653591 ] ] } },
{ "type": "Feature", "properties": { }, "geometry": { "type": "LineString", "coordinates": [ [ -73.9826809, 40.6531079 ], [ -73.9827438, 40.6532163 ], [ -73.9826362, 40.653252 ], [ -73.9825789, 40.6532909 ], [ -73.9826014, 40.6533173 ], [ -73.9825092, 40.6533911 ], [ -73.9824806, 40.6533771 ], [ -73.9824539, 40.6534113 ], [ -73.9824355, 40.6534844 ] ] } },
{ "type": "Feature", "properties": { }, "geometry": { "type": "LineString", "coordinates": [ [ -73.9824355, 40.6534844 ], [ -73.9824232, 40.6535271 ], [ -73.9824467, 40.6536652 ] ] } },
{ "type": "Feature", "properties": { }, "geometry": { "type": "LineString", "coordinates": [ [ -73.9822075, 40.6534041 ], [ -73.9821093, 40.6533716 ] ] } },
{ "type": "Feature", "properties": { }, "geometry": { "type": "LineString", "coordinates": [ [ -73.9822292, 40.6533338 ], [ -73.9821134, 40.6533041 ] ] } },
{ "type": "Feature", "properties": { }, "geometry": { "type": "LineString", "coordinates": [ [ -73.9822232, 40.6539008 ], [ -73.9822717, 40.6538767 ], [ -73.982239, 40.6537867 ] ] } },
{ "type": "Feature", "properties": { }, "geometry": { "type": "LineString", "coordinates": [ [ -73.9822876, 40.6539227 ], [ -73.9822717, 40.6538767 ] ] } },
{ "type": "Feature", "properties": { }, "geometry": { "type": "LineString", "coordinates": [ [ -73.9838545, 40.6488013 ], [ -73.9837686, 40.648837 ] ] } },
{ "type": "Feature", "properties": { }, "geometry": { "type": "LineString", "coordinates": [ [ -73.9835536, 40.6487421 ], [ -73.9830037, 40.6481148 ] ] } },
{ "type": "Feature", "properties": { }, "geometry": { "type": "LineString", "coordinates": [ [ -73.9830037, 40.6481148 ], [ -73.982775, 40.6478374 ], [ -73.9825091, 40.6475149 ] ] } },
{ "type": "Feature", "properties": { }, "geometry": { "type": "LineString", "coordinates": [ [ -73.9827166, 40.6478754 ], [ -73.982775, 40.6478374 ] ] } },
{ "type": "Feature", "properties": { }, "geometry": { "type": "LineString", "coordinates": [ [ -73.9822233, 40.6470764 ], [ -73.9825091, 40.6475149 ] ] } },
{ "type": "Feature", "properties": { }, "geometry": { "type": "LineString", "coordinates": [ [ -73.9822878, 40.650454 ], [ -73.9822753, 40.6503835 ] ] } },
{ "type": "Feature", "properties": { }, "geometry": { "type": "LineString", "coordinates": [ [ -73.9819365, 40.6504132 ], [ -73.9819454, 40.6503717 ] ] } },
{ "type": "Feature", "properties": { }, "geometry": { "type": "LineString", "coordinates": [ [ -73.9888816, 40.6575341 ], [ -73.9889056, 40.6574753 ] ] } },
{ "type": "Feature", "properties": { }, "geometry": { "type": "LineString", "coordinates": [ [ -73.9887739, 40.6574853 ], [ -73.988808, 40.6574384 ] ] } },
{ "type": "Feature", "properties": { }, "geometry": { "type": "LineString", "coordinates": [ [ -73.9903539, 40.6452883 ], [ -73.9903249, 40.6453128 ] ] } },
{ "type": "Feature", "properties": { }, "geometry": { "type": "LineString", "coordinates": [ [ -73.9884719, 40.6455363 ], [ -73.988444, 40.6455046 ] ] } },
{ "type": "Feature", "properties": { }, "geometry": { "type": "LineString", "coordinates": [ [ -73.9884213, 40.6455692 ], [ -73.9883818, 40.6455371 ] ] } },
{ "type": "Feature", "properties": { }, "geometry": { "type": "LineString", "coordinates": [ [ -73.9883294, 40.6456364 ], [ -73.9882807, 40.6455971 ] ] } },
{ "type": "Feature", "properties": { }, "geometry": { "type": "LineString", "coordinates": [ [ -73.9878253, 40.6461274 ], [ -73.9877751, 40.6461179 ] ] } },
{ "type": "Feature", "properties": { }, "geometry": { "type": "LineString", "coordinates": [ [ -73.9870688, 40.6471161 ], [ -73.9869618, 40.647125 ] ] } },
{ "type": "Feature", "properties": { }, "geometry": { "type": "LineString", "coordinates": [ [ -73.9869431, 40.6472354 ], [ -73.9869618, 40.647125 ] ] } },
{ "type": "Feature", "properties": { }, "geometry": { "type": "LineString", "coordinates": [ [ -73.9872852, 40.647632 ], [ -73.9872225, 40.6476434 ] ] } },
{ "type": "Feature", "properties": { }, "geometry": { "type": "LineString", "coordinates": [ [ -73.986771, 40.6491748 ], [ -73.9867553, 40.6491242 ] ] } },
{ "type": "Feature", "properties": { }, "geometry": { "type": "LineString", "coordinates": [ [ -74.000896, 40.6537435 ], [ -74.0005706, 40.6537598 ], [ -74.0003613, 40.6538059 ], [ -74.000179, 40.6539293 ], [ -73.9996693, 40.6542997 ], [ -73.9993117, 40.6544869 ], [ -73.9990381, 40.6546212 ], [ -73.9989898, 40.654647 ], [ -73.9989094, 40.6547406 ], [ -73.9988647, 40.6548288 ], [ -73.9988557, 40.6548846 ] ] } },
{ "type": "Feature", "properties": { }, "geometry": { "type": "LineString", "coordinates": [ [ -73.9971231, 40.6554443 ], [ -73.997204, 40.6553225 ] ] } },
{ "type": "Feature", "properties": { }, "geometry": { "type": "LineString", "coordinates": [ [ -73.9872505, 40.6562247 ], [ -73.9872003, 40.6562187 ] ] } },
{ "type": "Feature", "properties": { }, "geometry": { "type": "LineString", "coordinates": [ [ -73.9870609, 40.6564682 ], [ -73.9870305, 40.6564271 ] ] } },
{ "type": "Feature", "properties": { }, "geometry": { "type": "LineString", "coordinates": [ [ -73.9875148, 40.6565745 ], [ -73.9874727, 40.6566023 ] ] } },
{ "type": "Feature", "properties": { }, "geometry": { "type": "LineString", "coordinates": [ [ -73.986642, 40.6536387 ], [ -73.9866305, 40.6536034 ] ] } },
{ "type": "Feature", "properties": { }, "geometry": { "type": "LineString", "coordinates": [ [ -73.9867475, 40.6535113 ], [ -73.986696, 40.653517 ] ] } },
{ "type": "Feature", "properties": { }, "geometry": { "type": "LineString", "coordinates": [ [ -73.9865234, 40.6535503 ], [ -73.9864724, 40.653567 ] ] } },
{ "type": "Feature", "properties": { }, "geometry": { "type": "LineString", "coordinates": [ [ -73.9865878, 40.6534668 ], [ -73.9865693, 40.6534314 ] ] } },
{ "type": "Feature", "properties": { }, "geometry": { "type": "LineString", "coordinates": [ [ -73.9858043, 40.6518556 ], [ -73.9857715, 40.6517912 ] ] } },
{ "type": "Feature", "properties": { }, "geometry": { "type": "LineString", "coordinates": [ [ -73.9839828, 40.6512853 ], [ -73.9839664, 40.6512956 ] ] } },
{ "type": "Feature", "properties": { }, "geometry": { "type": "LineString", "coordinates": [ [ -73.9826753, 40.6490067 ], [ -73.9826571, 40.6489748 ] ] } },
{ "type": "Feature", "properties": { }, "geometry": { "type": "LineString", "coordinates": [ [ -73.984004, 40.6518649 ], [ -73.9840216, 40.6518231 ] ] } },
{ "type": "Feature", "properties": { }, "geometry": { "type": "LineString", "coordinates": [ [ -73.9840216, 40.6518231 ], [ -73.9840476, 40.6517695 ] ] } },
{ "type": "Feature", "properties": { }, "geometry": { "type": "LineString", "coordinates": [ [ -73.984389, 40.6520215 ], [ -73.984244, 40.6520211 ] ] } },
{ "type": "Feature", "properties": { }, "geometry": { "type": "LineString", "coordinates": [ [ -73.9837513, 40.6531697 ], [ -73.9836899, 40.6531283 ] ] } },
{ "type": "Feature", "properties": { }, "geometry": { "type": "LineString", "coordinates": [ [ -73.983837, 40.654516 ], [ -73.983787, 40.6545154 ] ] } },
{ "type": "Feature", "properties": { }, "geometry": { "type": "LineString", "coordinates": [ [ -73.9847923, 40.6561495 ], [ -73.9847634, 40.6561781 ] ] } },
{ "type": "Feature", "properties": { }, "geometry": { "type": "LineString", "coordinates": [ [ -73.9914174, 40.6542355 ], [ -73.9913697, 40.6542524 ] ] } },
{ "type": "Feature", "properties": { }, "geometry": { "type": "LineString", "coordinates": [ [ -73.9954448, 40.651602 ], [ -73.9953631, 40.6516096 ] ] } },
{ "type": "Feature", "properties": { }, "geometry": { "type": "LineString", "coordinates": [ [ -73.9842841, 40.6497949 ], [ -73.9842589, 40.6497546 ] ] } },
{ "type": "Feature", "properties": { }, "geometry": { "type": "LineString", "coordinates": [ [ -73.9842219, 40.649815 ], [ -73.984194, 40.6497767 ] ] } },
{ "type": "Feature", "properties": { }, "geometry": { "type": "LineString", "coordinates": [ [ -73.9926971, 40.6524979 ], [ -73.9926798, 40.6524545 ] ] } },
{ "type": "Feature", "properties": { }, "geometry": { "type": "LineString", "coordinates": [ [ -73.9937825, 40.6508562 ], [ -73.9937041, 40.6508229 ] ] } },
{ "type": "Feature", "properties": { }, "geometry": { "type": "LineString", "coordinates": [ [ -73.9938129, 40.6508026 ], [ -73.9937325, 40.6507734 ] ] } },
{ "type": "Feature", "properties": { }, "geometry": { "type": "LineString", "coordinates": [ [ -73.9938748, 40.6508216 ], [ -73.9938129, 40.6508026 ] ] } },
{ "type": "Feature", "properties": { }, "geometry": { "type": "LineString", "coordinates": [ [ -73.9938372, 40.6507298 ], [ -73.9937575, 40.6507158 ] ] } },
{ "type": "Feature", "properties": { }, "geometry": { "type": "LineString", "coordinates": [ [ -73.9938372, 40.6507298 ], [ -73.9938989, 40.6507372 ] ] } },
{ "type": "Feature", "properties": { }, "geometry": { "type": "LineString", "coordinates": [ [ -73.9938475, 40.6506414 ], [ -73.9937825, 40.6506372 ] ] } },
{ "type": "Feature", "properties": { }, "geometry": { "type": "LineString", "coordinates": [ [ -73.9938475, 40.6506414 ], [ -73.9939692, 40.6506379 ] ] } },
{ "type": "Feature", "properties": { }, "geometry": { "type": "LineString", "coordinates": [ [ -73.9937184, 40.6501494 ], [ -73.9936711, 40.6501567 ] ] } },
{ "type": "Feature", "properties": { }, "geometry": { "type": "LineString", "coordinates": [ [ -73.9935933, 40.6494971 ], [ -73.9935216, 40.6495092 ] ] } },
{ "type": "Feature", "properties": { }, "geometry": { "type": "LineString", "coordinates": [ [ -73.9935216, 40.6495092 ], [ -73.9934535, 40.6495237 ] ] } },
{ "type": "Feature", "properties": { }, "geometry": { "type": "LineString", "coordinates": [ [ -73.9934535, 40.6495237 ], [ -73.9934186, 40.6495304 ] ] } },
{ "type": "Feature", "properties": { }, "geometry": { "type": "LineString", "coordinates": [ [ -73.9855497, 40.6501082 ], [ -73.9855133, 40.6501476 ] ] } },
{ "type": "Feature", "properties": { }, "geometry": { "type": "LineString", "coordinates": [ [ -73.9838465, 40.6530832 ], [ -73.9837893, 40.6530452 ] ] } },
{ "type": "Feature", "properties": { }, "geometry": { "type": "LineString", "coordinates": [ [ -73.9839476, 40.6530035 ], [ -73.9838941, 40.6529653 ] ] } },
{ "type": "Feature", "properties": { }, "geometry": { "type": "LineString", "coordinates": [ [ -73.9844542, 40.6532479 ], [ -73.9844023, 40.6532185 ] ] } },
{ "type": "Feature", "properties": { }, "geometry": { "type": "LineString", "coordinates": [ [ -73.9843085, 40.6533785 ], [ -73.9842671, 40.6533563 ] ] } },
{ "type": "Feature", "properties": { }, "geometry": { "type": "LineString", "coordinates": [ [ -73.982558, 40.6544035 ], [ -73.9825181, 40.6544284 ] ] } },
{ "type": "Feature", "properties": { }, "geometry": { "type": "LineString", "coordinates": [ [ -73.982697, 40.6545225 ], [ -73.9826613, 40.6545479 ] ] } },
{ "type": "Feature", "properties": { }, "geometry": { "type": "LineString", "coordinates": [ [ -73.9937929, 40.6531507 ], [ -73.9937424, 40.6532031 ] ] } },
{ "type": "Feature", "properties": { }, "geometry": { "type": "LineString", "coordinates": [ [ -73.9983438, 40.6510913 ], [ -73.9982974, 40.6511224 ] ] } },
{ "type": "Feature", "properties": { }, "geometry": { "type": "LineString", "coordinates": [ [ -73.9984037, 40.6511432 ], [ -73.9983631, 40.6511868 ] ] } },
{ "type": "Feature", "properties": { }, "geometry": { "type": "LineString", "coordinates": [ [ -73.9985838, 40.6513972 ], [ -73.9986328, 40.6513724 ] ] } },
{ "type": "Feature", "properties": { }, "geometry": { "type": "LineString", "coordinates": [ [ -73.9989258, 40.6522953 ], [ -73.9989704, 40.6522608 ] ] } },
{ "type": "Feature", "properties": { }, "geometry": { "type": "LineString", "coordinates": [ [ -73.9998762, 40.6531707 ], [ -73.9999247, 40.6531308 ] ] } },
{ "type": "Feature", "properties": { }, "geometry": { "type": "LineString", "coordinates": [ [ -73.9997837, 40.653113 ], [ -73.9998224, 40.653072 ] ] } },
{ "type": "Feature", "properties": { }, "geometry": { "type": "LineString", "coordinates": [ [ -74.000284, 40.6532587 ], [ -74.0002772, 40.6531903 ] ] } },
{ "type": "Feature", "properties": { }, "geometry": { "type": "LineString", "coordinates": [ [ -73.9999411, 40.6523841 ], [ -74.0000159, 40.6523407 ] ] } },
{ "type": "Feature", "properties": { }, "geometry": { "type": "LineString", "coordinates": [ [ -73.999795, 40.6519243 ], [ -73.9997552, 40.6519483 ] ] } },
{ "type": "Feature", "properties": { }, "geometry": { "type": "LineString", "coordinates": [ [ -73.9912238, 40.6458919 ], [ -73.9912525, 40.6458625 ] ] } },
{ "type": "Feature", "properties": { }, "geometry": { "type": "LineString", "coordinates": [ [ -73.9915106, 40.6460997 ], [ -73.9914182, 40.6460829 ] ] } },
{ "type": "Feature", "properties": { }, "geometry": { "type": "LineString", "coordinates": [ [ -73.9885914, 40.6453535 ], [ -73.9887758, 40.6453311 ] ] } },
{ "type": "Feature", "properties": { }, "geometry": { "type": "LineString", "coordinates": [ [ -73.9862742, 40.6457002 ], [ -73.9862449, 40.6456619 ] ] } },
{ "type": "Feature", "properties": { }, "geometry": { "type": "LineString", "coordinates": [ [ -73.9836866, 40.64703 ], [ -73.983635, 40.6469866 ] ] } },
{ "type": "Feature", "properties": { }, "geometry": { "type": "LineString", "coordinates": [ [ -73.9835635, 40.6470988 ], [ -73.9835244, 40.6470647 ] ] } },
{ "type": "Feature", "properties": { }, "geometry": { "type": "LineString", "coordinates": [ [ -73.9811589, 40.6484932 ], [ -73.9811171, 40.6484852 ] ] } },
{ "type": "Feature", "properties": { }, "geometry": { "type": "LineString", "coordinates": [ [ -73.9816265, 40.650281 ], [ -73.9816132, 40.6503297 ] ] } },
{ "type": "Feature", "properties": { }, "geometry": { "type": "LineString", "coordinates": [ [ -73.9815107, 40.6502555 ], [ -73.9814894, 40.6503025 ] ] } },
{ "type": "Feature", "properties": { }, "geometry": { "type": "LineString", "coordinates": [ [ -73.9817158, 40.6504244 ], [ -73.9816062, 40.6503617 ] ] } },
{ "type": "Feature", "properties": { }, "geometry": { "type": "LineString", "coordinates": [ [ -73.9843714, 40.651943 ], [ -73.9843358, 40.6519944 ] ] } },
{ "type": "Feature", "properties": { }, "geometry": { "type": "LineString", "coordinates": [ [ -73.9841791, 40.6518731 ], [ -73.9841545, 40.6519156 ] ] } },
{ "type": "Feature", "properties": { }, "geometry": { "type": "LineString", "coordinates": [ [ -73.984396, 40.6521205 ], [ -73.9843576, 40.6520443 ] ] } },
{ "type": "Feature", "properties": { }, "geometry": { "type": "LineString", "coordinates": [ [ -73.9834893, 40.6538574 ], [ -73.9834336, 40.6538599 ] ] } },
{ "type": "Feature", "properties": { }, "geometry": { "type": "LineString", "coordinates": [ [ -73.9890111, 40.6564687 ], [ -73.9890117, 40.6563607 ] ] } },
{ "type": "Feature", "properties": { }, "geometry": { "type": "LineString", "coordinates": [ [ -73.9889361, 40.6558364 ], [ -73.9888854, 40.6558407 ] ] } },
{ "type": "Feature", "properties": { }, "geometry": { "type": "LineString", "coordinates": [ [ -73.9887696, 40.6554786 ], [ -73.9888249, 40.6554267 ] ] } },
{ "type": "Feature", "properties": { }, "geometry": { "type": "LineString", "coordinates": [ [ -73.9850614, 40.6495477 ], [ -73.9850322, 40.6495011 ] ] } },
{ "type": "Feature", "properties": { }, "geometry": { "type": "LineString", "coordinates": [ [ -73.9847387, 40.6495971 ], [ -73.9847311, 40.6495561 ] ] } },
{ "type": "Feature", "properties": { }, "geometry": { "type": "LineString", "coordinates": [ [ -73.984551, 40.6494543 ], [ -73.984507, 40.6494855 ] ] } },
{ "type": "Feature", "properties": { }, "geometry": { "type": "LineString", "coordinates": [ [ -73.9838827, 40.6498828 ], [ -73.983858, 40.64984 ] ] } },
{ "type": "Feature", "properties": { }, "geometry": { "type": "LineString", "coordinates": [ [ -73.9827717, 40.6503318 ], [ -73.9827514, 40.6502901 ] ] } },
{ "type": "Feature", "properties": { }, "geometry": { "type": "LineString", "coordinates": [ [ -73.9827114, 40.6503501 ], [ -73.9826886, 40.6503076 ] ] } },
{ "type": "Feature", "properties": { }, "geometry": { "type": "LineString", "coordinates": [ [ -73.9825263, 40.6503885 ], [ -73.982513, 40.6503538 ] ] } },
{ "type": "Feature", "properties": { }, "geometry": { "type": "LineString", "coordinates": [ [ -73.9827444, 40.6502494 ], [ -73.9827615, 40.6502873 ] ] } },
{ "type": "Feature", "properties": { }, "geometry": { "type": "LineString", "coordinates": [ [ -73.9826469, 40.6503192 ], [ -73.9826291, 40.650282 ] ] } },
{ "type": "Feature", "properties": { }, "geometry": { "type": "LineString", "coordinates": [ [ -73.9824353, 40.6504153 ], [ -73.9824177, 40.6503676 ] ] } },
{ "type": "Feature", "properties": { }, "geometry": { "type": "LineString", "coordinates": [ [ -73.9825714, 40.6502952 ], [ -73.9825882, 40.6503355 ] ] } },
{ "type": "Feature", "properties": { }, "geometry": { "type": "LineString", "coordinates": [ [ -73.9825129, 40.6503094 ], [ -73.9825329, 40.6503509 ] ] } },
{ "type": "Feature", "properties": { }, "geometry": { "type": "LineString", "coordinates": [ [ -73.9824145, 40.6503271 ], [ -73.9824273, 40.6503662 ] ] } },
{ "type": "Feature", "properties": { }, "geometry": { "type": "LineString", "coordinates": [ [ -73.9823502, 40.6503383 ], [ -73.9823594, 40.650376 ] ] } },
{ "type": "Feature", "properties": { }, "geometry": { "type": "LineString", "coordinates": [ [ -73.9821897, 40.6503515 ], [ -73.9821866, 40.6503869 ] ] } },
{ "type": "Feature", "properties": { }, "geometry": { "type": "LineString", "coordinates": [ [ -73.9821392, 40.6504295 ], [ -73.9821429, 40.6503886 ] ] } },
{ "type": "Feature", "properties": { }, "geometry": { "type": "LineString", "coordinates": [ [ -73.9819009, 40.6503271 ], [ -73.9818894, 40.6503646 ] ] } },
{ "type": "Feature", "properties": { }, "geometry": { "type": "LineString", "coordinates": [ [ -73.9817815, 40.650306 ], [ -73.9817649, 40.6503489 ] ] } },
{ "type": "Feature", "properties": { }, "geometry": { "type": "LineString", "coordinates": [ [ -73.9812431, 40.6497967 ], [ -73.9811919, 40.6498022 ] ] } },
{ "type": "Feature", "properties": { }, "geometry": { "type": "LineString", "coordinates": [ [ -73.9948287, 40.6558596 ], [ -73.9948811, 40.6558408 ] ] } },
{ "type": "Feature", "properties": { }, "geometry": { "type": "LineString", "coordinates": [ [ -74.001452, 40.6538648 ], [ -74.0011156, 40.6536501 ] ] } },
{ "type": "Feature", "properties": { }, "geometry": { "type": "LineString", "coordinates": [ [ -74.0011156, 40.6536501 ], [ -74.0007343, 40.6531583 ] ] } },
{ "type": "Feature", "properties": { }, "geometry": { "type": "LineString", "coordinates": [ [ -73.9992171, 40.6529202 ], [ -73.9992661, 40.6529976 ], [ -73.9992907, 40.6530845 ], [ -73.9992661, 40.653177 ] ] } },
{ "type": "Feature", "properties": { }, "geometry": { "type": "LineString", "coordinates": [ [ -73.9890183, 40.6509641 ], [ -73.9889967, 40.6509302 ] ] } },
{ "type": "Feature", "properties": { }, "geometry": { "type": "LineString", "coordinates": [ [ -73.9889538, 40.6510343 ], [ -73.9889242, 40.650999 ] ] } },
{ "type": "Feature", "properties": { }, "geometry": { "type": "LineString", "coordinates": [ [ -73.9880571, 40.6514687 ], [ -73.988007, 40.6514702 ] ] } },
{ "type": "Feature", "properties": { }, "geometry": { "type": "LineString", "coordinates": [ [ -73.9877933, 40.651479 ], [ -73.9877081, 40.6514836 ] ] } },
{ "type": "Feature", "properties": { }, "geometry": { "type": "LineString", "coordinates": [ [ -73.9874947, 40.6515299 ], [ -73.98749, 40.6514454 ] ] } },
{ "type": "Feature", "properties": { }, "geometry": { "type": "LineString", "coordinates": [ [ -73.9838589, 40.6517751 ], [ -73.9838378, 40.6518113 ] ] } },
{ "type": "Feature", "properties": { }, "geometry": { "type": "LineString", "coordinates": [ [ -73.9830975, 40.6515976 ], [ -73.9830753, 40.6516279 ] ] } },
{ "type": "Feature", "properties": { }, "geometry": { "type": "LineString", "coordinates": [ [ -73.9828915, 40.6515621 ], [ -73.9829188, 40.6515232 ] ] } },
{ "type": "Feature", "properties": { }, "geometry": { "type": "LineString", "coordinates": [ [ -73.9815636, 40.6514469 ], [ -73.9815178, 40.651454 ] ] } },
{ "type": "Feature", "properties": { }, "geometry": { "type": "LineString", "coordinates": [ [ -73.9901803, 40.656539 ], [ -73.9902433, 40.6565315 ] ] } },
{ "type": "Feature", "properties": { }, "geometry": { "type": "LineString", "coordinates": [ [ -73.9883981, 40.6591498 ], [ -73.988375, 40.6591445 ], [ -73.988347, 40.6591342 ], [ -73.9883078, 40.6591102 ], [ -73.9880397, 40.6589476 ], [ -73.9877527, 40.6587732 ], [ -73.9874457, 40.6585847 ], [ -73.9870652, 40.6583565 ], [ -73.986748, 40.6581643 ], [ -73.9861193, 40.6577887 ], [ -73.9857675, 40.6575758 ], [ -73.985418, 40.657361 ], [ -73.9851637, 40.6572107 ], [ -73.9848955, 40.657047 ], [ -73.9847227, 40.6569456 ], [ -73.9844368, 40.6567708 ], [ -73.9841994, 40.6566248 ], [ -73.9841571, 40.6565915 ] ] } },
{ "type": "Feature", "properties": { }, "geometry": { "type": "LineString", "coordinates": [ [ -73.9896009, 40.6582209 ], [ -73.9895396, 40.6581853 ], [ -73.9894785, 40.6581499 ] ] } },
{ "type": "Feature", "properties": { }, "geometry": { "type": "LineString", "coordinates": [ [ -73.9894785, 40.6581499 ], [ -73.9894618, 40.6581402 ] ] } },
{ "type": "Feature", "properties": { }, "geometry": { "type": "LineString", "coordinates": [ [ -73.9813017, 40.6502425 ], [ -73.9812278, 40.6500901 ], [ -73.9811919, 40.6498022 ], [ -73.9811467, 40.6494395 ] ] } }
]
}
