{
"type": "FeatureCollection",
"name": "osm_buildings",
"crs": { "type": "name", "properties": { "name": "urn:ogc:def:crs:OGC:1.3:CRS84" } },
"features": [
{ "type": "Feature", "properties": { }, "geometry": { "type": "Polygon", "coordinates": [ [ [ -73.991266, 40.6592482 ], [ -73.99141, 40.6593351 ], [ -73.9913407, 40.6594016 ], [ -73.9913138, 40.6594275 ], [ -73.9911699, 40.6593408 ], [ -73.9912482, 40.6592654 ], [ -73.991266, 40.6592482 ] ] ] } },
{ "type": "Feature", "properties": { }, "geometry": { "type": "Polygon", "coordinates": [ [ [ -73.9912008, 40.6592368 ], [ -73.9912482, 40.6592654 ], [ -73.9911699, 40.6593408 ], [ -73.9911089, 40.6593995 ], [ -73.9910615, 40.6593709 ], [ -73.9911021, 40.6593318 ], [ -73.9912008, 40.6592368 ] ] ] } },
{ "type": "Feature", "properties": { }, "geometry": { "type": "Polygon", "coordinates": [ [ [ -73.9911545, 40.6592089 ], [ -73.9912008, 40.6592368 ], [ -73.9911021, 40.6593318 ], [ -73.9910557, 40.6593039 ], [ -73.9911545, 40.6592089 ] ] ] } },
{ "type": "Feature", "properties": { }, "geometry": { "type": "Polygon", "coordinates": [ [ [ -73.9911062, 40.6591798 ], [ -73.9911545, 40.6592089 ], [ -73.9910557, 40.6593039 ], [ -73.9910075, 40.6592748 ], [ -73.9911062, 40.6591798 ] ] ] } },
{ "type": "Feature", "properties": { }, "geometry": { "type": "Polygon", "coordinates": [ [ [ -73.9910613, 40.6591527 ], [ -73.9911062, 40.6591798 ], [ -73.9910075, 40.6592748 ], [ -73.9909626, 40.6592478 ], [ -73.9910613, 40.6591527 ] ] ] } },
{ "type": "Feature", "properties": { }, "geometry": { "type": "Polygon", "coordinates": [ [ [ -73.9910121, 40.6591231 ], [ -73.9910613, 40.6591527 ], [ -73.9909626, 40.6592478 ], [ -73.9909134, 40.6592181 ], [ -73.9910121, 40.6591231 ] ] ] } },
{ "type": "Feature", "properties": { }, "geometry": { "type": "Polygon", "coordinates": [ [ [ -73.9909661, 40.6590954 ], [ -73.9910121, 40.6591231 ], [ -73.9909134, 40.6592181 ], [ -73.9908674, 40.6591904 ], [ -73.9909661, 40.6590954 ] ] ] } },
{ "type": "Feature", "properties": { }, "geometry": { "type": "Polygon", "coordinates": [ [ [ -73.9909176, 40.6590662 ], [ -73.9909661, 40.6590954 ], [ -73.9908674, 40.6591904 ], [ -73.9908189, 40.6591612 ], [ -73.9909176, 40.6590662 ] ] ] } },
{ "type": "Feature", "properties": { }, "geometry": { "type": "Polygon", "coordinates": [ [ [ -73.9908724, 40.6590389 ], [ -73.9909176, 40.6590662 ], [ -73.9908189, 40.6591612 ], [ -73.9907737, 40.659134 ], [ -73.9908724, 40.6590389 ] ] ] } },
{ "type": "Feature", "properties": { }, "geometry": { "type": "Polygon", "coordinates": [ [ [ -73.9908252, 40.6590105 ], [ -73.9908724, 40.6590389 ], [ -73.9907737, 40.659134 ], [ -73.9907265, 40.6591055 ], [ -73.9908252, 40.6590105 ] ] ] } },
{ "type": "Feature", "properties": { }, "geometry": { "type": "Polygon", "coordinates": [ [ [ -73.9907783, 40.6589822 ], [ -73.9908252, 40.6590105 ], [ -73.9907265, 40.6591055 ], [ -73.9906796, 40.6590773 ], [ -73.9907783, 40.6589822 ] ] ] } },
{ "type": "Feature", "properties": { }, "geometry": { "type": "Polygon", "coordinates": [ [ [ -73.9907278, 40.6589518 ], [ -73.9907783, 40.6589822 ], [ -73.9906796, 40.6590773 ], [ -73.9906291, 40.6590468 ], [ -73.9907278, 40.6589518 ] ] ] } },
{ "type": "Feature", "properties": { }, "geometry": { "type": "Polygon", "coordinates": [ [ [ -73.9904938, 40.6592817 ], [ -73.9905618, 40.6593227 ], [ -73.9904377, 40.6594422 ], [ -73.9903697, 40.6594012 ], [ -73.9903879, 40.6593837 ], [ -73.9904713, 40.6593034 ], [ -73.9904938, 40.6592817 ] ] ] } },
{ "type": "Feature", "properties": { }, "geometry": { "type": "Polygon", "coordinates": [ [ [ -73.9906809, 40.6589236 ], [ -73.9907278, 40.6589518 ], [ -73.9906291, 40.6590468 ], [ -73.9905822, 40.6590186 ], [ -73.9906809, 40.6589236 ] ] ] } },
{ "type": "Feature", "properties": { }, "geometry": { "type": "Polygon", "coordinates": [ [ [ -73.9904144, 40.6592691 ], [ -73.9904713, 40.6593034 ], [ -73.9903879, 40.6593837 ], [ -73.990331, 40.6593494 ], [ -73.9904144, 40.6592691 ] ] ] } },
{ "type": "Feature", "properties": { }, "geometry": { "type": "Polygon", "coordinates": [ [ [ -73.9905822, 40.6590186 ], [ -73.9905285, 40.6589863 ], [ -73.9906488, 40.6588705 ], [ -73.9907025, 40.6589029 ], [ -73.9906809, 40.6589236 ], [ -73.9905822, 40.6590186 ] ] ] } },
{ "type": "Feature", "properties": { }, "geometry": { "type": "Polygon", "coordinates": [ [ [ -73.9903136, 40.6593663 ], [ -73.9902568, 40.6593321 ], [ -73.9903705, 40.6592226 ], [ -73.9903981, 40.6592392 ], [ -73.9904142, 40.6592237 ], [ -73.9904433, 40.6592413 ], [ -73.9904144, 40.6592691 ], [ -73.990331, 40.6593494 ], [ -73.9903136, 40.6593663 ] ] ] } },
{ "type": "Feature", "properties": { }, "geometry": { "type": "Polygon", "coordinates": [ [ [ -73.9904031, 40.6590752 ], [ -73.9904755, 40.6591179 ], [ -73.9904326, 40.6591601 ], [ -73.9903601, 40.6591174 ], [ -73.9903796, 40.6590983 ], [ -73.9904031, 40.6590752 ] ] ] } },
{ "type": "Feature", "properties": { }, "geometry": { "type": "Polygon", "coordinates": [ [ [ -73.9904484, 40.6587498 ], [ -73.9904981, 40.6587798 ], [ -73.9903884, 40.6588854 ], [ -73.9903386, 40.6588554 ], [ -73.990369, 40.6588263 ], [ -73.9904484, 40.6587498 ] ] ] } },
{ "type": "Feature", "properties": { }, "geometry": { "type": "Polygon", "coordinates": [ [ [ -73.9901533, 40.6590976 ], [ -73.9901679, 40.6591066 ], [ -73.9902029, 40.6590733 ], [ -73.9902416, 40.659097 ], [ -73.9902067, 40.6591302 ], [ -73.9902216, 40.6591393 ], [ -73.9901089, 40.6592464 ], [ -73.9900405, 40.6592047 ], [ -73.9901533, 40.6590976 ] ] ] } },
{ "type": "Feature", "properties": { }, "geometry": { "type": "Polygon", "coordinates": [ [ [ -73.9903927, 40.6587163 ], [ -73.9904484, 40.6587498 ], [ -73.990369, 40.6588263 ], [ -73.9903133, 40.6587927 ], [ -73.9903346, 40.6587722 ], [ -73.9903927, 40.6587163 ] ] ] } },
{ "type": "Feature", "properties": { }, "geometry": { "type": "Polygon", "coordinates": [ [ [ -73.9903355, 40.6586818 ], [ -73.9903927, 40.6587163 ], [ -73.9903346, 40.6587722 ], [ -73.9902774, 40.6587377 ], [ -73.9903355, 40.6586818 ] ] ] } },
{ "type": "Feature", "properties": { }, "geometry": { "type": "Polygon", "coordinates": [ [ [ -73.9900827, 40.6590545 ], [ -73.9900955, 40.6590623 ], [ -73.9901305, 40.6590291 ], [ -73.9901733, 40.6590553 ], [ -73.9901383, 40.6590885 ], [ -73.9901533, 40.6590976 ], [ -73.9900405, 40.6592047 ], [ -73.98997, 40.6591616 ], [ -73.9900827, 40.6590545 ] ] ] } },
{ "type": "Feature", "properties": { }, "geometry": { "type": "Polygon", "coordinates": [ [ [ -73.9902756, 40.6586457 ], [ -73.9903355, 40.6586818 ], [ -73.9902774, 40.6587377 ], [ -73.9902175, 40.6587016 ], [ -73.9902756, 40.6586457 ] ] ] } },
{ "type": "Feature", "properties": { }, "geometry": { "type": "Polygon", "coordinates": [ [ [ -73.9900102, 40.6590143 ], [ -73.9900234, 40.6590224 ], [ -73.990061, 40.6589867 ], [ -73.9901039, 40.6590129 ], [ -73.990069, 40.6590461 ], [ -73.9900827, 40.6590545 ], [ -73.98997, 40.6591616 ], [ -73.9899, 40.659119 ], [ -73.9900102, 40.6590143 ] ] ] } },
{ "type": "Feature", "properties": { }, "geometry": { "type": "Polygon", "coordinates": [ [ [ -73.9902211, 40.6586128 ], [ -73.9902756, 40.6586457 ], [ -73.9902175, 40.6587016 ], [ -73.9901763, 40.6587413 ], [ -73.9901572, 40.6587297 ], [ -73.990131, 40.6587549 ], [ -73.9900956, 40.6587336 ], [ -73.9902211, 40.6586128 ] ] ] } },
{ "type": "Feature", "properties": { }, "geometry": { "type": "Polygon", "coordinates": [ [ [ -73.989938, 40.6589703 ], [ -73.989953, 40.6589794 ], [ -73.9899906, 40.6589437 ], [ -73.9900319, 40.6589689 ], [ -73.9899943, 40.6590046 ], [ -73.9900102, 40.6590143 ], [ -73.9899, 40.659119 ], [ -73.9898279, 40.6590749 ], [ -73.989938, 40.6589703 ] ] ] } },
{ "type": "Feature", "properties": { }, "geometry": { "type": "Polygon", "coordinates": [ [ [ -73.9897328, 40.6592434 ], [ -73.9897793, 40.6592716 ], [ -73.9896502, 40.6593953 ], [ -73.9896037, 40.6593672 ], [ -73.9897328, 40.6592434 ] ] ] } },
{ "type": "Feature", "properties": { }, "geometry": { "type": "Polygon", "coordinates": [ [ [ -73.9901653, 40.6585793 ], [ -73.9902211, 40.6586128 ], [ -73.9900956, 40.6587336 ], [ -73.9900632, 40.6587141 ], [ -73.9900894, 40.6586888 ], [ -73.9900661, 40.6586748 ], [ -73.9901653, 40.6585793 ] ] ] } },
{ "type": "Feature", "properties": { }, "geometry": { "type": "Polygon", "coordinates": [ [ [ -73.9901101, 40.658546 ], [ -73.9901653, 40.6585793 ], [ -73.9900661, 40.6586748 ], [ -73.9900429, 40.6586608 ], [ -73.9900167, 40.6586861 ], [ -73.9899846, 40.6586668 ], [ -73.9901101, 40.658546 ] ] ] } },
{ "type": "Feature", "properties": { }, "geometry": { "type": "Polygon", "coordinates": [ [ [ -73.9898675, 40.6589273 ], [ -73.9898824, 40.6589363 ], [ -73.9899199, 40.6589006 ], [ -73.9899629, 40.6589269 ], [ -73.9899254, 40.6589626 ], [ -73.989938, 40.6589703 ], [ -73.9898279, 40.6590749 ], [ -73.9897574, 40.6590319 ], [ -73.9898675, 40.6589273 ] ] ] } },
{ "type": "Feature", "properties": { }, "geometry": { "type": "Polygon", "coordinates": [ [ [ -73.9896037, 40.6593672 ], [ -73.9895573, 40.6593391 ], [ -73.9896864, 40.6592153 ], [ -73.9897328, 40.6592434 ], [ -73.9896037, 40.6593672 ] ] ] } },
{ "type": "Feature", "properties": { }, "geometry": { "type": "Polygon", "coordinates": [ [ [ -73.9900482, 40.6585087 ], [ -73.9901101, 40.658546 ], [ -73.9899846, 40.6586668 ], [ -73.9899491, 40.6586454 ], [ -73.9899754, 40.65862 ], [ -73.9899491, 40.6586042 ], [ -73.9900482, 40.6585087 ] ] ] } },
{ "type": "Feature", "properties": { }, "geometry": { "type": "Polygon", "coordinates": [ [ [ -73.9898008, 40.6588865 ], [ -73.9898139, 40.6588945 ], [ -73.9898525, 40.6588579 ], [ -73.9898945, 40.6588836 ], [ -73.989856, 40.6589202 ], [ -73.9898675, 40.6589273 ], [ -73.9897574, 40.6590319 ], [ -73.9896907, 40.6589911 ], [ -73.9898008, 40.6588865 ] ] ] } },
{ "type": "Feature", "properties": { }, "geometry": { "type": "Polygon", "coordinates": [ [ [ -73.9896274, 40.6591645 ], [ -73.9896873, 40.6592007 ], [ -73.9895618, 40.659321 ], [ -73.9895019, 40.6592848 ], [ -73.9896274, 40.6591645 ] ] ] } },
{ "type": "Feature", "properties": { }, "geometry": { "type": "Polygon", "coordinates": [ [ [ -73.9899968, 40.6584777 ], [ -73.9900482, 40.6585087 ], [ -73.9899491, 40.6586042 ], [ -73.9899288, 40.658592 ], [ -73.9899025, 40.6586173 ], [ -73.989897, 40.658614 ], [ -73.9898695, 40.6586404 ], [ -73.9898438, 40.6586249 ], [ -73.9898713, 40.6585985 ], [ -73.9899968, 40.6584777 ] ] ] } },
{ "type": "Feature", "properties": { }, "geometry": { "type": "Polygon", "coordinates": [ [ [ -73.9895534, 40.6591197 ], [ -73.989611, 40.6591546 ], [ -73.9894769, 40.6592831 ], [ -73.9894192, 40.6592482 ], [ -73.9895534, 40.6591197 ] ] ] } },
{ "type": "Feature", "properties": { }, "geometry": { "type": "Polygon", "coordinates": [ [ [ -73.989922, 40.6584327 ], [ -73.9899968, 40.6584777 ], [ -73.9898713, 40.6585985 ], [ -73.9898396, 40.6585794 ], [ -73.989854, 40.6585655 ], [ -73.9898403, 40.6585573 ], [ -73.9898492, 40.6585486 ], [ -73.9898199, 40.658531 ], [ -73.989922, 40.6584327 ] ] ] } },
{ "type": "Feature", "properties": { }, "geometry": { "type": "Polygon", "coordinates": [ [ [ -73.9894192, 40.6592482 ], [ -73.9893647, 40.6592152 ], [ -73.9894988, 40.6590867 ], [ -73.9895534, 40.6591197 ], [ -73.9894192, 40.6592482 ] ] ] } },
{ "type": "Feature", "properties": { }, "geometry": { "type": "Polygon", "coordinates": [ [ [ -73.9898685, 40.6584004 ], [ -73.989922, 40.6584327 ], [ -73.9898199, 40.658531 ], [ -73.9897892, 40.6585605 ], [ -73.9897372, 40.6585292 ], [ -73.9897853, 40.6584829 ], [ -73.9897969, 40.6584899 ], [ -73.9898161, 40.6584714 ], [ -73.989803, 40.6584635 ], [ -73.9898363, 40.6584314 ], [ -73.9898685, 40.6584004 ] ] ] } },
{ "type": "Feature", "properties": { }, "geometry": { "type": "Polygon", "coordinates": [ [ [ -73.989638, 40.658881 ], [ -73.9896259, 40.6588736 ], [ -73.989708, 40.658795 ], [ -73.9898232, 40.6588653 ], [ -73.9898008, 40.6588865 ], [ -73.9896907, 40.6589911 ], [ -73.9895881, 40.6589285 ], [ -73.989638, 40.658881 ] ] ] } },
{ "type": "Feature", "properties": { }, "geometry": { "type": "Polygon", "coordinates": [ [ [ -73.9894183, 40.659038 ], [ -73.9894683, 40.6590682 ], [ -73.9893347, 40.6591964 ], [ -73.9892846, 40.6591661 ], [ -73.9894183, 40.659038 ] ] ] } },
{ "type": "Feature", "properties": { }, "geometry": { "type": "Polygon", "coordinates": [ [ [ -73.9896967, 40.6587396 ], [ -73.9897391, 40.6587652 ], [ -73.989708, 40.658795 ], [ -73.9896259, 40.6588736 ], [ -73.989638, 40.658881 ], [ -73.9895881, 40.6589285 ], [ -73.9895344, 40.6588951 ], [ -73.9896967, 40.6587396 ] ] ] } },
{ "type": "Feature", "properties": { }, "geometry": { "type": "Polygon", "coordinates": [ [ [ -73.9892846, 40.6591661 ], [ -73.9892245, 40.6591297 ], [ -73.9893582, 40.6590016 ], [ -73.9894183, 40.659038 ], [ -73.9892846, 40.6591661 ] ] ] } },
{ "type": "Feature", "properties": { }, "geometry": { "type": "Polygon", "coordinates": [ [ [ -73.9895268, 40.6588162 ], [ -73.9895409, 40.6588247 ], [ -73.9896557, 40.6587147 ], [ -73.9896967, 40.6587396 ], [ -73.9895344, 40.6588951 ], [ -73.9894792, 40.6588617 ], [ -73.9895268, 40.6588162 ] ] ] } },
{ "type": "Feature", "properties": { }, "geometry": { "type": "Polygon", "coordinates": [ [ [ -73.9892868, 40.6589583 ], [ -73.9893418, 40.6589915 ], [ -73.9892391, 40.6590894 ], [ -73.9891841, 40.6590562 ], [ -73.9892398, 40.6590031 ], [ -73.9892868, 40.6589583 ] ] ] } },
{ "type": "Feature", "properties": { }, "geometry": { "type": "Polygon", "coordinates": [ [ [ -73.9895018, 40.6587529 ], [ -73.9895365, 40.6587739 ], [ -73.9895573, 40.658754 ], [ -73.9895784, 40.6587667 ], [ -73.9895268, 40.6588162 ], [ -73.9894792, 40.6588617 ], [ -73.9894235, 40.658828 ], [ -73.9894668, 40.6587866 ], [ -73.9895018, 40.6587529 ] ] ] } },
{ "type": "Feature", "properties": { }, "geometry": { "type": "Polygon", "coordinates": [ [ [ -73.988721, 40.659146 ], [ -73.9888612, 40.6592308 ], [ -73.9887936, 40.6592955 ], [ -73.9886534, 40.6592107 ], [ -73.988721, 40.659146 ] ] ] } },
{ "type": "Feature", "properties": { }, "geometry": { "type": "Polygon", "coordinates": [ [ [ -73.9887864, 40.6590833 ], [ -73.9888207, 40.6591041 ], [ -73.9888274, 40.6590977 ], [ -73.9889494, 40.6591715 ], [ -73.9888999, 40.659219 ], [ -73.9887435, 40.6591244 ], [ -73.9887462, 40.6591219 ], [ -73.9887864, 40.6590833 ] ] ] } },
{ "type": "Feature", "properties": { }, "geometry": { "type": "Polygon", "coordinates": [ [ [ -73.989058, 40.6591726 ], [ -73.9891176, 40.6592087 ], [ -73.9890723, 40.6592521 ], [ -73.9890127, 40.6592161 ], [ -73.989058, 40.6591726 ] ] ] } },
{ "type": "Feature", "properties": { }, "geometry": { "type": "Polygon", "coordinates": [ [ [ -73.989043, 40.6590681 ], [ -73.9889829, 40.6591254 ], [ -73.988835, 40.6590362 ], [ -73.9888951, 40.6589788 ], [ -73.989043, 40.6590681 ] ] ] } },
{ "type": "Feature", "properties": { }, "geometry": { "type": "Polygon", "coordinates": [ [ [ -73.9889555, 40.6589212 ], [ -73.9891034, 40.6590104 ], [ -73.989043, 40.6590681 ], [ -73.9888951, 40.6589788 ], [ -73.9889555, 40.6589212 ] ] ] } },
{ "type": "Feature", "properties": { }, "geometry": { "type": "Polygon", "coordinates": [ [ [ -73.989013, 40.6588663 ], [ -73.9891609, 40.6589555 ], [ -73.9891034, 40.6590104 ], [ -73.9889555, 40.6589212 ], [ -73.989013, 40.6588663 ] ] ] } },
{ "type": "Feature", "properties": { }, "geometry": { "type": "Polygon", "coordinates": [ [ [ -73.9892637, 40.6586431 ], [ -73.9892543, 40.6586291 ], [ -73.9892683, 40.6586156 ], [ -73.9892894, 40.6586184 ], [ -73.9894064, 40.6586892 ], [ -73.9893675, 40.6587265 ], [ -73.9892505, 40.6586557 ], [ -73.9892637, 40.6586431 ] ] ] } },
{ "type": "Feature", "properties": { }, "geometry": { "type": "Polygon", "coordinates": [ [ [ -73.9892894, 40.6586184 ], [ -73.9893033, 40.6586051 ], [ -73.9892997, 40.6585855 ], [ -73.9893082, 40.6585775 ], [ -73.9893267, 40.6585791 ], [ -73.989448, 40.6586525 ], [ -73.9894692, 40.6586653 ], [ -73.9894296, 40.6587033 ], [ -73.9894064, 40.6586892 ], [ -73.9892894, 40.6586184 ] ] ] } },
{ "type": "Feature", "properties": { }, "geometry": { "type": "Polygon", "coordinates": [ [ [ -73.9893447, 40.6585618 ], [ -73.9893421, 40.6585506 ], [ -73.9893562, 40.6585372 ], [ -73.9893721, 40.6585356 ], [ -73.9894934, 40.658609 ], [ -73.989448, 40.6586525 ], [ -73.9893267, 40.6585791 ], [ -73.9893447, 40.6585618 ] ] ] } },
{ "type": "Feature", "properties": { }, "geometry": { "type": "Polygon", "coordinates": [ [ [ -73.9893823, 40.6585258 ], [ -73.9893805, 40.6585057 ], [ -73.9894051, 40.6585039 ], [ -73.9895264, 40.6585773 ], [ -73.9894934, 40.658609 ], [ -73.9893721, 40.6585356 ], [ -73.9893823, 40.6585258 ] ] ] } },
{ "type": "Feature", "properties": { }, "geometry": { "type": "Polygon", "coordinates": [ [ [ -73.9894201, 40.6584895 ], [ -73.9894168, 40.6584727 ], [ -73.9894413, 40.6584692 ], [ -73.9895626, 40.6585426 ], [ -73.9895264, 40.6585773 ], [ -73.9894051, 40.6585039 ], [ -73.9894201, 40.6584895 ] ] ] } },
{ "type": "Feature", "properties": { }, "geometry": { "type": "Polygon", "coordinates": [ [ [ -73.9894565, 40.6584547 ], [ -73.9894505, 40.658438 ], [ -73.9894755, 40.6584365 ], [ -73.9895968, 40.6585099 ], [ -73.9895626, 40.6585426 ], [ -73.9894413, 40.6584692 ], [ -73.9894565, 40.6584547 ] ] ] } },
{ "type": "Feature", "properties": { }, "geometry": { "type": "Polygon", "coordinates": [ [ [ -73.9894905, 40.6584221 ], [ -73.9894864, 40.6584054 ], [ -73.9895101, 40.6584033 ], [ -73.9896314, 40.6584767 ], [ -73.9895968, 40.6585099 ], [ -73.9894755, 40.6584365 ], [ -73.9894905, 40.6584221 ] ] ] } },
{ "type": "Feature", "properties": { }, "geometry": { "type": "Polygon", "coordinates": [ [ [ -73.9895261, 40.658388 ], [ -73.9895242, 40.6583718 ], [ -73.9895463, 40.6583686 ], [ -73.9896676, 40.658442 ], [ -73.9896314, 40.6584767 ], [ -73.9895101, 40.6584033 ], [ -73.9895261, 40.658388 ] ] ] } },
{ "type": "Feature", "properties": { }, "geometry": { "type": "Polygon", "coordinates": [ [ [ -73.9895599, 40.6583555 ], [ -73.9895558, 40.6583389 ], [ -73.9895818, 40.6583346 ], [ -73.9897031, 40.658408 ], [ -73.9896676, 40.658442 ], [ -73.9895463, 40.6583686 ], [ -73.9895599, 40.6583555 ] ] ] } },
{ "type": "Feature", "properties": { }, "geometry": { "type": "Polygon", "coordinates": [ [ [ -73.9895978, 40.6583193 ], [ -73.9895937, 40.6583027 ], [ -73.9896181, 40.6582998 ], [ -73.9897394, 40.6583732 ], [ -73.9897031, 40.658408 ], [ -73.9895818, 40.6583346 ], [ -73.9895978, 40.6583193 ] ] ] } },
{ "type": "Feature", "properties": { }, "geometry": { "type": "Polygon", "coordinates": [ [ [ -73.9913878, 40.6593995 ], [ -73.9913684, 40.6594182 ], [ -73.9913407, 40.6594016 ], [ -73.99141, 40.6593351 ], [ -73.9914741, 40.6593735 ], [ -73.9914811, 40.6593668 ], [ -73.9916259, 40.6594536 ], [ -73.9915692, 40.6595082 ], [ -73.9914306, 40.6594251 ], [ -73.9913878, 40.6593995 ] ] ] } },
{ "type": "Feature", "properties": { }, "geometry": { "type": "Polygon", "coordinates": [ [ [ -73.9893777, 40.6587327 ], [ -73.9894668, 40.6587866 ], [ -73.9894235, 40.658828 ], [ -73.9893345, 40.6587742 ], [ -73.9893777, 40.6587327 ] ] ] } },
{ "type": "Feature", "properties": { }, "geometry": { "type": "Polygon", "coordinates": [ [ [ -73.9898363, 40.6584314 ], [ -73.9897841, 40.6583999 ], [ -73.9898163, 40.658369 ], [ -73.9898685, 40.6584004 ], [ -73.9898363, 40.6584314 ] ] ] } },
{ "type": "Feature", "properties": { }, "geometry": { "type": "Polygon", "coordinates": [ [ [ -73.9904495, 40.6590294 ], [ -73.9905084, 40.6590641 ], [ -73.9904676, 40.6591043 ], [ -73.9904087, 40.6590696 ], [ -73.9904495, 40.6590294 ] ] ] } },
{ "type": "Feature", "properties": { }, "geometry": { "type": "Polygon", "coordinates": [ [ [ -73.9903288, 40.6591482 ], [ -73.9902669, 40.6591117 ], [ -73.9903177, 40.6590618 ], [ -73.9903796, 40.6590983 ], [ -73.9903601, 40.6591174 ], [ -73.9903288, 40.6591482 ] ] ] } },
{ "type": "Feature", "properties": { }, "geometry": { "type": "Polygon", "coordinates": [ [ [ -73.9890723, 40.6592521 ], [ -73.9890084, 40.6593134 ], [ -73.9890045, 40.6593171 ], [ -73.9889449, 40.6592811 ], [ -73.9890127, 40.6592161 ], [ -73.9890723, 40.6592521 ] ] ] } },
{ "type": "Feature", "properties": { }, "geometry": { "type": "Polygon", "coordinates": [ [ [ -73.9901142, 40.6588063 ], [ -73.9901649, 40.6588374 ], [ -73.9901148, 40.6588848 ], [ -73.9900641, 40.6588537 ], [ -73.9900781, 40.6588404 ], [ -73.9901142, 40.6588063 ] ] ] } },
{ "type": "Feature", "properties": { }, "geometry": { "type": "Polygon", "coordinates": [ [ [ -73.989013, 40.6588663 ], [ -73.98906, 40.6588215 ], [ -73.9892079, 40.6589107 ], [ -73.9892868, 40.6589583 ], [ -73.9892398, 40.6590031 ], [ -73.9891609, 40.6589555 ], [ -73.989013, 40.6588663 ] ] ] } },
{ "type": "Feature", "properties": { }, "geometry": { "type": "Polygon", "coordinates": [ [ [ -73.9896306, 40.6582878 ], [ -73.9896284, 40.6582719 ], [ -73.989649, 40.6582701 ], [ -73.9897703, 40.6583435 ], [ -73.9897394, 40.6583732 ], [ -73.9896181, 40.6582998 ], [ -73.9896306, 40.6582878 ] ] ] } },
{ "type": "Feature", "properties": { }, "geometry": { "type": "Polygon", "coordinates": [ [ [ -73.9893777, 40.6587327 ], [ -73.9893345, 40.6587742 ], [ -73.9892073, 40.6586972 ], [ -73.9892028, 40.6586842 ], [ -73.9892149, 40.6586726 ], [ -73.9892338, 40.6586718 ], [ -73.9892505, 40.6586557 ], [ -73.9893675, 40.6587265 ], [ -73.9893777, 40.6587327 ] ] ] } },
{ "type": "Feature", "properties": { }, "geometry": { "type": "Polygon", "coordinates": [ [ [ -73.9930519, 40.6594063 ], [ -73.9931289, 40.6594533 ], [ -73.9930153, 40.6595612 ], [ -73.9929383, 40.6595142 ], [ -73.9929519, 40.6595013 ], [ -73.9930519, 40.6594063 ] ] ] } },
{ "type": "Feature", "properties": { }, "geometry": { "type": "Polygon", "coordinates": [ [ [ -73.9929948, 40.6593715 ], [ -73.9930519, 40.6594063 ], [ -73.9929519, 40.6595013 ], [ -73.9929366, 40.659492 ], [ -73.9929546, 40.6594749 ], [ -73.9929128, 40.6594494 ], [ -73.9929463, 40.6594176 ], [ -73.9929948, 40.6593715 ] ] ] } },
{ "type": "Feature", "properties": { }, "geometry": { "type": "Polygon", "coordinates": [ [ [ -73.9929261, 40.6593295 ], [ -73.9929948, 40.6593715 ], [ -73.9929463, 40.6594176 ], [ -73.9929158, 40.6593991 ], [ -73.9928951, 40.6594187 ], [ -73.9929059, 40.6594253 ], [ -73.9927739, 40.6595508 ], [ -73.9927248, 40.6595208 ], [ -73.9929261, 40.6593295 ] ] ] } },
{ "type": "Feature", "properties": { }, "geometry": { "type": "Polygon", "coordinates": [ [ [ -73.9927248, 40.6595208 ], [ -73.9926733, 40.6594894 ], [ -73.9928064, 40.6593629 ], [ -73.9928181, 40.65937 ], [ -73.9928369, 40.6593521 ], [ -73.9928064, 40.6593334 ], [ -73.9928557, 40.6592866 ], [ -73.9929261, 40.6593295 ], [ -73.9927248, 40.6595208 ] ] ] } },
{ "type": "Feature", "properties": { }, "geometry": { "type": "Polygon", "coordinates": [ [ [ -73.9927841, 40.6592429 ], [ -73.9928403, 40.6592772 ], [ -73.992755, 40.6593583 ], [ -73.9926988, 40.659324 ], [ -73.9927236, 40.6593004 ], [ -73.9927841, 40.6592429 ] ] ] } },
{ "type": "Feature", "properties": { }, "geometry": { "type": "Polygon", "coordinates": [ [ [ -73.9927125, 40.6591992 ], [ -73.9927841, 40.6592429 ], [ -73.9927236, 40.6593004 ], [ -73.992652, 40.6592567 ], [ -73.9926564, 40.6592526 ], [ -73.9927125, 40.6591992 ] ] ] } },
{ "type": "Feature", "properties": { }, "geometry": { "type": "Polygon", "coordinates": [ [ [ -73.9926609, 40.6591677 ], [ -73.9927125, 40.6591992 ], [ -73.9926564, 40.6592526 ], [ -73.9926047, 40.6592211 ], [ -73.9926562, 40.6591722 ], [ -73.9926609, 40.6591677 ] ] ] } },
{ "type": "Feature", "properties": { }, "geometry": { "type": "Polygon", "coordinates": [ [ [ -73.9926008, 40.6592249 ], [ -73.9925492, 40.6591934 ], [ -73.9926046, 40.6591407 ], [ -73.9926562, 40.6591722 ], [ -73.9926047, 40.6592211 ], [ -73.9926008, 40.6592249 ] ] ] } },
{ "type": "Feature", "properties": { }, "geometry": { "type": "Polygon", "coordinates": [ [ [ -73.9925494, 40.6591066 ], [ -73.9925981, 40.6591352 ], [ -73.9925871, 40.6591461 ], [ -73.9925801, 40.659142 ], [ -73.9925434, 40.6591782 ], [ -73.9925498, 40.6591819 ], [ -73.9925119, 40.6592192 ], [ -73.9924638, 40.6591909 ], [ -73.9925494, 40.6591066 ] ] ] } },
{ "type": "Feature", "properties": { }, "geometry": { "type": "Polygon", "coordinates": [ [ [ -73.9924083, 40.6591583 ], [ -73.9924495, 40.6591177 ], [ -73.9924939, 40.6590739 ], [ -73.9925494, 40.6591066 ], [ -73.9924638, 40.6591909 ], [ -73.9924282, 40.6591699 ], [ -73.9924083, 40.6591583 ] ] ] } },
{ "type": "Feature", "properties": { }, "geometry": { "type": "Polygon", "coordinates": [ [ [ -73.9919232, 40.6587251 ], [ -73.9919946, 40.658768 ], [ -73.9918805, 40.6588771 ], [ -73.9918091, 40.6588342 ], [ -73.9919112, 40.6587366 ], [ -73.9919232, 40.6587251 ] ] ] } },
{ "type": "Feature", "properties": { }, "geometry": { "type": "Polygon", "coordinates": [ [ [ -73.9917985, 40.6588444 ], [ -73.9917681, 40.6588261 ], [ -73.9918107, 40.6587853 ], [ -73.9918172, 40.6587892 ], [ -73.9918257, 40.6587811 ], [ -73.9917975, 40.658764 ], [ -73.991859, 40.6587052 ], [ -73.9919112, 40.6587366 ], [ -73.9918091, 40.6588342 ], [ -73.9917985, 40.6588444 ] ] ] } },
{ "type": "Feature", "properties": { }, "geometry": { "type": "Polygon", "coordinates": [ [ [ -73.9916251, 40.6585644 ], [ -73.9918446, 40.6586965 ], [ -73.9916898, 40.6588445 ], [ -73.9914703, 40.6587125 ], [ -73.9915256, 40.6586596 ], [ -73.9916195, 40.6585698 ], [ -73.9916251, 40.6585644 ] ] ] } },
{ "type": "Feature", "properties": { }, "geometry": { "type": "Polygon", "coordinates": [ [ [ -73.991585, 40.659047 ], [ -73.9916583, 40.6590907 ], [ -73.9915468, 40.659199 ], [ -73.9914735, 40.6591553 ], [ -73.9915041, 40.6591256 ], [ -73.9915732, 40.6590584 ], [ -73.991585, 40.659047 ] ] ] } },
{ "type": "Feature", "properties": { }, "geometry": { "type": "Polygon", "coordinates": [ [ [ -73.9915722, 40.6585414 ], [ -73.9916195, 40.6585698 ], [ -73.9915256, 40.6586596 ], [ -73.9914824, 40.6586337 ], [ -73.9914904, 40.6586259 ], [ -73.9914864, 40.6586235 ], [ -73.9914909, 40.6586191 ], [ -73.9915722, 40.6585414 ] ] ] } },
{ "type": "Feature", "properties": { }, "geometry": { "type": "Polygon", "coordinates": [ [ [ -73.9915275, 40.6585145 ], [ -73.9915722, 40.6585414 ], [ -73.9914909, 40.6586191 ], [ -73.9914462, 40.6585922 ], [ -73.9915275, 40.6585145 ] ] ] } },
{ "type": "Feature", "properties": { }, "geometry": { "type": "Polygon", "coordinates": [ [ [ -73.9915261, 40.6590303 ], [ -73.9915732, 40.6590584 ], [ -73.9915041, 40.6591256 ], [ -73.9914571, 40.6590975 ], [ -73.9914609, 40.6590937 ], [ -73.9915261, 40.6590303 ] ] ] } },
{ "type": "Feature", "properties": { }, "geometry": { "type": "Polygon", "coordinates": [ [ [ -73.9913619, 40.658465 ], [ -73.9914237, 40.6585021 ], [ -73.9914061, 40.6585191 ], [ -73.9914284, 40.6585324 ], [ -73.9913969, 40.6585625 ], [ -73.9913699, 40.6585883 ], [ -73.9912929, 40.658542 ], [ -73.9912994, 40.6585357 ], [ -73.9912927, 40.6585317 ], [ -73.9913619, 40.658465 ] ] ] } },
{ "type": "Feature", "properties": { }, "geometry": { "type": "Polygon", "coordinates": [ [ [ -73.991478, 40.6590016 ], [ -73.9915261, 40.6590303 ], [ -73.9914609, 40.6590937 ], [ -73.9914128, 40.659065 ], [ -73.991478, 40.6590016 ] ] ] } },
{ "type": "Feature", "properties": { }, "geometry": { "type": "Polygon", "coordinates": [ [ [ -73.9912921, 40.6583756 ], [ -73.9913358, 40.6584018 ], [ -73.9912363, 40.6584978 ], [ -73.9912029, 40.65853 ], [ -73.9911593, 40.6585038 ], [ -73.9912031, 40.6584615 ], [ -73.9912921, 40.6583756 ] ] ] } },
{ "type": "Feature", "properties": { }, "geometry": { "type": "Polygon", "coordinates": [ [ [ -73.9912496, 40.65835 ], [ -73.9912921, 40.6583756 ], [ -73.9912031, 40.6584615 ], [ -73.9911857, 40.658451 ], [ -73.9911661, 40.6584699 ], [ -73.9911409, 40.6584548 ], [ -73.9911972, 40.6584006 ], [ -73.9912496, 40.65835 ] ] ] } },
{ "type": "Feature", "properties": { }, "geometry": { "type": "Polygon", "coordinates": [ [ [ -73.991195, 40.6583172 ], [ -73.9912496, 40.65835 ], [ -73.9911972, 40.6584006 ], [ -73.9911427, 40.6583679 ], [ -73.991195, 40.6583172 ] ] ] } },
{ "type": "Feature", "properties": { }, "geometry": { "type": "Polygon", "coordinates": [ [ [ -73.9913838, 40.6589454 ], [ -73.9914314, 40.6589738 ], [ -73.9913662, 40.6590372 ], [ -73.9913185, 40.6590088 ], [ -73.9913838, 40.6589454 ] ] ] } },
{ "type": "Feature", "properties": { }, "geometry": { "type": "Polygon", "coordinates": [ [ [ -73.9911318, 40.6582672 ], [ -73.991161, 40.6582848 ], [ -73.9911538, 40.6582916 ], [ -73.991195, 40.6583172 ], [ -73.9911427, 40.6583679 ], [ -73.9910726, 40.6584373 ], [ -73.9910039, 40.6583964 ], [ -73.9911248, 40.6582739 ], [ -73.9911318, 40.6582672 ] ] ] } },
{ "type": "Feature", "properties": { }, "geometry": { "type": "Polygon", "coordinates": [ [ [ -73.9913355, 40.6589166 ], [ -73.9913838, 40.6589454 ], [ -73.9913185, 40.6590088 ], [ -73.9912703, 40.65898 ], [ -73.9913355, 40.6589166 ] ] ] } },
{ "type": "Feature", "properties": { }, "geometry": { "type": "Polygon", "coordinates": [ [ [ -73.9910662, 40.6582267 ], [ -73.991095, 40.6582432 ], [ -73.9910863, 40.6582519 ], [ -73.9911248, 40.6582739 ], [ -73.9910039, 40.6583964 ], [ -73.9909602, 40.6583715 ], [ -73.9909532, 40.6583785 ], [ -73.9909297, 40.6583651 ], [ -73.9909385, 40.6583561 ], [ -73.9910599, 40.6582331 ], [ -73.9910662, 40.6582267 ] ] ] } },
{ "type": "Feature", "properties": { }, "geometry": { "type": "Polygon", "coordinates": [ [ [ -73.9912852, 40.6588865 ], [ -73.9913355, 40.6589166 ], [ -73.9912703, 40.65898 ], [ -73.99122, 40.6589499 ], [ -73.9912852, 40.6588865 ] ] ] } },
{ "type": "Feature", "properties": { }, "geometry": { "type": "Polygon", "coordinates": [ [ [ -73.9909385, 40.6583561 ], [ -73.990891, 40.6583289 ], [ -73.9908846, 40.6583353 ], [ -73.9908595, 40.6583209 ], [ -73.9909945, 40.6581843 ], [ -73.9910214, 40.6581997 ], [ -73.9910143, 40.658207 ], [ -73.9910599, 40.6582331 ], [ -73.9909385, 40.6583561 ] ] ] } },
{ "type": "Feature", "properties": { }, "geometry": { "type": "Polygon", "coordinates": [ [ [ -73.9909302, 40.6581334 ], [ -73.9909977, 40.658172 ], [ -73.9908901, 40.6582809 ], [ -73.9908433, 40.6582541 ], [ -73.9909113, 40.6581852 ], [ -73.9908907, 40.6581734 ], [ -73.9909302, 40.6581334 ] ] ] } },
{ "type": "Feature", "properties": { }, "geometry": { "type": "Polygon", "coordinates": [ [ [ -73.9911873, 40.6589817 ], [ -73.9910503, 40.6588999 ], [ -73.9912271, 40.6587281 ], [ -73.9913641, 40.6588098 ], [ -73.9912852, 40.6588865 ], [ -73.99122, 40.6589499 ], [ -73.9911873, 40.6589817 ] ] ] } },
{ "type": "Feature", "properties": { }, "geometry": { "type": "Polygon", "coordinates": [ [ [ -73.9908652, 40.6580933 ], [ -73.9909267, 40.6581312 ], [ -73.9908392, 40.6582136 ], [ -73.9907777, 40.6581758 ], [ -73.9907972, 40.6581573 ], [ -73.9908652, 40.6580933 ] ] ] } },
{ "type": "Feature", "properties": { }, "geometry": { "type": "Polygon", "coordinates": [ [ [ -73.9907794, 40.6580579 ], [ -73.9908308, 40.6580876 ], [ -73.9907604, 40.6581583 ], [ -73.9907368, 40.6581447 ], [ -73.9907629, 40.6581185 ], [ -73.9907351, 40.6581024 ], [ -73.9907794, 40.6580579 ] ] ] } },
{ "type": "Feature", "properties": { }, "geometry": { "type": "Polygon", "coordinates": [ [ [ -73.99113, 40.6587113 ], [ -73.9911897, 40.6587497 ], [ -73.9910556, 40.6588709 ], [ -73.9909958, 40.6588325 ], [ -73.9910341, 40.658798 ], [ -73.99113, 40.6587113 ] ] ] } },
{ "type": "Feature", "properties": { }, "geometry": { "type": "Polygon", "coordinates": [ [ [ -73.9905687, 40.6579217 ], [ -73.9905943, 40.657937 ], [ -73.9905896, 40.6579415 ], [ -73.9906301, 40.6579657 ], [ -73.9905012, 40.6580908 ], [ -73.9904619, 40.6580674 ], [ -73.9904568, 40.6580722 ], [ -73.9904301, 40.6580563 ], [ -73.9904359, 40.6580507 ], [ -73.9905631, 40.6579272 ], [ -73.9905687, 40.6579217 ] ] ] } },
{ "type": "Feature", "properties": { }, "geometry": { "type": "Polygon", "coordinates": [ [ [ -73.9904359, 40.6580507 ], [ -73.9903904, 40.6580236 ], [ -73.9903844, 40.6580295 ], [ -73.990359, 40.6580143 ], [ -73.9904976, 40.6578797 ], [ -73.990524, 40.6578955 ], [ -73.9905187, 40.6579007 ], [ -73.9905631, 40.6579272 ], [ -73.9904359, 40.6580507 ] ] ] } },
{ "type": "Feature", "properties": { }, "geometry": { "type": "Polygon", "coordinates": [ [ [ -73.9904512, 40.65784 ], [ -73.9904884, 40.6578629 ], [ -73.9904023, 40.657944 ], [ -73.990365, 40.6579211 ], [ -73.9904512, 40.65784 ] ] ] } },
{ "type": "Feature", "properties": { }, "geometry": { "type": "Polygon", "coordinates": [ [ [ -73.9904139, 40.657817 ], [ -73.9904512, 40.65784 ], [ -73.990365, 40.6579211 ], [ -73.9903277, 40.6578981 ], [ -73.9904139, 40.657817 ] ] ] } },
{ "type": "Feature", "properties": { }, "geometry": { "type": "Polygon", "coordinates": [ [ [ -73.9909557, 40.6586188 ], [ -73.9910478, 40.6586747 ], [ -73.9909196, 40.6587972 ], [ -73.9908275, 40.6587414 ], [ -73.9909557, 40.6586188 ] ] ] } },
{ "type": "Feature", "properties": { }, "geometry": { "type": "Polygon", "coordinates": [ [ [ -73.9903724, 40.6577914 ], [ -73.9904139, 40.657817 ], [ -73.9903277, 40.6578981 ], [ -73.9902862, 40.6578725 ], [ -73.9903724, 40.6577914 ] ] ] } },
{ "type": "Feature", "properties": { }, "geometry": { "type": "Polygon", "coordinates": [ [ [ -73.9903304, 40.6577655 ], [ -73.9903724, 40.6577914 ], [ -73.9902862, 40.6578725 ], [ -73.9902442, 40.6578467 ], [ -73.9902683, 40.657824 ], [ -73.9903001, 40.6577941 ], [ -73.9903304, 40.6577655 ] ] ] } },
{ "type": "Feature", "properties": { }, "geometry": { "type": "Polygon", "coordinates": [ [ [ -73.9909366, 40.6585456 ], [ -73.9909904, 40.6585782 ], [ -73.9909315, 40.6586345 ], [ -73.9909024, 40.6586169 ], [ -73.9908524, 40.6586647 ], [ -73.9908447, 40.658672 ], [ -73.9908738, 40.6586896 ], [ -73.9908145, 40.6587464 ], [ -73.9907607, 40.6587137 ], [ -73.9909366, 40.6585456 ] ] ] } },
{ "type": "Feature", "properties": { }, "geometry": { "type": "Polygon", "coordinates": [ [ [ -73.9907607, 40.6587137 ], [ -73.9907036, 40.6586791 ], [ -73.9907635, 40.6586217 ], [ -73.990794, 40.6586402 ], [ -73.9908503, 40.6585864 ], [ -73.9908202, 40.6585681 ], [ -73.9908798, 40.6585111 ], [ -73.9909366, 40.6585456 ], [ -73.9907607, 40.6587137 ] ] ] } },
{ "type": "Feature", "properties": { }, "geometry": { "type": "Polygon", "coordinates": [ [ [ -73.9907329, 40.6585429 ], [ -73.9907831, 40.6585737 ], [ -73.9906732, 40.6586776 ], [ -73.990623, 40.6586468 ], [ -73.9907329, 40.6585429 ] ] ] } },
{ "type": "Feature", "properties": { }, "geometry": { "type": "Polygon", "coordinates": [ [ [ -73.990701, 40.6584685 ], [ -73.9907196, 40.6584801 ], [ -73.9906756, 40.6585211 ], [ -73.9907129, 40.6585444 ], [ -73.9906366, 40.6586153 ], [ -73.9905807, 40.6585804 ], [ -73.990701, 40.6584685 ] ] ] } },
{ "type": "Feature", "properties": { }, "geometry": { "type": "Polygon", "coordinates": [ [ [ -73.9905807, 40.6585804 ], [ -73.9904313, 40.6584912 ], [ -73.9905708, 40.6583574 ], [ -73.9907182, 40.6584467 ], [ -73.9905807, 40.6585804 ] ] ] } },
{ "type": "Feature", "properties": { }, "geometry": { "type": "Polygon", "coordinates": [ [ [ -73.9902466, 40.6582294 ], [ -73.9902696, 40.6582439 ], [ -73.9902403, 40.6582709 ], [ -73.9902712, 40.6582903 ], [ -73.9901779, 40.6583765 ], [ -73.990124, 40.6583426 ], [ -73.9902466, 40.6582294 ] ] ] } },
{ "type": "Feature", "properties": { }, "geometry": { "type": "Polygon", "coordinates": [ [ [ -73.9901859, 40.6581832 ], [ -73.9902518, 40.6582246 ], [ -73.9902466, 40.6582294 ], [ -73.990124, 40.6583426 ], [ -73.9900581, 40.6583012 ], [ -73.9901859, 40.6581832 ] ] ] } },
{ "type": "Feature", "properties": { }, "geometry": { "type": "Polygon", "coordinates": [ [ [ -73.9900596, 40.6582142 ], [ -73.9900764, 40.6582247 ], [ -73.9901724, 40.658136 ], [ -73.9902109, 40.6581601 ], [ -73.9901859, 40.6581832 ], [ -73.9900581, 40.6583012 ], [ -73.9900534, 40.6583055 ], [ -73.9899982, 40.6582708 ], [ -73.9900596, 40.6582142 ] ] ] } },
{ "type": "Feature", "properties": { }, "geometry": { "type": "Polygon", "coordinates": [ [ [ -73.9900952, 40.6580933 ], [ -73.990135, 40.6581182 ], [ -73.9900426, 40.6582035 ], [ -73.9900596, 40.6582142 ], [ -73.9899982, 40.6582708 ], [ -73.9899415, 40.6582352 ], [ -73.9900952, 40.6580933 ] ] ] } },
{ "type": "Feature", "properties": { }, "geometry": { "type": "Polygon", "coordinates": [ [ [ -73.9899464, 40.6581483 ], [ -73.9899598, 40.6581567 ], [ -73.9900555, 40.6580683 ], [ -73.9900952, 40.6580933 ], [ -73.9899415, 40.6582352 ], [ -73.9898884, 40.6582018 ], [ -73.9899464, 40.6581483 ] ] ] } },
{ "type": "Feature", "properties": { }, "geometry": { "type": "Polygon", "coordinates": [ [ [ -73.9899856, 40.6580244 ], [ -73.9900234, 40.6580482 ], [ -73.9899277, 40.6581365 ], [ -73.9899464, 40.6581483 ], [ -73.9898884, 40.6582018 ], [ -73.9898319, 40.6581663 ], [ -73.9899856, 40.6580244 ] ] ] } },
{ "type": "Feature", "properties": { }, "geometry": { "type": "Polygon", "coordinates": [ [ [ -73.9901395, 40.6579452 ], [ -73.9901053, 40.6579774 ], [ -73.9899965, 40.6579103 ], [ -73.9900307, 40.6578781 ], [ -73.9901395, 40.6579452 ] ] ] } },
{ "type": "Feature", "properties": { }, "geometry": { "type": "Polygon", "coordinates": [ [ [ -73.9900616, 40.657849 ], [ -73.9901704, 40.6579161 ], [ -73.9901395, 40.6579452 ], [ -73.9900307, 40.6578781 ], [ -73.9900616, 40.657849 ] ] ] } },
{ "type": "Feature", "properties": { }, "geometry": { "type": "Polygon", "coordinates": [ [ [ -73.9900954, 40.6578172 ], [ -73.9902043, 40.6578842 ], [ -73.9901704, 40.6579161 ], [ -73.9900616, 40.657849 ], [ -73.9900954, 40.6578172 ] ] ] } },
{ "type": "Feature", "properties": { }, "geometry": { "type": "Polygon", "coordinates": [ [ [ -73.9901276, 40.6577869 ], [ -73.9902365, 40.6578539 ], [ -73.9902043, 40.6578842 ], [ -73.9900954, 40.6578172 ], [ -73.9901276, 40.6577869 ] ] ] } },
{ "type": "Feature", "properties": { }, "geometry": { "type": "Polygon", "coordinates": [ [ [ -73.9901594, 40.6577569 ], [ -73.9902683, 40.657824 ], [ -73.9902442, 40.6578467 ], [ -73.9902365, 40.6578539 ], [ -73.9901276, 40.6577869 ], [ -73.9901594, 40.6577569 ] ] ] } },
{ "type": "Feature", "properties": { }, "geometry": { "type": "Polygon", "coordinates": [ [ [ -73.9901912, 40.657727 ], [ -73.9903001, 40.6577941 ], [ -73.9902683, 40.657824 ], [ -73.9901594, 40.6577569 ], [ -73.9901912, 40.657727 ] ] ] } },
{ "type": "Feature", "properties": { }, "geometry": { "type": "Polygon", "coordinates": [ [ [ -73.9902215, 40.6576985 ], [ -73.9903304, 40.6577655 ], [ -73.9903001, 40.6577941 ], [ -73.9901912, 40.657727 ], [ -73.9902215, 40.6576985 ] ] ] } },
{ "type": "Feature", "properties": { }, "geometry": { "type": "Polygon", "coordinates": [ [ [ -73.9920462, 40.659406 ], [ -73.9921509, 40.6593064 ], [ -73.992177, 40.6593223 ], [ -73.9923161, 40.6594072 ], [ -73.9922113, 40.6595068 ], [ -73.9921531, 40.6594712 ], [ -73.9920462, 40.659406 ] ] ] } },
{ "type": "Feature", "properties": { }, "geometry": { "type": "Polygon", "coordinates": [ [ [ -73.992177, 40.6593223 ], [ -73.9922348, 40.6592673 ], [ -73.9923511, 40.6593382 ], [ -73.9924008, 40.6593686 ], [ -73.9923429, 40.6594236 ], [ -73.9923161, 40.6594072 ], [ -73.992177, 40.6593223 ] ] ] } },
{ "type": "Feature", "properties": { }, "geometry": { "type": "Polygon", "coordinates": [ [ [ -73.9922096, 40.6592519 ], [ -73.9922682, 40.6591962 ], [ -73.9924097, 40.6592825 ], [ -73.9923511, 40.6593382 ], [ -73.9922348, 40.6592673 ], [ -73.9922096, 40.6592519 ] ] ] } },
{ "type": "Feature", "properties": { }, "geometry": { "type": "Polygon", "coordinates": [ [ [ -73.9923896, 40.659208 ], [ -73.9923526, 40.6592443 ], [ -73.992268, 40.6591945 ], [ -73.9922882, 40.6591747 ], [ -73.9922823, 40.6591712 ], [ -73.9922991, 40.6591547 ], [ -73.9923896, 40.659208 ] ] ] } },
{ "type": "Feature", "properties": { }, "geometry": { "type": "Polygon", "coordinates": [ [ [ -73.9923175, 40.6591365 ], [ -73.9923245, 40.6591406 ], [ -73.9923446, 40.6591207 ], [ -73.9924083, 40.6591583 ], [ -73.9924282, 40.6591699 ], [ -73.9923896, 40.659208 ], [ -73.9922991, 40.6591547 ], [ -73.9923175, 40.6591365 ] ] ] } },
{ "type": "Feature", "properties": { }, "geometry": { "type": "Polygon", "coordinates": [ [ [ -73.992369, 40.6590968 ], [ -73.9923612, 40.6590922 ], [ -73.9923781, 40.6590756 ], [ -73.9924495, 40.6591177 ], [ -73.9924083, 40.6591583 ], [ -73.9923446, 40.6591207 ], [ -73.992369, 40.6590968 ] ] ] } },
{ "type": "Feature", "properties": { }, "geometry": { "type": "Polygon", "coordinates": [ [ [ -73.9923716, 40.6590718 ], [ -73.9923923, 40.6590514 ], [ -73.9923999, 40.6590558 ], [ -73.9924236, 40.6590325 ], [ -73.9924939, 40.6590739 ], [ -73.9924495, 40.6591177 ], [ -73.9923781, 40.6590756 ], [ -73.9923716, 40.6590718 ] ] ] } },
{ "type": "Feature", "properties": { }, "geometry": { "type": "Polygon", "coordinates": [ [ [ -73.991721, 40.6591377 ], [ -73.9918619, 40.659223 ], [ -73.9918045, 40.659278 ], [ -73.9916635, 40.6591927 ], [ -73.991721, 40.6591377 ] ] ] } },
{ "type": "Feature", "properties": { }, "geometry": { "type": "Polygon", "coordinates": [ [ [ -73.9917814, 40.6590798 ], [ -73.9919223, 40.6591651 ], [ -73.9918619, 40.659223 ], [ -73.991721, 40.6591377 ], [ -73.9917814, 40.6590798 ] ] ] } },
{ "type": "Feature", "properties": { }, "geometry": { "type": "Polygon", "coordinates": [ [ [ -73.9918361, 40.6590274 ], [ -73.9919771, 40.6591127 ], [ -73.9919223, 40.6591651 ], [ -73.9917814, 40.6590798 ], [ -73.9918361, 40.6590274 ] ] ] } },
{ "type": "Feature", "properties": { }, "geometry": { "type": "Polygon", "coordinates": [ [ [ -73.9918989, 40.6589672 ], [ -73.9920398, 40.6590525 ], [ -73.9919771, 40.6591127 ], [ -73.9918361, 40.6590274 ], [ -73.9918989, 40.6589672 ] ] ] } },
{ "type": "Feature", "properties": { }, "geometry": { "type": "Polygon", "coordinates": [ [ [ -73.9919544, 40.658914 ], [ -73.9920953, 40.6589993 ], [ -73.9920398, 40.6590525 ], [ -73.9918989, 40.6589672 ], [ -73.9919544, 40.658914 ] ] ] } },
{ "type": "Feature", "properties": { }, "geometry": { "type": "Polygon", "coordinates": [ [ [ -73.9920135, 40.6588574 ], [ -73.9921544, 40.6589427 ], [ -73.9920953, 40.6589993 ], [ -73.9919544, 40.658914 ], [ -73.9920135, 40.6588574 ] ] ] } },
{ "type": "Feature", "properties": { }, "geometry": { "type": "Polygon", "coordinates": [ [ [ -73.9938352, 40.6589761 ], [ -73.9941688, 40.6591773 ], [ -73.9937225, 40.659603 ], [ -73.993389, 40.6594018 ], [ -73.9935636, 40.6592352 ], [ -73.9938352, 40.6589761 ] ] ] } },
{ "type": "Feature", "properties": { }, "geometry": { "type": "Polygon", "coordinates": [ [ [ -73.9919709, 40.6588316 ], [ -73.9920206, 40.6587839 ], [ -73.9921833, 40.6588824 ], [ -73.9921912, 40.6588822 ], [ -73.9922017, 40.6588886 ], [ -73.9922032, 40.6589019 ], [ -73.9921945, 40.6589101 ], [ -73.9921896, 40.658909 ], [ -73.9921544, 40.6589427 ], [ -73.9920135, 40.6588574 ], [ -73.9919709, 40.6588316 ] ] ] } },
{ "type": "Feature", "properties": { }, "geometry": { "type": "Polygon", "coordinates": [ [ [ -73.9918045, 40.659278 ], [ -73.9917696, 40.6593115 ], [ -73.9917715, 40.6593167 ], [ -73.9917625, 40.6593252 ], [ -73.9917466, 40.6593273 ], [ -73.9917351, 40.6593204 ], [ -73.9917352, 40.6593143 ], [ -73.9915726, 40.6592159 ], [ -73.9916226, 40.659168 ], [ -73.9916635, 40.6591927 ], [ -73.9918045, 40.659278 ] ] ] } },
{ "type": "Feature", "properties": { }, "geometry": { "type": "Polygon", "coordinates": [ [ [ -73.9904345, 40.6582998 ], [ -73.9904747, 40.6583239 ], [ -73.9904523, 40.6583454 ], [ -73.9904257, 40.658371 ], [ -73.9903984, 40.6583972 ], [ -73.9903599, 40.6584342 ], [ -73.9903197, 40.6584101 ], [ -73.9904121, 40.6583213 ], [ -73.9904345, 40.6582998 ] ] ] } },
{ "type": "Feature", "properties": { }, "geometry": { "type": "Polygon", "coordinates": [ [ [ -73.9915532, 40.6588534 ], [ -73.9915242, 40.6588806 ], [ -73.9914802, 40.6588535 ], [ -73.9915093, 40.6588262 ], [ -73.9915532, 40.6588534 ] ] ] } },
{ "type": "Feature", "properties": { }, "geometry": { "type": "Polygon", "coordinates": [ [ [ -73.9904747, 40.6583239 ], [ -73.990515, 40.658348 ], [ -73.9904926, 40.6583695 ], [ -73.9904002, 40.6584583 ], [ -73.9903599, 40.6584342 ], [ -73.9903984, 40.6583972 ], [ -73.9904257, 40.658371 ], [ -73.9904523, 40.6583454 ], [ -73.9904747, 40.6583239 ] ] ] } },
{ "type": "Feature", "properties": { }, "geometry": { "type": "Polygon", "coordinates": [ [ [ -73.990515, 40.658348 ], [ -73.9905552, 40.6583721 ], [ -73.9905328, 40.6583936 ], [ -73.9905063, 40.6584191 ], [ -73.990479, 40.6584453 ], [ -73.9904404, 40.6584824 ], [ -73.9904002, 40.6584583 ], [ -73.9904926, 40.6583695 ], [ -73.990515, 40.658348 ] ] ] } },
{ "type": "Feature", "properties": { }, "geometry": { "type": "Polygon", "coordinates": [ [ [ -73.9907629, 40.6580494 ], [ -73.9906724, 40.6581374 ], [ -73.9905573, 40.6580687 ], [ -73.9906476, 40.657981 ], [ -73.9907629, 40.6580494 ] ] ] } },
{ "type": "Feature", "properties": { }, "geometry": { "type": "Polygon", "coordinates": [ [ [ -73.9914314, 40.6589738 ], [ -73.991478, 40.6590016 ], [ -73.9914128, 40.659065 ], [ -73.9913662, 40.6590372 ], [ -73.9914314, 40.6589738 ] ] ] } },
{ "type": "Feature", "properties": { }, "geometry": { "type": "Polygon", "coordinates": [ [ [ -73.9915494, 40.6588614 ], [ -73.9915946, 40.6588871 ], [ -73.9915648, 40.6589176 ], [ -73.9915196, 40.6588918 ], [ -73.9915431, 40.6588678 ], [ -73.9915494, 40.6588614 ] ] ] } },
{ "type": "Feature", "properties": { }, "geometry": { "type": "Polygon", "coordinates": [ [ [ -73.9898319, 40.6581663 ], [ -73.9897783, 40.6581327 ], [ -73.9899473, 40.6579766 ], [ -73.9900009, 40.6580103 ], [ -73.9899856, 40.6580244 ], [ -73.9898319, 40.6581663 ] ] ] } },
{ "type": "Feature", "properties": { }, "geometry": { "type": "Polygon", "coordinates": [ [ [ -73.9913358, 40.6584018 ], [ -73.9913922, 40.6584357 ], [ -73.9913619, 40.658465 ], [ -73.9912927, 40.6585317 ], [ -73.9912363, 40.6584978 ], [ -73.9913358, 40.6584018 ] ] ] } },
{ "type": "Feature", "properties": { }, "geometry": { "type": "Polygon", "coordinates": [ [ [ -73.9911269, 40.6586033 ], [ -73.9911964, 40.6586428 ], [ -73.9911605, 40.6586795 ], [ -73.9910909, 40.6586401 ], [ -73.9911114, 40.6586191 ], [ -73.9911269, 40.6586033 ] ] ] } },
{ "type": "Feature", "properties": { }, "geometry": { "type": "Polygon", "coordinates": [ [ [ -73.9900007, 40.6579195 ], [ -73.9900546, 40.6579521 ], [ -73.990016, 40.657989 ], [ -73.9899621, 40.6579564 ], [ -73.9899855, 40.657934 ], [ -73.9900007, 40.6579195 ] ] ] } },
{ "type": "Feature", "properties": { }, "geometry": { "type": "Polygon", "coordinates": [ [ [ -73.991486, 40.6584772 ], [ -73.9915353, 40.6585069 ], [ -73.9915275, 40.6585145 ], [ -73.9914462, 40.6585922 ], [ -73.9913969, 40.6585625 ], [ -73.9914284, 40.6585324 ], [ -73.991486, 40.6584772 ] ] ] } },
{ "type": "Feature", "properties": { }, "geometry": { "type": "Polygon", "coordinates": [ [ [ -73.9957526, 40.6580126 ], [ -73.9957177, 40.658003 ], [ -73.9956788, 40.6580848 ], [ -73.9955176, 40.6580408 ], [ -73.9954996, 40.6580787 ], [ -73.9952796, 40.6580186 ], [ -73.9952832, 40.6580111 ], [ -73.9952504, 40.6580021 ], [ -73.9953798, 40.6577298 ], [ -73.9954126, 40.6577388 ], [ -73.9954266, 40.6577093 ], [ -73.9955614, 40.6577462 ], [ -73.9959467, 40.6578516 ], [ -73.9958566, 40.658041 ], [ -73.9957969, 40.6580247 ], [ -73.9957878, 40.6580439 ], [ -73.9957709, 40.6580393 ], [ -73.9957435, 40.6580317 ], [ -73.9957526, 40.6580126 ] ] ] } },
{ "type": "Feature", "properties": { }, "geometry": { "type": "Polygon", "coordinates": [ [ [ -73.9944187, 40.6581588 ], [ -73.9943508, 40.6581685 ], [ -73.9943424, 40.6581349 ], [ -73.9944104, 40.6581251 ], [ -73.9944262, 40.6581058 ], [ -73.9944557, 40.6581016 ], [ -73.994478, 40.6581154 ], [ -73.9944897, 40.6581137 ], [ -73.9945064, 40.6581113 ], [ -73.9945045, 40.658104 ], [ -73.9945354, 40.6580996 ], [ -73.9945386, 40.6581121 ], [ -73.9945653, 40.6581083 ], [ -73.9946002, 40.6581033 ], [ -73.994597, 40.6580907 ], [ -73.9946272, 40.6580864 ], [ -73.994631, 40.6581014 ], [ -73.9946619, 40.658097 ], [ -73.9946987, 40.6580917 ], [ -73.9946976, 40.6580876 ], [ -73.9947501, 40.6580801 ], [ -73.9947376, 40.6580297 ], [ -73.9948077, 40.6580197 ], [ -73.9948114, 40.6580345 ], [ -73.9948199, 40.6580333 ], [ -73.9949069, 40.6580208 ], [ -73.9949059, 40.6580165 ], [ -73.9949638, 40.6580082 ], [ -73.9949865, 40.6580991 ], [ -73.9949283, 40.6581074 ], [ -73.9949272, 40.6581032 ], [ -73.9948319, 40.6581168 ], [ -73.9948336, 40.6581238 ], [ -73.9947635, 40.6581338 ], [ -73.9947589, 40.6581152 ], [ -73.9947064, 40.6581227 ], [ -73.9947056, 40.6581197 ], [ -73.9946688, 40.658125 ], [ -73.994638, 40.6581294 ], [ -73.9946402, 40.6581386 ], [ -73.99461, 40.6581429 ], [ -73.9946085, 40.6581366 ], [ -73.9945736, 40.6581416 ], [ -73.9945469, 40.6581455 ], [ -73.9945484, 40.6581518 ], [ -73.9945174, 40.6581562 ], [ -73.9945146, 40.658145 ], [ -73.9944969, 40.6581476 ], [ -73.9944863, 40.6581491 ], [ -73.9944698, 40.658168 ], [ -73.9944412, 40.6581721 ], [ -73.9944187, 40.6581588 ] ] ] } },
{ "type": "Feature", "properties": { }, "geometry": { "type": "Polygon", "coordinates": [ [ [ -73.9957981, 40.6573863 ], [ -73.9958757, 40.6574056 ], [ -73.9958829, 40.6574066 ], [ -73.9958975, 40.657407 ], [ -73.995912, 40.6574052 ], [ -73.995919, 40.6574034 ], [ -73.9959321, 40.6573984 ], [ -73.9959436, 40.6573915 ], [ -73.995953, 40.6573829 ], [ -73.9959601, 40.6573732 ], [ -73.9959644, 40.6573625 ], [ -73.9959659, 40.6573514 ], [ -73.9959655, 40.6573458 ], [ -73.9959626, 40.6573349 ], [ -73.9959569, 40.6573246 ], [ -73.9959486, 40.6573154 ], [ -73.9959381, 40.6573077 ], [ -73.9959321, 40.6573044 ], [ -73.9957154, 40.6572454 ], [ -73.9957445, 40.6571833 ], [ -73.9959613, 40.6572424 ], [ -73.9959802, 40.6572505 ], [ -73.9959974, 40.6572606 ], [ -73.9960126, 40.6572724 ], [ -73.9960194, 40.6572789 ], [ -73.9960311, 40.6572928 ], [ -73.9960402, 40.6573079 ], [ -73.9960437, 40.6573157 ], [ -73.9960485, 40.6573318 ], [ -73.9960498, 40.65734 ], [ -73.9960502, 40.6573566 ], [ -73.9960493, 40.6573648 ], [ -73.9960452, 40.6573811 ], [ -73.996042, 40.657389 ], [ -73.9960336, 40.6574043 ], [ -73.9960284, 40.6574115 ], [ -73.996016, 40.6574251 ], [ -73.9960013, 40.6574373 ], [ -73.9959846, 40.6574479 ], [ -73.9959661, 40.6574565 ], [ -73.9959462, 40.6574632 ], [ -73.9959252, 40.6574677 ], [ -73.9959037, 40.6574699 ], [ -73.995882, 40.6574699 ], [ -73.9958712, 40.6574691 ], [ -73.9958499, 40.6574656 ], [ -73.9957723, 40.6574463 ], [ -73.9957981, 40.6573863 ] ] ] } },
{ "type": "Feature", "properties": { }, "geometry": { "type": "Polygon", "coordinates": [ [ [ -73.9823919, 40.6536307 ], [ -73.9822524, 40.6536409 ], [ -73.9822117, 40.6536439 ], [ -73.982199, 40.6536089 ], [ -73.9821967, 40.6535907 ], [ -73.9821918, 40.6535519 ], [ -73.9821979, 40.6535114 ], [ -73.982307, 40.6535034 ], [ -73.9823218, 40.6536208 ], [ -73.982348, 40.6536189 ], [ -73.9823331, 40.6535004 ], [ -73.9823751, 40.6534973 ], [ -73.9823919, 40.6536307 ] ] ] } },
{ "type": "Feature", "properties": { }, "geometry": { "type": "Polygon", "coordinates": [ [ [ -73.9823751, 40.6534973 ], [ -73.9824061, 40.653495 ], [ -73.9824277, 40.6536666 ], [ -73.9824467, 40.6536652 ], [ -73.982448, 40.6536759 ], [ -73.9824027, 40.6536792 ], [ -73.9824162, 40.6537867 ], [ -73.9823815, 40.6537892 ], [ -73.982367, 40.6536744 ], [ -73.9823972, 40.6536722 ], [ -73.9823919, 40.6536307 ], [ -73.9823751, 40.6534973 ] ] ] } },
{ "type": "Feature", "properties": { }, "geometry": { "type": "Polygon", "coordinates": [ [ [ -73.9822786, 40.6473757 ], [ -73.9822628, 40.6473822 ], [ -73.9822347, 40.6473428 ], [ -73.9822623, 40.6473315 ], [ -73.9822468, 40.6473098 ], [ -73.9823103, 40.6472838 ], [ -73.9823257, 40.6473054 ], [ -73.9823472, 40.6472966 ], [ -73.9823752, 40.647336 ], [ -73.982348, 40.6473471 ], [ -73.9823667, 40.6473732 ], [ -73.9822972, 40.6474018 ], [ -73.9822786, 40.6473757 ] ] ] } },
{ "type": "Feature", "properties": { }, "geometry": { "type": "Polygon", "coordinates": [ [ [ -73.9823919, 40.6536307 ], [ -73.9823972, 40.6536722 ], [ -73.982367, 40.6536744 ], [ -73.9823815, 40.6537892 ], [ -73.9823871, 40.6538336 ], [ -73.9822758, 40.6538417 ], [ -73.9822721, 40.6538124 ], [ -73.9822525, 40.6537983 ], [ -73.982239, 40.6537867 ], [ -73.9822485, 40.6537666 ], [ -73.9822634, 40.6537486 ], [ -73.9822659, 40.6537484 ], [ -73.9822524, 40.6536409 ], [ -73.9823919, 40.6536307 ] ] ] } },
{ "type": "Feature", "properties": { }, "geometry": { "type": "Polygon", "coordinates": [ [ [ -73.982514, 40.6472087 ], [ -73.9825424, 40.6471984 ], [ -73.9825349, 40.6471865 ], [ -73.9825494, 40.6471813 ], [ -73.9825643, 40.6471759 ], [ -73.9825726, 40.6471893 ], [ -73.9826661, 40.6471556 ], [ -73.9827157, 40.6472354 ], [ -73.9826271, 40.6472673 ], [ -73.9826348, 40.6472796 ], [ -73.9826225, 40.647284 ], [ -73.9826053, 40.6472902 ], [ -73.9825982, 40.6472789 ], [ -73.9825651, 40.6472908 ], [ -73.982514, 40.6472087 ] ] ] } },
{ "type": "Feature", "properties": { }, "geometry": { "type": "Polygon", "coordinates": [ [ [ -73.9824632, 40.6531191 ], [ -73.9824882, 40.6531001 ], [ -73.9824978, 40.6530955 ], [ -73.9825182, 40.6530859 ], [ -73.9825435, 40.6530801 ], [ -73.9826239, 40.6530567 ], [ -73.9826348, 40.6530493 ], [ -73.9826487, 40.6530399 ], [ -73.9826926, 40.6531032 ], [ -73.9826809, 40.6531079 ], [ -73.9826643, 40.6531146 ], [ -73.982723, 40.6531992 ], [ -73.9826222, 40.6532389 ], [ -73.982548, 40.653289 ], [ -73.9824071, 40.6531681 ], [ -73.9824632, 40.6531191 ] ] ] } },
{ "type": "Feature", "properties": { }, "geometry": { "type": "Polygon", "coordinates": [ [ [ -73.9842368, 40.6564542 ], [ -73.9842652, 40.6564275 ], [ -73.9842902, 40.6564429 ], [ -73.9843418, 40.6563945 ], [ -73.9843964, 40.6564282 ], [ -73.9843586, 40.6564637 ], [ -73.9843795, 40.6564766 ], [ -73.9843451, 40.6565089 ], [ -73.9843174, 40.6564919 ], [ -73.9843016, 40.6565067 ], [ -73.9842527, 40.6564765 ], [ -73.9842606, 40.656469 ], [ -73.9842541, 40.6564649 ], [ -73.9842368, 40.6564542 ] ] ] } },
{ "type": "Feature", "properties": { }, "geometry": { "type": "Polygon", "coordinates": [ [ [ -73.9960193, 40.6577367 ], [ -73.9961299, 40.657681 ], [ -73.996112, 40.6576603 ], [ -73.9961577, 40.6576373 ], [ -73.9962189, 40.6576065 ], [ -73.9962369, 40.6575696 ], [ -73.9961962, 40.6575471 ], [ -73.9961605, 40.6575274 ], [ -73.9963119, 40.6573685 ], [ -73.9964358, 40.657437 ], [ -73.9963367, 40.6575411 ], [ -73.9963268, 40.6575357 ], [ -73.9962746, 40.6575904 ], [ -73.9962855, 40.6576048 ], [ -73.9964027, 40.6575458 ], [ -73.9964484, 40.6575985 ], [ -73.9961385, 40.6577545 ], [ -73.9961239, 40.6577378 ], [ -73.9960517, 40.6577741 ], [ -73.9960245, 40.6577427 ], [ -73.9960193, 40.6577367 ] ] ] } },
{ "type": "Feature", "properties": { }, "geometry": { "type": "Polygon", "coordinates": [ [ [ -73.9837076, 40.6541524 ], [ -73.9836815, 40.6541494 ], [ -73.9836852, 40.6541308 ], [ -73.9836681, 40.6541289 ], [ -73.9836738, 40.6541 ], [ -73.9836909, 40.6541019 ], [ -73.983694, 40.6540861 ], [ -73.983722, 40.6540893 ], [ -73.9837246, 40.654076 ], [ -73.9837538, 40.6540793 ], [ -73.9837512, 40.6540926 ], [ -73.9837776, 40.6540956 ], [ -73.9837744, 40.6541118 ], [ -73.983786, 40.6541131 ], [ -73.9837811, 40.6541383 ], [ -73.9837695, 40.654137 ], [ -73.9837653, 40.6541581 ], [ -73.9837389, 40.6541551 ], [ -73.9837362, 40.6541692 ], [ -73.983705, 40.6541657 ], [ -73.9837076, 40.6541524 ] ] ] } },
{ "type": "Feature", "properties": { }, "geometry": { "type": "Polygon", "coordinates": [ [ [ -73.9952303, 40.6564137 ], [ -73.9952095, 40.6564188 ], [ -73.9951944, 40.6564152 ], [ -73.9951829, 40.6564049 ], [ -73.9951886, 40.6563912 ], [ -73.995206, 40.6563828 ], [ -73.9952381, 40.6563056 ], [ -73.9952296, 40.6562905 ], [ -73.9952356, 40.6562761 ], [ -73.9952558, 40.6562695 ], [ -73.9952703, 40.656273 ], [ -73.9952848, 40.6562381 ], [ -73.9954126, 40.656269 ], [ -73.9953981, 40.6563039 ], [ -73.995418, 40.6563087 ], [ -73.9954273, 40.6563224 ], [ -73.9954213, 40.6563368 ], [ -73.9954045, 40.6563412 ], [ -73.9953706, 40.6564226 ], [ -73.9953811, 40.6564334 ], [ -73.9953748, 40.6564485 ], [ -73.9953594, 40.656455 ], [ -73.9953436, 40.6564512 ], [ -73.9953342, 40.6564387 ], [ -73.9952303, 40.6564137 ] ] ] } },
{ "type": "Feature", "properties": { }, "geometry": { "type": "Polygon", "coordinates": [ [ [ -73.9869259, 40.6521597 ], [ -73.9869545, 40.6521432 ], [ -73.9869536, 40.652136 ], [ -73.9869547, 40.6521288 ], [ -73.9869577, 40.652122 ], [ -73.9869625, 40.6521158 ], [ -73.9869677, 40.6521112 ], [ -73.9869752, 40.6521068 ], [ -73.9869838, 40.6521037 ], [ -73.986993, 40.652102 ], [ -73.9870009, 40.6521017 ], [ -73.9870103, 40.6521028 ], [ -73.9870177, 40.6521048 ], [ -73.9870259, 40.6521084 ], [ -73.9870329, 40.6521133 ], [ -73.9870385, 40.6521191 ], [ -73.9870423, 40.6521257 ], [ -73.9870441, 40.6521316 ], [ -73.9870444, 40.6521388 ], [ -73.9870431, 40.6521448 ], [ -73.9870399, 40.6521515 ], [ -73.9870358, 40.6521567 ], [ -73.9870257, 40.6521643 ], [ -73.9870116, 40.6521696 ], [ -73.9869959, 40.6521709 ], [ -73.9869821, 40.6521684 ], [ -73.9869519, 40.6521858 ], [ -73.9869259, 40.6521597 ] ] ] } },
{ "type": "Feature", "properties": { }, "geometry": { "type": "Polygon", "coordinates": [ [ [ -73.9955083, 40.6571214 ], [ -73.9956142, 40.6571493 ], [ -73.9955864, 40.6572106 ], [ -73.9954805, 40.6571827 ], [ -73.9955083, 40.6571214 ] ] ] } },
{ "type": "Feature", "properties": { }, "geometry": { "type": "Polygon", "coordinates": [ [ [ -73.9955995, 40.6573319 ], [ -73.9957046, 40.6573582 ], [ -73.995678, 40.6574199 ], [ -73.9955729, 40.6573935 ], [ -73.9955995, 40.6573319 ] ] ] } },
{ "type": "Feature", "properties": { }, "geometry": { "type": "Polygon", "coordinates": [ [ [ -73.9974616, 40.6533451 ], [ -73.9975226, 40.6533484 ], [ -73.9975138, 40.6534412 ], [ -73.9975074, 40.6535084 ], [ -73.9974464, 40.653505 ], [ -73.9974616, 40.6533451 ] ] ] } },
{ "type": "Feature", "properties": { }, "geometry": { "type": "Polygon", "coordinates": [ [ [ -73.9840674, 40.6563533 ], [ -73.9841459, 40.6562776 ], [ -73.984202, 40.6563113 ], [ -73.9841533, 40.6563583 ], [ -73.9841807, 40.6563748 ], [ -73.9841508, 40.6564035 ], [ -73.9841279, 40.6563898 ], [ -73.9840674, 40.6563533 ] ] ] } },
{ "type": "Feature", "properties": { }, "geometry": { "type": "Polygon", "coordinates": [ [ [ -73.9824782, 40.6533493 ], [ -73.9824309, 40.6534006 ], [ -73.982407, 40.653466 ], [ -73.9822033, 40.6534229 ], [ -73.9822075, 40.6534041 ], [ -73.9822203, 40.6533462 ], [ -73.9822292, 40.6533338 ], [ -73.9822491, 40.6533061 ], [ -73.9823053, 40.6532577 ], [ -73.9824782, 40.6533493 ] ] ] } },
{ "type": "Feature", "properties": { }, "geometry": { "type": "Polygon", "coordinates": [ [ [ -73.9823053, 40.6532577 ], [ -73.9823289, 40.6532227 ], [ -73.9823468, 40.6532081 ], [ -73.9823698, 40.6531892 ], [ -73.9824071, 40.6531681 ], [ -73.982548, 40.653289 ], [ -73.9825794, 40.6533101 ], [ -73.9825096, 40.6533704 ], [ -73.9824782, 40.6533493 ], [ -73.9823053, 40.6532577 ] ] ] } },
{ "type": "Feature", "properties": { }, "geometry": { "type": "Polygon", "coordinates": [ [ [ -73.9826916, 40.6530984 ], [ -73.9827589, 40.6530676 ], [ -73.9826987, 40.6529912 ], [ -73.9830239, 40.6528425 ], [ -73.983141, 40.6529911 ], [ -73.9828129, 40.6531412 ], [ -73.9827904, 40.6531127 ], [ -73.9827261, 40.6531421 ], [ -73.9826916, 40.6530984 ] ] ] } },
{ "type": "Feature", "properties": { }, "geometry": { "type": "Polygon", "coordinates": [ [ [ -73.9836505, 40.6539215 ], [ -73.9836362, 40.6539224 ], [ -73.9836245, 40.6538188 ], [ -73.983735, 40.6538116 ], [ -73.9837468, 40.6539159 ], [ -73.9838027, 40.6539122 ], [ -73.9838073, 40.6539527 ], [ -73.9836552, 40.6539627 ], [ -73.9836532, 40.653945 ], [ -73.9836518, 40.6539326 ], [ -73.9836505, 40.6539215 ] ] ] } },
{ "type": "Feature", "properties": { }, "geometry": { "type": "Polygon", "coordinates": [ [ [ -73.9902795, 40.6583859 ], [ -73.9902392, 40.6583618 ], [ -73.9903316, 40.6582731 ], [ -73.990354, 40.6582516 ], [ -73.9903943, 40.6582757 ], [ -73.9903719, 40.6582972 ], [ -73.9903452, 40.6583228 ], [ -73.9903179, 40.658349 ], [ -73.9902795, 40.6583859 ] ] ] } },
{ "type": "Feature", "properties": { }, "geometry": { "type": "Polygon", "coordinates": [ [ [ -73.9903197, 40.6584101 ], [ -73.9902795, 40.6583859 ], [ -73.9903179, 40.658349 ], [ -73.9903452, 40.6583228 ], [ -73.9903719, 40.6582972 ], [ -73.9903943, 40.6582757 ], [ -73.9904345, 40.6582998 ], [ -73.9904121, 40.6583213 ], [ -73.9903197, 40.6584101 ] ] ] } },
{ "type": "Feature", "properties": { }, "geometry": { "type": "Polygon", "coordinates": [ [ [ -73.9950084, 40.6499238 ], [ -73.9949548, 40.6498486 ], [ -73.9948904, 40.649875 ], [ -73.994944, 40.6499503 ], [ -73.9950084, 40.6499238 ] ] ] } },
{ "type": "Feature", "properties": { }, "geometry": { "type": "Polygon", "coordinates": [ [ [ -73.9980264, 40.6540459 ], [ -73.9979956, 40.6540709 ], [ -73.9979648, 40.654049 ], [ -73.9979957, 40.654024 ], [ -73.9980264, 40.6540459 ] ] ] } },
{ "type": "Feature", "properties": { }, "geometry": { "type": "Polygon", "coordinates": [ [ [ -73.9979607, 40.6540022 ], [ -73.9979275, 40.654033 ], [ -73.9979027, 40.6540176 ], [ -73.9979358, 40.6539869 ], [ -73.9979607, 40.6540022 ] ] ] } },
{ "type": "Feature", "properties": { }, "geometry": { "type": "Polygon", "coordinates": [ [ [ -73.9978466, 40.6538774 ], [ -73.9978308, 40.6538463 ], [ -73.997776, 40.6538623 ], [ -73.9977917, 40.6538934 ], [ -73.9978466, 40.6538774 ] ] ] } },
{ "type": "Feature", "properties": { }, "geometry": { "type": "Polygon", "coordinates": [ [ [ -73.9978862, 40.6539584 ], [ -73.9978591, 40.6539333 ], [ -73.9978333, 40.6539493 ], [ -73.9978604, 40.6539744 ], [ -73.9978862, 40.6539584 ] ] ] } },
{ "type": "Feature", "properties": { }, "geometry": { "type": "Polygon", "coordinates": [ [ [ -73.9977779, 40.6535783 ], [ -73.9977754, 40.6535361 ], [ -73.9977487, 40.653537 ], [ -73.9977493, 40.6535476 ], [ -73.9977405, 40.6535479 ], [ -73.99774, 40.6535406 ], [ -73.9976966, 40.6535421 ], [ -73.9976971, 40.6535511 ], [ -73.9976907, 40.6535513 ], [ -73.997692, 40.6535726 ], [ -73.9977017, 40.6535723 ], [ -73.9977022, 40.653581 ], [ -73.9977415, 40.6535797 ], [ -73.9977411, 40.6535728 ], [ -73.9977573, 40.6535722 ], [ -73.9977577, 40.653579 ], [ -73.9977779, 40.6535783 ] ] ] } },
{ "type": "Feature", "properties": { }, "geometry": { "type": "Polygon", "coordinates": [ [ [ -73.9977435, 40.6535054 ], [ -73.9977445, 40.6534752 ], [ -73.9977039, 40.6534744 ], [ -73.9977029, 40.6535047 ], [ -73.9977435, 40.6535054 ] ] ] } },
{ "type": "Feature", "properties": { }, "geometry": { "type": "Polygon", "coordinates": [ [ [ -73.9977742, 40.6533931 ], [ -73.9977644, 40.6534176 ], [ -73.9977236, 40.6534082 ], [ -73.9977333, 40.6533838 ], [ -73.9977742, 40.6533931 ] ] ] } },
{ "type": "Feature", "properties": { }, "geometry": { "type": "Polygon", "coordinates": [ [ [ -73.9977906, 40.6533145 ], [ -73.9977851, 40.6533248 ], [ -73.9977507, 40.653314 ], [ -73.9977563, 40.6533038 ], [ -73.9977906, 40.6533145 ] ] ] } },
{ "type": "Feature", "properties": { }, "geometry": { "type": "Polygon", "coordinates": [ [ [ -73.9978211, 40.65327 ], [ -73.9978077, 40.6532872 ], [ -73.997774, 40.6532719 ], [ -73.9977874, 40.6532548 ], [ -73.9978211, 40.65327 ] ] ] } },
{ "type": "Feature", "properties": { }, "geometry": { "type": "Polygon", "coordinates": [ [ [ -73.9978072, 40.6537973 ], [ -73.9977974, 40.6537667 ], [ -73.9977466, 40.653776 ], [ -73.9977563, 40.6538066 ], [ -73.9978072, 40.6537973 ] ] ] } },
{ "type": "Feature", "properties": { }, "geometry": { "type": "Polygon", "coordinates": [ [ [ -73.9977687, 40.6536861 ], [ -73.9977626, 40.6536641 ], [ -73.9977169, 40.6536714 ], [ -73.997723, 40.6536934 ], [ -73.9977687, 40.6536861 ] ] ] } },
{ "type": "Feature", "properties": { }, "geometry": { "type": "Polygon", "coordinates": [ [ [ -73.9977546, 40.653642 ], [ -73.9977482, 40.653613 ], [ -73.9977106, 40.6536178 ], [ -73.997717, 40.6536468 ], [ -73.9977546, 40.653642 ] ] ] } },
{ "type": "Feature", "properties": { }, "geometry": { "type": "Polygon", "coordinates": [ [ [ -73.9938655, 40.6516017 ], [ -73.9938416, 40.6515122 ], [ -73.993721, 40.6515307 ], [ -73.9937449, 40.6516202 ], [ -73.9938655, 40.6516017 ] ] ] } },
{ "type": "Feature", "properties": { }, "geometry": { "type": "Polygon", "coordinates": [ [ [ -73.9904925, 40.650146 ], [ -73.990451, 40.6501909 ], [ -73.990367, 40.6501462 ], [ -73.9904085, 40.6501013 ], [ -73.9904925, 40.650146 ] ] ] } },
{ "type": "Feature", "properties": { }, "geometry": { "type": "Polygon", "coordinates": [ [ [ -73.987836, 40.6464368 ], [ -73.9878202, 40.6463908 ], [ -73.9877469, 40.6464052 ], [ -73.9877627, 40.6464513 ], [ -73.987836, 40.6464368 ] ] ] } },
{ "type": "Feature", "properties": { }, "geometry": { "type": "Polygon", "coordinates": [ [ [ -73.9858178, 40.645916 ], [ -73.9858067, 40.6459684 ], [ -73.9857423, 40.6459605 ], [ -73.9857534, 40.6459081 ], [ -73.9857882, 40.6459124 ], [ -73.9858178, 40.645916 ] ] ] } },
{ "type": "Feature", "properties": { }, "geometry": { "type": "Polygon", "coordinates": [ [ [ -73.9860633, 40.6458378 ], [ -73.9860616, 40.6458702 ], [ -73.9860039, 40.6458685 ], [ -73.986005, 40.6458492 ], [ -73.9860057, 40.645836 ], [ -73.9860633, 40.6458378 ] ] ] } },
{ "type": "Feature", "properties": { }, "geometry": { "type": "Polygon", "coordinates": [ [ [ -73.9827315, 40.6478922 ], [ -73.9827166, 40.6478754 ], [ -73.9826989, 40.6478553 ], [ -73.9826336, 40.6478885 ], [ -73.9826662, 40.6479254 ], [ -73.9827315, 40.6478922 ] ] ] } },
{ "type": "Feature", "properties": { }, "geometry": { "type": "Polygon", "coordinates": [ [ [ -73.9893032, 40.6571941 ], [ -73.9892717, 40.6572288 ], [ -73.9891967, 40.6571896 ], [ -73.9892282, 40.657155 ], [ -73.9893032, 40.6571941 ] ] ] } },
{ "type": "Feature", "properties": { }, "geometry": { "type": "Polygon", "coordinates": [ [ [ -73.9874874, 40.6571784 ], [ -73.987455, 40.6570959 ], [ -73.9874108, 40.6571059 ], [ -73.9874432, 40.6571884 ], [ -73.9874874, 40.6571784 ] ] ] } },
{ "type": "Feature", "properties": { }, "geometry": { "type": "Polygon", "coordinates": [ [ [ -73.9867774, 40.6576291 ], [ -73.9867768, 40.6575927 ], [ -73.98671, 40.6575933 ], [ -73.9867102, 40.6576046 ], [ -73.9866558, 40.6576051 ], [ -73.9866561, 40.6576181 ], [ -73.986713, 40.6576176 ], [ -73.9867132, 40.6576297 ], [ -73.9867774, 40.6576291 ] ] ] } },
{ "type": "Feature", "properties": { }, "geometry": { "type": "Polygon", "coordinates": [ [ [ -73.9825111, 40.6479912 ], [ -73.9824559, 40.6480211 ], [ -73.9824281, 40.6479917 ], [ -73.9824834, 40.6479617 ], [ -73.9825111, 40.6479912 ] ] ] } },
{ "type": "Feature", "properties": { }, "geometry": { "type": "Polygon", "coordinates": [ [ [ -73.9823593, 40.6479952 ], [ -73.982313, 40.6480164 ], [ -73.9822862, 40.6479843 ], [ -73.982334, 40.6479626 ], [ -73.9823593, 40.6479952 ] ] ] } },
{ "type": "Feature", "properties": { }, "geometry": { "type": "Polygon", "coordinates": [ [ [ -73.9821772, 40.6479571 ], [ -73.9821156, 40.6478921 ], [ -73.9820571, 40.647924 ], [ -73.9821187, 40.647989 ], [ -73.9821772, 40.6479571 ] ] ] } },
{ "type": "Feature", "properties": { }, "geometry": { "type": "Polygon", "coordinates": [ [ [ -73.9822906, 40.6479113 ], [ -73.9822658, 40.6479441 ], [ -73.9822151, 40.647922 ], [ -73.982243, 40.6478851 ], [ -73.982254, 40.6478899 ], [ -73.9822597, 40.6478824 ], [ -73.9822919, 40.6478963 ], [ -73.982283, 40.647908 ], [ -73.9822906, 40.6479113 ] ] ] } },
{ "type": "Feature", "properties": { }, "geometry": { "type": "Polygon", "coordinates": [ [ [ -73.9824156, 40.64789 ], [ -73.9823669, 40.6479135 ], [ -73.9823384, 40.6478794 ], [ -73.9823872, 40.647856 ], [ -73.9824156, 40.64789 ] ] ] } },
{ "type": "Feature", "properties": { }, "geometry": { "type": "Polygon", "coordinates": [ [ [ -73.9822589, 40.6480215 ], [ -73.9822413, 40.6480758 ], [ -73.9821745, 40.6480633 ], [ -73.9821922, 40.6480089 ], [ -73.9822589, 40.6480215 ] ] ] } },
{ "type": "Feature", "properties": { }, "geometry": { "type": "Polygon", "coordinates": [ [ [ -73.9900245, 40.6483889 ], [ -73.9899617, 40.6483893 ], [ -73.9899607, 40.6483089 ], [ -73.9899951, 40.6483087 ], [ -73.9900235, 40.6483085 ], [ -73.9900245, 40.6483889 ] ] ] } },
{ "type": "Feature", "properties": { }, "geometry": { "type": "Polygon", "coordinates": [ [ [ -73.9911415, 40.6505093 ], [ -73.9910856, 40.6505098 ], [ -73.9910852, 40.6504787 ], [ -73.991141, 40.6504782 ], [ -73.9911415, 40.6505093 ] ] ] } },
{ "type": "Feature", "properties": { }, "geometry": { "type": "Polygon", "coordinates": [ [ [ -73.997199, 40.6511932 ], [ -73.997195, 40.651153 ], [ -73.9971523, 40.6511555 ], [ -73.9971532, 40.6511639 ], [ -73.9971427, 40.6511645 ], [ -73.9971452, 40.6511891 ], [ -73.9971528, 40.6511887 ], [ -73.9971536, 40.6511959 ], [ -73.997199, 40.6511932 ] ] ] } },
{ "type": "Feature", "properties": { }, "geometry": { "type": "Polygon", "coordinates": [ [ [ -73.9984938, 40.652993 ], [ -73.9984561, 40.6530521 ], [ -73.998396, 40.6530301 ], [ -73.9984337, 40.652971 ], [ -73.9984938, 40.652993 ] ] ] } },
{ "type": "Feature", "properties": { }, "geometry": { "type": "Polygon", "coordinates": [ [ [ -73.9890675, 40.6574524 ], [ -73.9890509, 40.6574838 ], [ -73.9890042, 40.6574696 ], [ -73.9890208, 40.6574382 ], [ -73.9890675, 40.6574524 ] ] ] } },
{ "type": "Feature", "properties": { }, "geometry": { "type": "Polygon", "coordinates": [ [ [ -73.9889044, 40.6573727 ], [ -73.9888718, 40.6574153 ], [ -73.9888281, 40.657396 ], [ -73.9888606, 40.6573534 ], [ -73.9889044, 40.6573727 ] ] ] } },
{ "type": "Feature", "properties": { }, "geometry": { "type": "Polygon", "coordinates": [ [ [ -73.9890328, 40.6573675 ], [ -73.9890322, 40.657322 ], [ -73.9889783, 40.6573224 ], [ -73.9889789, 40.6573679 ], [ -73.9890328, 40.6573675 ] ] ] } },
{ "type": "Feature", "properties": { }, "geometry": { "type": "Polygon", "coordinates": [ [ [ -73.9885757, 40.6572052 ], [ -73.9885411, 40.6572571 ], [ -73.9884863, 40.6572361 ], [ -73.988521, 40.6571842 ], [ -73.9885757, 40.6572052 ] ] ] } },
{ "type": "Feature", "properties": { }, "geometry": { "type": "Polygon", "coordinates": [ [ [ -73.9882666, 40.6571272 ], [ -73.9882346, 40.6571607 ], [ -73.9881912, 40.6571369 ], [ -73.9882233, 40.6571034 ], [ -73.9882666, 40.6571272 ] ] ] } },
{ "type": "Feature", "properties": { }, "geometry": { "type": "Polygon", "coordinates": [ [ [ -73.9880625, 40.6572303 ], [ -73.9880123, 40.6572626 ], [ -73.9879774, 40.6572314 ], [ -73.9880276, 40.657199 ], [ -73.9880625, 40.6572303 ] ] ] } },
{ "type": "Feature", "properties": { }, "geometry": { "type": "Polygon", "coordinates": [ [ [ -73.9882866, 40.6577804 ], [ -73.9882566, 40.6578062 ], [ -73.9882225, 40.6577834 ], [ -73.9882525, 40.6577576 ], [ -73.9882866, 40.6577804 ] ] ] } },
{ "type": "Feature", "properties": { }, "geometry": { "type": "Polygon", "coordinates": [ [ [ -73.986385, 40.6566462 ], [ -73.9863488, 40.6566684 ], [ -73.9863203, 40.6566417 ], [ -73.9863564, 40.6566195 ], [ -73.986385, 40.6566462 ] ] ] } },
{ "type": "Feature", "properties": { }, "geometry": { "type": "Polygon", "coordinates": [ [ [ -73.9873404, 40.6567019 ], [ -73.9872938, 40.6566829 ], [ -73.9873188, 40.6566477 ], [ -73.9873654, 40.6566667 ], [ -73.9873404, 40.6567019 ] ] ] } },
{ "type": "Feature", "properties": { }, "geometry": { "type": "Polygon", "coordinates": [ [ [ -73.9892461, 40.6563841 ], [ -73.9892517, 40.6563563 ], [ -73.9892151, 40.6563521 ], [ -73.9892095, 40.6563799 ], [ -73.9892461, 40.6563841 ] ] ] } },
{ "type": "Feature", "properties": { }, "geometry": { "type": "Polygon", "coordinates": [ [ [ -73.9914974, 40.6556553 ], [ -73.9914246, 40.6556935 ], [ -73.9913885, 40.6556539 ], [ -73.9914613, 40.6556157 ], [ -73.9914974, 40.6556553 ] ] ] } },
{ "type": "Feature", "properties": { }, "geometry": { "type": "Polygon", "coordinates": [ [ [ -73.992238, 40.6555878 ], [ -73.9922019, 40.6556154 ], [ -73.9921663, 40.6555885 ], [ -73.9922024, 40.6555609 ], [ -73.992238, 40.6555878 ] ] ] } },
{ "type": "Feature", "properties": { }, "geometry": { "type": "Polygon", "coordinates": [ [ [ -73.9930021, 40.6548322 ], [ -73.9929715, 40.6548842 ], [ -73.9930364, 40.6549062 ], [ -73.993067, 40.6548541 ], [ -73.9930021, 40.6548322 ] ] ] } },
{ "type": "Feature", "properties": { }, "geometry": { "type": "Polygon", "coordinates": [ [ [ -73.9916457, 40.652527 ], [ -73.9915947, 40.6525367 ], [ -73.9915815, 40.6524971 ], [ -73.9916325, 40.6524873 ], [ -73.9916457, 40.652527 ] ] ] } },
{ "type": "Feature", "properties": { }, "geometry": { "type": "Polygon", "coordinates": [ [ [ -73.9887835, 40.6452309 ], [ -73.9887295, 40.6452241 ], [ -73.9887405, 40.6451735 ], [ -73.9887946, 40.6451803 ], [ -73.9887835, 40.6452309 ] ] ] } },
{ "type": "Feature", "properties": { }, "geometry": { "type": "Polygon", "coordinates": [ [ [ -73.9885962, 40.6453737 ], [ -73.9885144, 40.6453833 ], [ -73.9885027, 40.6453355 ], [ -73.9885846, 40.6453244 ], [ -73.9885914, 40.6453535 ], [ -73.9885962, 40.6453737 ] ] ] } },
{ "type": "Feature", "properties": { }, "geometry": { "type": "Polygon", "coordinates": [ [ [ -73.9914249, 40.6460636 ], [ -73.9914182, 40.6460829 ], [ -73.9914124, 40.6460994 ], [ -73.9913477, 40.6460864 ], [ -73.9913603, 40.6460506 ], [ -73.9914249, 40.6460636 ] ] ] } },
{ "type": "Feature", "properties": { }, "geometry": { "type": "Polygon", "coordinates": [ [ [ -73.9913817, 40.6464223 ], [ -73.9913511, 40.6464514 ], [ -73.9913008, 40.6464209 ], [ -73.9913315, 40.6463918 ], [ -73.9913817, 40.6464223 ] ] ] } },
{ "type": "Feature", "properties": { }, "geometry": { "type": "Polygon", "coordinates": [ [ [ -73.9908744, 40.6466958 ], [ -73.9908276, 40.6467048 ], [ -73.9908104, 40.6466538 ], [ -73.9908571, 40.6466447 ], [ -73.9908744, 40.6466958 ] ] ] } },
{ "type": "Feature", "properties": { }, "geometry": { "type": "Polygon", "coordinates": [ [ [ -73.9920891, 40.6468634 ], [ -73.992081, 40.6468238 ], [ -73.9920364, 40.646829 ], [ -73.9920445, 40.6468686 ], [ -73.9920891, 40.6468634 ] ] ] } },
{ "type": "Feature", "properties": { }, "geometry": { "type": "Polygon", "coordinates": [ [ [ -73.9922691, 40.6466912 ], [ -73.9922698, 40.6466509 ], [ -73.9922213, 40.6466504 ], [ -73.9922205, 40.6466906 ], [ -73.9922691, 40.6466912 ] ] ] } },
{ "type": "Feature", "properties": { }, "geometry": { "type": "Polygon", "coordinates": [ [ [ -73.9921892, 40.6466016 ], [ -73.992177, 40.6465686 ], [ -73.9921281, 40.646579 ], [ -73.9921403, 40.646612 ], [ -73.9921892, 40.6466016 ] ] ] } },
{ "type": "Feature", "properties": { }, "geometry": { "type": "Polygon", "coordinates": [ [ [ -73.9927204, 40.6477711 ], [ -73.9927096, 40.6477345 ], [ -73.9926532, 40.647744 ], [ -73.992664, 40.6477807 ], [ -73.9927204, 40.6477711 ] ] ] } },
{ "type": "Feature", "properties": { }, "geometry": { "type": "Polygon", "coordinates": [ [ [ -73.9938454, 40.6491791 ], [ -73.9938347, 40.6491879 ], [ -73.9937753, 40.6491926 ], [ -73.9937626, 40.6491806 ], [ -73.9937529, 40.6491317 ], [ -73.9937728, 40.6491193 ], [ -73.9938286, 40.6491155 ], [ -73.9938429, 40.6491297 ], [ -73.9938454, 40.6491791 ] ] ] } },
{ "type": "Feature", "properties": { }, "geometry": { "type": "Polygon", "coordinates": [ [ [ -73.9943877, 40.6490883 ], [ -73.9943637, 40.6490961 ], [ -73.9943375, 40.6491046 ], [ -73.9943049, 40.649047 ], [ -73.9943551, 40.6490306 ], [ -73.9943877, 40.6490883 ] ] ] } },
{ "type": "Feature", "properties": { }, "geometry": { "type": "Polygon", "coordinates": [ [ [ -73.9825472, 40.6481224 ], [ -73.9825256, 40.6480924 ], [ -73.9824769, 40.6481126 ], [ -73.9824987, 40.6481419 ], [ -73.9825472, 40.6481224 ] ] ] } },
{ "type": "Feature", "properties": { }, "geometry": { "type": "Polygon", "coordinates": [ [ [ -73.9824317, 40.6480664 ], [ -73.982376, 40.6480923 ], [ -73.9823515, 40.6480621 ], [ -73.9824073, 40.6480361 ], [ -73.9824317, 40.6480664 ] ] ] } },
{ "type": "Feature", "properties": { }, "geometry": { "type": "Polygon", "coordinates": [ [ [ -73.9824596, 40.6481392 ], [ -73.9824386, 40.6481701 ], [ -73.9823902, 40.6481512 ], [ -73.9824112, 40.6481203 ], [ -73.9824596, 40.6481392 ] ] ] } },
{ "type": "Feature", "properties": { }, "geometry": { "type": "Polygon", "coordinates": [ [ [ -73.9823179, 40.6481156 ], [ -73.9822935, 40.648148 ], [ -73.9822508, 40.6481295 ], [ -73.9822752, 40.6480971 ], [ -73.9823179, 40.6481156 ] ] ] } },
{ "type": "Feature", "properties": { }, "geometry": { "type": "Polygon", "coordinates": [ [ [ -73.9817403, 40.6486338 ], [ -73.9816941, 40.6486208 ], [ -73.9817135, 40.6485813 ], [ -73.9817597, 40.6485943 ], [ -73.9817403, 40.6486338 ] ] ] } },
{ "type": "Feature", "properties": { }, "geometry": { "type": "Polygon", "coordinates": [ [ [ -73.9818463, 40.6515856 ], [ -73.981823, 40.6516225 ], [ -73.981761, 40.6516 ], [ -73.9817842, 40.6515631 ], [ -73.9818463, 40.6515856 ] ] ] } },
{ "type": "Feature", "properties": { }, "geometry": { "type": "Polygon", "coordinates": [ [ [ -73.9817225, 40.6516324 ], [ -73.9816972, 40.6516704 ], [ -73.981633, 40.6516458 ], [ -73.9816583, 40.6516078 ], [ -73.9817225, 40.6516324 ] ] ] } },
{ "type": "Feature", "properties": { }, "geometry": { "type": "Polygon", "coordinates": [ [ [ -73.9817061, 40.6514891 ], [ -73.981647, 40.6514652 ], [ -73.9816116, 40.6515155 ], [ -73.9816707, 40.6515394 ], [ -73.9817061, 40.6514891 ] ] ] } },
{ "type": "Feature", "properties": { }, "geometry": { "type": "Polygon", "coordinates": [ [ [ -73.9829757, 40.6527293 ], [ -73.9829179, 40.6527529 ], [ -73.9828753, 40.6526931 ], [ -73.9829331, 40.6526694 ], [ -73.9829757, 40.6527293 ] ] ] } },
{ "type": "Feature", "properties": { }, "geometry": { "type": "Polygon", "coordinates": [ [ [ -73.9876051, 40.6461398 ], [ -73.9875542, 40.6461594 ], [ -73.9875258, 40.646117 ], [ -73.9875767, 40.6460974 ], [ -73.9876051, 40.6461398 ] ] ] } },
{ "type": "Feature", "properties": { }, "geometry": { "type": "Polygon", "coordinates": [ [ [ -73.9867131, 40.6454583 ], [ -73.9866637, 40.6454736 ], [ -73.9866375, 40.6454248 ], [ -73.9866869, 40.6454095 ], [ -73.9867131, 40.6454583 ] ] ] } },
{ "type": "Feature", "properties": { }, "geometry": { "type": "Polygon", "coordinates": [ [ [ -73.9867698, 40.6455844 ], [ -73.9867487, 40.6456266 ], [ -73.9866917, 40.6456102 ], [ -73.9867128, 40.645568 ], [ -73.9867698, 40.6455844 ] ] ] } },
{ "type": "Feature", "properties": { }, "geometry": { "type": "Polygon", "coordinates": [ [ [ -73.9869135, 40.6455493 ], [ -73.9868932, 40.6455856 ], [ -73.9868328, 40.6455662 ], [ -73.9868531, 40.6455298 ], [ -73.9869135, 40.6455493 ] ] ] } },
{ "type": "Feature", "properties": { }, "geometry": { "type": "Polygon", "coordinates": [ [ [ -73.9945829, 40.6482549 ], [ -73.9945706, 40.6482155 ], [ -73.9945116, 40.648226 ], [ -73.9945239, 40.6482655 ], [ -73.9945829, 40.6482549 ] ] ] } },
{ "type": "Feature", "properties": { }, "geometry": { "type": "Polygon", "coordinates": [ [ [ -73.9948145, 40.6484484 ], [ -73.9947947, 40.6484081 ], [ -73.9947302, 40.6484263 ], [ -73.99475, 40.6484666 ], [ -73.9948145, 40.6484484 ] ] ] } },
{ "type": "Feature", "properties": { }, "geometry": { "type": "Polygon", "coordinates": [ [ [ -73.9948004, 40.6485497 ], [ -73.9947958, 40.6485842 ], [ -73.9947372, 40.6485797 ], [ -73.9947418, 40.6485452 ], [ -73.9948004, 40.6485497 ] ] ] } },
{ "type": "Feature", "properties": { }, "geometry": { "type": "Polygon", "coordinates": [ [ [ -73.9960961, 40.6503003 ], [ -73.9960568, 40.6503129 ], [ -73.9960403, 40.6502832 ], [ -73.9960796, 40.6502706 ], [ -73.9960961, 40.6503003 ] ] ] } },
{ "type": "Feature", "properties": { }, "geometry": { "type": "Polygon", "coordinates": [ [ [ -73.9977825, 40.6537319 ], [ -73.9977763, 40.653707 ], [ -73.9977313, 40.6537135 ], [ -73.9977375, 40.6537384 ], [ -73.9977825, 40.6537319 ] ] ] } },
{ "type": "Feature", "properties": { }, "geometry": { "type": "Polygon", "coordinates": [ [ [ -73.9975767, 40.6537119 ], [ -73.9975727, 40.6536897 ], [ -73.9975687, 40.6536666 ], [ -73.9975073, 40.6536729 ], [ -73.9975153, 40.6537182 ], [ -73.9975767, 40.6537119 ] ] ] } },
{ "type": "Feature", "properties": { }, "geometry": { "type": "Polygon", "coordinates": [ [ [ -73.9977201, 40.6540731 ], [ -73.9977105, 40.6540586 ], [ -73.9977005, 40.6540433 ], [ -73.9976379, 40.654067 ], [ -73.9976575, 40.6540968 ], [ -73.9977201, 40.6540731 ] ] ] } },
{ "type": "Feature", "properties": { }, "geometry": { "type": "Polygon", "coordinates": [ [ [ -73.9976924, 40.654021 ], [ -73.9976866, 40.6540098 ], [ -73.9976787, 40.6539949 ], [ -73.9976452, 40.654005 ], [ -73.9976588, 40.6540311 ], [ -73.9976924, 40.654021 ] ] ] } },
{ "type": "Feature", "properties": { }, "geometry": { "type": "Polygon", "coordinates": [ [ [ -73.9976689, 40.6539835 ], [ -73.9976633, 40.6539723 ], [ -73.9976559, 40.6539573 ], [ -73.9976147, 40.6539691 ], [ -73.9976277, 40.6539953 ], [ -73.9976689, 40.6539835 ] ] ] } },
{ "type": "Feature", "properties": { }, "geometry": { "type": "Polygon", "coordinates": [ [ [ -73.9976522, 40.6539301 ], [ -73.9976442, 40.6539119 ], [ -73.9976352, 40.6538912 ], [ -73.9975734, 40.6539069 ], [ -73.9975904, 40.6539457 ], [ -73.9976522, 40.6539301 ] ] ] } },
{ "type": "Feature", "properties": { }, "geometry": { "type": "Polygon", "coordinates": [ [ [ -73.9976188, 40.6538762 ], [ -73.9976102, 40.6538539 ], [ -73.9976026, 40.653834 ], [ -73.9975558, 40.6538444 ], [ -73.997572, 40.6538865 ], [ -73.9976188, 40.6538762 ] ] ] } },
{ "type": "Feature", "properties": { }, "geometry": { "type": "Polygon", "coordinates": [ [ [ -73.9975395, 40.65328 ], [ -73.9975426, 40.6532674 ], [ -73.9975495, 40.6532394 ], [ -73.9974978, 40.6532321 ], [ -73.9974879, 40.6532727 ], [ -73.9975395, 40.65328 ] ] ] } },
{ "type": "Feature", "properties": { }, "geometry": { "type": "Polygon", "coordinates": [ [ [ -73.9984545, 40.6531007 ], [ -73.9984374, 40.653125 ], [ -73.9984102, 40.653114 ], [ -73.9984273, 40.6530897 ], [ -73.9984545, 40.6531007 ] ] ] } },
{ "type": "Feature", "properties": { }, "geometry": { "type": "Polygon", "coordinates": [ [ [ -73.9976019, 40.6538063 ], [ -73.9975922, 40.6537792 ], [ -73.9975815, 40.653749 ], [ -73.9975164, 40.6537623 ], [ -73.9975368, 40.6538197 ], [ -73.9976019, 40.6538063 ] ] ] } },
{ "type": "Feature", "properties": { }, "geometry": { "type": "Polygon", "coordinates": [ [ [ -73.9972193, 40.6537786 ], [ -73.9971999, 40.6537428 ], [ -73.9971643, 40.653754 ], [ -73.9971837, 40.6537897 ], [ -73.9972193, 40.6537786 ] ] ] } },
{ "type": "Feature", "properties": { }, "geometry": { "type": "Polygon", "coordinates": [ [ [ -73.9969898, 40.6532179 ], [ -73.9969456, 40.6532459 ], [ -73.9969193, 40.6532219 ], [ -73.9969634, 40.653194 ], [ -73.9969898, 40.6532179 ] ] ] } },
{ "type": "Feature", "properties": { }, "geometry": { "type": "Polygon", "coordinates": [ [ [ -73.9821525, 40.6530841 ], [ -73.9821579, 40.6530906 ], [ -73.9821659, 40.6530953 ], [ -73.9821756, 40.6530977 ], [ -73.9821857, 40.6530974 ], [ -73.9821944, 40.6530949 ], [ -73.9822017, 40.6530905 ], [ -73.9822067, 40.6530846 ], [ -73.9822091, 40.6530777 ], [ -73.9822085, 40.6530707 ], [ -73.9822051, 40.6530641 ], [ -73.9821991, 40.6530587 ], [ -73.9821912, 40.6530549 ], [ -73.9821822, 40.6530532 ], [ -73.9821729, 40.6530538 ], [ -73.9821636, 40.6530568 ], [ -73.9821562, 40.6530621 ], [ -73.9821515, 40.6530689 ], [ -73.9821502, 40.6530766 ], [ -73.9821525, 40.6530841 ] ] ] } },
{ "type": "Feature", "properties": { }, "geometry": { "type": "Polygon", "coordinates": [ [ [ -73.9826523, 40.6480042 ], [ -73.9826034, 40.648027 ], [ -73.9825728, 40.6479891 ], [ -73.9826216, 40.6479663 ], [ -73.9826523, 40.6480042 ] ] ] } },
{ "type": "Feature", "properties": { }, "geometry": { "type": "Polygon", "coordinates": [ [ [ -73.9837601, 40.6470592 ], [ -73.9837223, 40.6470856 ], [ -73.9836693, 40.6470421 ], [ -73.9836866, 40.64703 ], [ -73.9837071, 40.6470156 ], [ -73.9837601, 40.6470592 ] ] ] } },
{ "type": "Feature", "properties": { }, "geometry": { "type": "Polygon", "coordinates": [ [ [ -73.9851399, 40.6460545 ], [ -73.9851018, 40.6460709 ], [ -73.9850797, 40.6460414 ], [ -73.9851178, 40.646025 ], [ -73.9851399, 40.6460545 ] ] ] } },
{ "type": "Feature", "properties": { }, "geometry": { "type": "Polygon", "coordinates": [ [ [ -73.9850749, 40.6460939 ], [ -73.9850562, 40.6461026 ], [ -73.9850364, 40.6461119 ], [ -73.9850092, 40.6460783 ], [ -73.9850477, 40.6460604 ], [ -73.9850749, 40.6460939 ] ] ] } },
{ "type": "Feature", "properties": { }, "geometry": { "type": "Polygon", "coordinates": [ [ [ -73.9814351, 40.6503877 ], [ -73.9814033, 40.6503982 ], [ -73.9813832, 40.6503633 ], [ -73.9814008, 40.6503575 ], [ -73.981415, 40.6503528 ], [ -73.9814351, 40.6503877 ] ] ] } },
{ "type": "Feature", "properties": { }, "geometry": { "type": "Polygon", "coordinates": [ [ [ -73.9824742, 40.6541389 ], [ -73.9824497, 40.6540889 ], [ -73.9823899, 40.6541057 ], [ -73.9824021, 40.6541307 ], [ -73.9824144, 40.6541558 ], [ -73.9824742, 40.6541389 ] ] ] } },
{ "type": "Feature", "properties": { }, "geometry": { "type": "Polygon", "coordinates": [ [ [ -73.982582, 40.6543279 ], [ -73.982564, 40.6542956 ], [ -73.9825177, 40.6543103 ], [ -73.9825282, 40.6543292 ], [ -73.9825357, 40.6543427 ], [ -73.982582, 40.6543279 ] ] ] } },
{ "type": "Feature", "properties": { }, "geometry": { "type": "Polygon", "coordinates": [ [ [ -73.9897752, 40.6569689 ], [ -73.9897414, 40.6569932 ], [ -73.9897156, 40.6569726 ], [ -73.9897078, 40.6569783 ], [ -73.9896808, 40.6569568 ], [ -73.9896877, 40.6569519 ], [ -73.989669, 40.656937 ], [ -73.9897042, 40.6569115 ], [ -73.9897203, 40.6569244 ], [ -73.9897442, 40.6569071 ], [ -73.9897852, 40.6569397 ], [ -73.9897608, 40.6569573 ], [ -73.9897752, 40.6569689 ] ] ] } },
{ "type": "Feature", "properties": { }, "geometry": { "type": "Polygon", "coordinates": [ [ [ -73.9894975, 40.6570886 ], [ -73.9895094, 40.6570549 ], [ -73.9894659, 40.657046 ], [ -73.9894539, 40.6570797 ], [ -73.9894975, 40.6570886 ] ] ] } },
{ "type": "Feature", "properties": { }, "geometry": { "type": "Polygon", "coordinates": [ [ [ -73.987917, 40.6570958 ], [ -73.9879579, 40.6569886 ], [ -73.9878911, 40.6569739 ], [ -73.9878501, 40.6570811 ], [ -73.987917, 40.6570958 ] ] ] } },
{ "type": "Feature", "properties": { }, "geometry": { "type": "Polygon", "coordinates": [ [ [ -73.9869666, 40.6571655 ], [ -73.9869275, 40.6571895 ], [ -73.9868898, 40.6571543 ], [ -73.9869289, 40.6571302 ], [ -73.9869666, 40.6571655 ] ] ] } },
{ "type": "Feature", "properties": { }, "geometry": { "type": "Polygon", "coordinates": [ [ [ -73.9870269, 40.6573554 ], [ -73.9869906, 40.6573812 ], [ -73.9869404, 40.6573405 ], [ -73.9869767, 40.6573147 ], [ -73.9870269, 40.6573554 ] ] ] } },
{ "type": "Feature", "properties": { }, "geometry": { "type": "Polygon", "coordinates": [ [ [ -73.9876564, 40.6510274 ], [ -73.9876373, 40.6510857 ], [ -73.9875283, 40.6510651 ], [ -73.9875473, 40.6510069 ], [ -73.9876564, 40.6510274 ] ] ] } },
{ "type": "Feature", "properties": { }, "geometry": { "type": "Polygon", "coordinates": [ [ [ -73.9918878, 40.6487604 ], [ -73.9918818, 40.6487727 ], [ -73.9918645, 40.6487679 ], [ -73.9918431, 40.6487619 ], [ -73.9918523, 40.6487428 ], [ -73.9918371, 40.6487269 ], [ -73.9918468, 40.6487051 ], [ -73.9918791, 40.6486868 ], [ -73.9919194, 40.6486988 ], [ -73.991932, 40.6487213 ], [ -73.9919226, 40.6487455 ], [ -73.9918878, 40.6487604 ] ] ] } },
{ "type": "Feature", "properties": { }, "geometry": { "type": "Polygon", "coordinates": [ [ [ -73.9971642, 40.6514847 ], [ -73.99708, 40.6514634 ], [ -73.9971023, 40.6514126 ], [ -73.9971865, 40.651434 ], [ -73.9971642, 40.6514847 ] ] ] } },
{ "type": "Feature", "properties": { }, "geometry": { "type": "Polygon", "coordinates": [ [ [ -73.9983187, 40.6523811 ], [ -73.9982574, 40.6523848 ], [ -73.998252, 40.652335 ], [ -73.9983133, 40.6523313 ], [ -73.9983187, 40.6523811 ] ] ] } },
{ "type": "Feature", "properties": { }, "geometry": { "type": "Polygon", "coordinates": [ [ [ -73.9984768, 40.6524766 ], [ -73.9984295, 40.652493 ], [ -73.9984116, 40.6524633 ], [ -73.998459, 40.652447 ], [ -73.9984768, 40.6524766 ] ] ] } },
{ "type": "Feature", "properties": { }, "geometry": { "type": "Polygon", "coordinates": [ [ [ -73.9986977, 40.6527138 ], [ -73.9985926, 40.6526972 ], [ -73.9986087, 40.6526384 ], [ -73.9987138, 40.652655 ], [ -73.9986977, 40.6527138 ] ] ] } },
{ "type": "Feature", "properties": { }, "geometry": { "type": "Polygon", "coordinates": [ [ [ -73.9989518, 40.6533404 ], [ -73.998921, 40.6533279 ], [ -73.9989436, 40.653296 ], [ -73.9989744, 40.6533086 ], [ -73.9989518, 40.6533404 ] ] ] } },
{ "type": "Feature", "properties": { }, "geometry": { "type": "Polygon", "coordinates": [ [ [ -73.998849, 40.6533378 ], [ -73.998808, 40.6533204 ], [ -73.9988488, 40.6532652 ], [ -73.9988899, 40.6532826 ], [ -73.998849, 40.6533378 ] ] ] } },
{ "type": "Feature", "properties": { }, "geometry": { "type": "Polygon", "coordinates": [ [ [ -73.9987748, 40.6532719 ], [ -73.9987447, 40.6532581 ], [ -73.9987625, 40.6532358 ], [ -73.9987926, 40.6532496 ], [ -73.9987748, 40.6532719 ] ] ] } },
{ "type": "Feature", "properties": { }, "geometry": { "type": "Polygon", "coordinates": [ [ [ -73.9987021, 40.6532032 ], [ -73.9986851, 40.6532277 ], [ -73.9986585, 40.6532171 ], [ -73.9986755, 40.6531925 ], [ -73.9987021, 40.6532032 ] ] ] } },
{ "type": "Feature", "properties": { }, "geometry": { "type": "Polygon", "coordinates": [ [ [ -73.9986524, 40.653178 ], [ -73.9986284, 40.6532098 ], [ -73.9985856, 40.6531913 ], [ -73.9986096, 40.6531595 ], [ -73.9986524, 40.653178 ] ] ] } },
{ "type": "Feature", "properties": { }, "geometry": { "type": "Polygon", "coordinates": [ [ [ -73.9985829, 40.6531439 ], [ -73.9985582, 40.6531737 ], [ -73.9985389, 40.6531645 ], [ -73.9985636, 40.6531347 ], [ -73.9985829, 40.6531439 ] ] ] } },
{ "type": "Feature", "properties": { }, "geometry": { "type": "Polygon", "coordinates": [ [ [ -73.9985352, 40.6531243 ], [ -73.9985189, 40.6531516 ], [ -73.9984982, 40.6531445 ], [ -73.9985145, 40.6531171 ], [ -73.9985352, 40.6531243 ] ] ] } },
{ "type": "Feature", "properties": { }, "geometry": { "type": "Polygon", "coordinates": [ [ [ -73.9982783, 40.6530626 ], [ -73.9982836, 40.6530701 ], [ -73.9982916, 40.653076 ], [ -73.9983016, 40.6530797 ], [ -73.9983127, 40.653081 ], [ -73.9983237, 40.6530796 ], [ -73.9983346, 40.6530751 ], [ -73.9983429, 40.653068 ], [ -73.9983475, 40.6530593 ], [ -73.9983479, 40.6530499 ], [ -73.9983441, 40.6530409 ], [ -73.9983364, 40.6530335 ], [ -73.9983259, 40.6530285 ], [ -73.9983138, 40.6530264 ], [ -73.9983015, 40.6530277 ], [ -73.9982905, 40.653032 ], [ -73.9982828, 40.6530382 ], [ -73.9982779, 40.6530458 ], [ -73.9982764, 40.6530542 ], [ -73.9982783, 40.6530626 ] ] ] } },
{ "type": "Feature", "properties": { }, "geometry": { "type": "Polygon", "coordinates": [ [ [ -73.998156, 40.6530622 ], [ -73.9981081, 40.6530699 ], [ -73.9980992, 40.6530377 ], [ -73.9981471, 40.6530301 ], [ -73.998156, 40.6530622 ] ] ] } },
{ "type": "Feature", "properties": { }, "geometry": { "type": "Polygon", "coordinates": [ [ [ -73.9980091, 40.6531168 ], [ -73.9979733, 40.6531365 ], [ -73.9979435, 40.6531053 ], [ -73.9979793, 40.6530856 ], [ -73.9980091, 40.6531168 ] ] ] } },
{ "type": "Feature", "properties": { }, "geometry": { "type": "Polygon", "coordinates": [ [ [ -73.9978939, 40.6531673 ], [ -73.9978667, 40.6531974 ], [ -73.9978308, 40.6531786 ], [ -73.9978581, 40.6531485 ], [ -73.9978939, 40.6531673 ] ] ] } },
{ "type": "Feature", "properties": { }, "geometry": { "type": "Polygon", "coordinates": [ [ [ -73.9971045, 40.6522538 ], [ -73.9970924, 40.6522876 ], [ -73.9970501, 40.6522789 ], [ -73.9970622, 40.652245 ], [ -73.9971045, 40.6522538 ] ] ] } },
{ "type": "Feature", "properties": { }, "geometry": { "type": "Polygon", "coordinates": [ [ [ -73.9975068, 40.6520768 ], [ -73.997488, 40.6520388 ], [ -73.9974295, 40.6520554 ], [ -73.9974483, 40.6520934 ], [ -73.9975068, 40.6520768 ] ] ] } },
{ "type": "Feature", "properties": { }, "geometry": { "type": "Polygon", "coordinates": [ [ [ -73.9939625, 40.6504663 ], [ -73.9939599, 40.6504243 ], [ -73.9940353, 40.6504216 ], [ -73.9940379, 40.6504635 ], [ -73.9939625, 40.6504663 ] ] ] } },
{ "type": "Feature", "properties": { }, "geometry": { "type": "Polygon", "coordinates": [ [ [ -73.9938665, 40.6509154 ], [ -73.9937944, 40.6508841 ], [ -73.9938228, 40.6508466 ], [ -73.9938948, 40.6508779 ], [ -73.9938665, 40.6509154 ] ] ] } },
{ "type": "Feature", "properties": { }, "geometry": { "type": "Polygon", "coordinates": [ [ [ -73.9939154, 40.6508627 ], [ -73.9938613, 40.6508434 ], [ -73.9938748, 40.6508216 ], [ -73.993886, 40.6508035 ], [ -73.9939401, 40.6508228 ], [ -73.9939154, 40.6508627 ] ] ] } },
{ "type": "Feature", "properties": { }, "geometry": { "type": "Polygon", "coordinates": [ [ [ -73.9936855, 40.6510022 ], [ -73.9937379, 40.6510395 ], [ -73.9937843, 40.6510019 ], [ -73.9937318, 40.6509646 ], [ -73.9936855, 40.6510022 ] ] ] } },
{ "type": "Feature", "properties": { }, "geometry": { "type": "Polygon", "coordinates": [ [ [ -73.9934445, 40.6511655 ], [ -73.9933858, 40.6511753 ], [ -73.9933726, 40.6511298 ], [ -73.9934313, 40.65112 ], [ -73.9934445, 40.6511655 ] ] ] } },
{ "type": "Feature", "properties": { }, "geometry": { "type": "Polygon", "coordinates": [ [ [ -73.9899096, 40.6568117 ], [ -73.9898288, 40.6567615 ], [ -73.989894, 40.6567011 ], [ -73.9899748, 40.6567513 ], [ -73.9899096, 40.6568117 ] ] ] } },
{ "type": "Feature", "properties": { }, "geometry": { "type": "Polygon", "coordinates": [ [ [ -73.9858987, 40.6567697 ], [ -73.9858437, 40.6567728 ], [ -73.9858384, 40.6567201 ], [ -73.9858934, 40.6567169 ], [ -73.9858987, 40.6567697 ] ] ] } },
{ "type": "Feature", "properties": { }, "geometry": { "type": "Polygon", "coordinates": [ [ [ -73.9835686, 40.6551918 ], [ -73.9835309, 40.6551837 ], [ -73.9835432, 40.6551508 ], [ -73.9835808, 40.6551588 ], [ -73.9835686, 40.6551918 ] ] ] } },
{ "type": "Feature", "properties": { }, "geometry": { "type": "Polygon", "coordinates": [ [ [ -73.9832876, 40.6550372 ], [ -73.983245, 40.6550551 ], [ -73.9832196, 40.6550201 ], [ -73.9832622, 40.6550023 ], [ -73.9832876, 40.6550372 ] ] ] } },
{ "type": "Feature", "properties": { }, "geometry": { "type": "Polygon", "coordinates": [ [ [ -73.9833676, 40.6542824 ], [ -73.9833415, 40.654241 ], [ -73.9834318, 40.6542081 ], [ -73.983458, 40.6542495 ], [ -73.9833676, 40.6542824 ] ] ] } },
{ "type": "Feature", "properties": { }, "geometry": { "type": "Polygon", "coordinates": [ [ [ -73.9831578, 40.6540321 ], [ -73.9830969, 40.6540312 ], [ -73.983098, 40.6539876 ], [ -73.9831589, 40.6539885 ], [ -73.9831578, 40.6540321 ] ] ] } },
{ "type": "Feature", "properties": { }, "geometry": { "type": "Polygon", "coordinates": [ [ [ -73.9831299, 40.6539359 ], [ -73.9831221, 40.6538992 ], [ -73.9830639, 40.6539063 ], [ -73.9830717, 40.653943 ], [ -73.9831299, 40.6539359 ] ] ] } },
{ "type": "Feature", "properties": { }, "geometry": { "type": "Polygon", "coordinates": [ [ [ -73.9831755, 40.6537236 ], [ -73.9831758, 40.653652 ], [ -73.983085, 40.6536518 ], [ -73.9830847, 40.6537234 ], [ -73.9831755, 40.6537236 ] ] ] } },
{ "type": "Feature", "properties": { }, "geometry": { "type": "Polygon", "coordinates": [ [ [ -73.9827816, 40.6538154 ], [ -73.9827904, 40.6538317 ], [ -73.9827455, 40.6538456 ], [ -73.9827365, 40.6538289 ], [ -73.9827106, 40.6538369 ], [ -73.9826855, 40.65379 ], [ -73.9827132, 40.6537815 ], [ -73.9827066, 40.6537692 ], [ -73.9827546, 40.6537544 ], [ -73.982767, 40.6537776 ], [ -73.9827867, 40.6537715 ], [ -73.9828061, 40.6538078 ], [ -73.9827816, 40.6538154 ] ] ] } },
{ "type": "Feature", "properties": { }, "geometry": { "type": "Polygon", "coordinates": [ [ [ -73.9830227, 40.6539492 ], [ -73.9829811, 40.6539537 ], [ -73.9829733, 40.6539128 ], [ -73.983015, 40.6539083 ], [ -73.9830227, 40.6539492 ] ] ] } },
{ "type": "Feature", "properties": { }, "geometry": { "type": "Polygon", "coordinates": [ [ [ -73.9832185, 40.6538262 ], [ -73.9831636, 40.6538266 ], [ -73.9831631, 40.6537854 ], [ -73.9832179, 40.653785 ], [ -73.9832185, 40.6538262 ] ] ] } },
{ "type": "Feature", "properties": { }, "geometry": { "type": "Polygon", "coordinates": [ [ [ -73.9831262, 40.6538431 ], [ -73.983079, 40.6538525 ], [ -73.9830627, 40.6538053 ], [ -73.9831099, 40.6537959 ], [ -73.9831262, 40.6538431 ] ] ] } },
{ "type": "Feature", "properties": { }, "geometry": { "type": "Polygon", "coordinates": [ [ [ -73.9830143, 40.6538387 ], [ -73.9829769, 40.6538826 ], [ -73.9829322, 40.6538606 ], [ -73.9829697, 40.6538168 ], [ -73.9830143, 40.6538387 ] ] ] } },
{ "type": "Feature", "properties": { }, "geometry": { "type": "Polygon", "coordinates": [ [ [ -73.9829924, 40.6537339 ], [ -73.9829561, 40.6537505 ], [ -73.9829186, 40.6537034 ], [ -73.9829549, 40.6536867 ], [ -73.9829924, 40.6537339 ] ] ] } },
{ "type": "Feature", "properties": { }, "geometry": { "type": "Polygon", "coordinates": [ [ [ -73.982982, 40.6536483 ], [ -73.9829431, 40.653656 ], [ -73.9829317, 40.653623 ], [ -73.9829706, 40.6536152 ], [ -73.982982, 40.6536483 ] ] ] } },
{ "type": "Feature", "properties": { }, "geometry": { "type": "Polygon", "coordinates": [ [ [ -73.9831043, 40.653551 ], [ -73.9830616, 40.6535693 ], [ -73.9830358, 40.6535346 ], [ -73.9830786, 40.6535163 ], [ -73.9831043, 40.653551 ] ] ] } },
{ "type": "Feature", "properties": { }, "geometry": { "type": "Polygon", "coordinates": [ [ [ -73.9832382, 40.6535559 ], [ -73.983218, 40.6535845 ], [ -73.9831711, 40.6535655 ], [ -73.9831913, 40.6535369 ], [ -73.9832382, 40.6535559 ] ] ] } },
{ "type": "Feature", "properties": { }, "geometry": { "type": "Polygon", "coordinates": [ [ [ -73.9838432, 40.6532121 ], [ -73.9838046, 40.6532403 ], [ -73.9837325, 40.6531834 ], [ -73.9837513, 40.6531697 ], [ -73.9837711, 40.6531553 ], [ -73.9838432, 40.6532121 ] ] ] } },
{ "type": "Feature", "properties": { }, "geometry": { "type": "Polygon", "coordinates": [ [ [ -73.9868698, 40.6486136 ], [ -73.9868248, 40.6486425 ], [ -73.9867703, 40.6485936 ], [ -73.9868154, 40.6485647 ], [ -73.9868698, 40.6486136 ] ] ] } },
{ "type": "Feature", "properties": { }, "geometry": { "type": "Polygon", "coordinates": [ [ [ -73.9866782, 40.6485817 ], [ -73.9866154, 40.6485752 ], [ -73.9866062, 40.6486267 ], [ -73.986619, 40.648644 ], [ -73.9866286, 40.6486517 ], [ -73.9866469, 40.6486524 ], [ -73.9866684, 40.6486364 ], [ -73.9866782, 40.6485817 ] ] ] } },
{ "type": "Feature", "properties": { }, "geometry": { "type": "Polygon", "coordinates": [ [ [ -73.9890901, 40.6485489 ], [ -73.9890572, 40.6485751 ], [ -73.9890037, 40.6485364 ], [ -73.9890366, 40.6485102 ], [ -73.9890901, 40.6485489 ] ] ] } },
{ "type": "Feature", "properties": { }, "geometry": { "type": "Polygon", "coordinates": [ [ [ -73.9888912, 40.6484686 ], [ -73.9888319, 40.6485092 ], [ -73.988763, 40.6484512 ], [ -73.9888223, 40.6484106 ], [ -73.9888912, 40.6484686 ] ] ] } },
{ "type": "Feature", "properties": { }, "geometry": { "type": "Polygon", "coordinates": [ [ [ -73.993439, 40.6491946 ], [ -73.9934248, 40.6492282 ], [ -73.9933568, 40.6492117 ], [ -73.993371, 40.6491781 ], [ -73.993439, 40.6491946 ] ] ] } },
{ "type": "Feature", "properties": { }, "geometry": { "type": "Polygon", "coordinates": [ [ [ -73.9934801, 40.6490828 ], [ -73.9934676, 40.6491171 ], [ -73.9934161, 40.6491062 ], [ -73.9934286, 40.649072 ], [ -73.9934801, 40.6490828 ] ] ] } },
{ "type": "Feature", "properties": { }, "geometry": { "type": "Polygon", "coordinates": [ [ [ -73.9935166, 40.6489942 ], [ -73.9934989, 40.6490295 ], [ -73.9934497, 40.6490152 ], [ -73.9934675, 40.64898 ], [ -73.9935166, 40.6489942 ] ] ] } },
{ "type": "Feature", "properties": { }, "geometry": { "type": "Polygon", "coordinates": [ [ [ -73.9858223, 40.6462336 ], [ -73.9858089, 40.6462677 ], [ -73.9857632, 40.6462574 ], [ -73.9857766, 40.6462233 ], [ -73.9858223, 40.6462336 ] ] ] } },
{ "type": "Feature", "properties": { }, "geometry": { "type": "Polygon", "coordinates": [ [ [ -73.9834265, 40.647783 ], [ -73.983359, 40.6478194 ], [ -73.9833188, 40.6477765 ], [ -73.9833863, 40.64774 ], [ -73.9834265, 40.647783 ] ] ] } },
{ "type": "Feature", "properties": { }, "geometry": { "type": "Polygon", "coordinates": [ [ [ -73.9832452, 40.6484849 ], [ -73.9832108, 40.648504 ], [ -73.9831824, 40.6484746 ], [ -73.9832168, 40.6484554 ], [ -73.9832452, 40.6484849 ] ] ] } },
{ "type": "Feature", "properties": { }, "geometry": { "type": "Polygon", "coordinates": [ [ [ -73.9920735, 40.6572116 ], [ -73.9920435, 40.6572562 ], [ -73.9919421, 40.657217 ], [ -73.9919721, 40.6571724 ], [ -73.9920735, 40.6572116 ] ] ] } },
{ "type": "Feature", "properties": { }, "geometry": { "type": "Polygon", "coordinates": [ [ [ -73.9913166, 40.6575163 ], [ -73.9912467, 40.6575365 ], [ -73.9912172, 40.6574779 ], [ -73.991287, 40.6574576 ], [ -73.9913166, 40.6575163 ] ] ] } },
{ "type": "Feature", "properties": { }, "geometry": { "type": "Polygon", "coordinates": [ [ [ -73.9953486, 40.6574509 ], [ -73.9952949, 40.6574623 ], [ -73.9952817, 40.6574498 ], [ -73.995263, 40.6574538 ], [ -73.9952484, 40.6574141 ], [ -73.9952614, 40.6574113 ], [ -73.9952543, 40.6573921 ], [ -73.9953215, 40.6573777 ], [ -73.9953486, 40.6574509 ] ] ] } },
{ "type": "Feature", "properties": { }, "geometry": { "type": "Polygon", "coordinates": [ [ [ -73.9954088, 40.6571414 ], [ -73.9953929, 40.6571804 ], [ -73.9953206, 40.6571634 ], [ -73.9953251, 40.6571526 ], [ -73.9953081, 40.6571486 ], [ -73.9953196, 40.6571204 ], [ -73.9954088, 40.6571414 ] ] ] } },
{ "type": "Feature", "properties": { }, "geometry": { "type": "Polygon", "coordinates": [ [ [ -73.9953783, 40.6572219 ], [ -73.9953642, 40.6572714 ], [ -73.9953067, 40.657262 ], [ -73.9953208, 40.6572125 ], [ -73.9953783, 40.6572219 ] ] ] } },
{ "type": "Feature", "properties": { }, "geometry": { "type": "Polygon", "coordinates": [ [ [ -73.9953574, 40.6572968 ], [ -73.9953464, 40.657341 ], [ -73.9952911, 40.6573331 ], [ -73.9953021, 40.6572889 ], [ -73.9953574, 40.6572968 ] ] ] } },
{ "type": "Feature", "properties": { }, "geometry": { "type": "Polygon", "coordinates": [ [ [ -73.9948701, 40.6566956 ], [ -73.9948187, 40.6566961 ], [ -73.9948199, 40.6567587 ], [ -73.9946653, 40.6567604 ], [ -73.9946589, 40.6564303 ], [ -73.9947766, 40.656429 ], [ -73.9947795, 40.6565809 ], [ -73.9948174, 40.6565805 ], [ -73.9948184, 40.6566368 ], [ -73.9948689, 40.6566363 ], [ -73.9948701, 40.6566956 ] ] ] } },
{ "type": "Feature", "properties": { }, "geometry": { "type": "Polygon", "coordinates": [ [ [ -73.9930949, 40.6564149 ], [ -73.9930838, 40.6563743 ], [ -73.9930346, 40.6563821 ], [ -73.9930457, 40.6564226 ], [ -73.9930949, 40.6564149 ] ] ] } },
{ "type": "Feature", "properties": { }, "geometry": { "type": "Polygon", "coordinates": [ [ [ -73.9931805, 40.6563971 ], [ -73.9931108, 40.65641 ], [ -73.9930975, 40.6563684 ], [ -73.9931673, 40.6563556 ], [ -73.9931805, 40.6563971 ] ] ] } },
{ "type": "Feature", "properties": { }, "geometry": { "type": "Polygon", "coordinates": [ [ [ -73.9919684, 40.6543656 ], [ -73.9918693, 40.6543961 ], [ -73.9918221, 40.6543078 ], [ -73.9919211, 40.6542773 ], [ -73.9919684, 40.6543656 ] ] ] } },
{ "type": "Feature", "properties": { }, "geometry": { "type": "Polygon", "coordinates": [ [ [ -73.9839355, 40.6548498 ], [ -73.983888, 40.6548578 ], [ -73.9838726, 40.6548058 ], [ -73.9839201, 40.6547977 ], [ -73.9839355, 40.6548498 ] ] ] } },
{ "type": "Feature", "properties": { }, "geometry": { "type": "Polygon", "coordinates": [ [ [ -73.9832417, 40.6547858 ], [ -73.9832294, 40.6548093 ], [ -73.9831994, 40.6548002 ], [ -73.9832117, 40.6547768 ], [ -73.9832417, 40.6547858 ] ] ] } },
{ "type": "Feature", "properties": { }, "geometry": { "type": "Polygon", "coordinates": [ [ [ -73.9832831, 40.6548165 ], [ -73.9832895, 40.6547951 ], [ -73.9832628, 40.6547905 ], [ -73.9832564, 40.6548119 ], [ -73.9832831, 40.6548165 ] ] ] } },
{ "type": "Feature", "properties": { }, "geometry": { "type": "Polygon", "coordinates": [ [ [ -73.9833285, 40.6548256 ], [ -73.983301, 40.6548238 ], [ -73.983305, 40.6547894 ], [ -73.9833325, 40.6547912 ], [ -73.9833285, 40.6548256 ] ] ] } },
{ "type": "Feature", "properties": { }, "geometry": { "type": "Polygon", "coordinates": [ [ [ -73.9834267, 40.6548292 ], [ -73.9833719, 40.6548292 ], [ -73.983372, 40.6547928 ], [ -73.9834267, 40.6547928 ], [ -73.9834267, 40.6548292 ] ] ] } },
{ "type": "Feature", "properties": { }, "geometry": { "type": "Polygon", "coordinates": [ [ [ -73.9834982, 40.6548247 ], [ -73.9834618, 40.6548267 ], [ -73.9834591, 40.6547989 ], [ -73.9834955, 40.6547968 ], [ -73.9834982, 40.6548247 ] ] ] } },
{ "type": "Feature", "properties": { }, "geometry": { "type": "Polygon", "coordinates": [ [ [ -73.9835528, 40.6548111 ], [ -73.9835157, 40.6548216 ], [ -73.9835013, 40.6547924 ], [ -73.9835385, 40.6547819 ], [ -73.9835528, 40.6548111 ] ] ] } },
{ "type": "Feature", "properties": { }, "geometry": { "type": "Polygon", "coordinates": [ [ [ -73.9836061, 40.6547936 ], [ -73.983582, 40.6548073 ], [ -73.983554, 40.654779 ], [ -73.9835781, 40.6547653 ], [ -73.9836061, 40.6547936 ] ] ] } },
{ "type": "Feature", "properties": { }, "geometry": { "type": "Polygon", "coordinates": [ [ [ -73.9832216, 40.6529661 ], [ -73.9832016, 40.6529328 ], [ -73.9831606, 40.652947 ], [ -73.9831806, 40.6529803 ], [ -73.9832216, 40.6529661 ] ] ] } },
{ "type": "Feature", "properties": { }, "geometry": { "type": "Polygon", "coordinates": [ [ [ -73.9833401, 40.6529512 ], [ -73.9832877, 40.6529676 ], [ -73.9832515, 40.6529011 ], [ -73.983304, 40.6528847 ], [ -73.9833401, 40.6529512 ] ] ] } },
{ "type": "Feature", "properties": { }, "geometry": { "type": "Polygon", "coordinates": [ [ [ -73.9833631, 40.6527994 ], [ -73.9833336, 40.6527626 ], [ -73.9832961, 40.6527799 ], [ -73.9833256, 40.6528167 ], [ -73.9833631, 40.6527994 ] ] ] } },
{ "type": "Feature", "properties": { }, "geometry": { "type": "Polygon", "coordinates": [ [ [ -73.9833011, 40.6528338 ], [ -73.9832708, 40.6527912 ], [ -73.9832133, 40.6528148 ], [ -73.9832435, 40.6528574 ], [ -73.9833011, 40.6528338 ] ] ] } },
{ "type": "Feature", "properties": { }, "geometry": { "type": "Polygon", "coordinates": [ [ [ -73.9846656, 40.6524017 ], [ -73.9846394, 40.6523715 ], [ -73.9845849, 40.6523988 ], [ -73.9846111, 40.652429 ], [ -73.9846656, 40.6524017 ] ] ] } },
{ "type": "Feature", "properties": { }, "geometry": { "type": "Polygon", "coordinates": [ [ [ -73.9847571, 40.6523552 ], [ -73.9847254, 40.6523182 ], [ -73.984673, 40.652344 ], [ -73.9847048, 40.652381 ], [ -73.9847571, 40.6523552 ] ] ] } },
{ "type": "Feature", "properties": { }, "geometry": { "type": "Polygon", "coordinates": [ [ [ -73.9848319, 40.6523072 ], [ -73.9848047, 40.6522769 ], [ -73.9847623, 40.6522988 ], [ -73.9847896, 40.6523291 ], [ -73.9848319, 40.6523072 ] ] ] } },
{ "type": "Feature", "properties": { }, "geometry": { "type": "Polygon", "coordinates": [ [ [ -73.9860786, 40.6518246 ], [ -73.9860559, 40.651789 ], [ -73.986011, 40.6518055 ], [ -73.9860337, 40.6518411 ], [ -73.9860786, 40.6518246 ] ] ] } },
{ "type": "Feature", "properties": { }, "geometry": { "type": "Polygon", "coordinates": [ [ [ -73.9859695, 40.6518634 ], [ -73.9859492, 40.651822 ], [ -73.9858943, 40.6518374 ], [ -73.9859146, 40.6518788 ], [ -73.9859695, 40.6518634 ] ] ] } },
{ "type": "Feature", "properties": { }, "geometry": { "type": "Polygon", "coordinates": [ [ [ -73.9858462, 40.6518884 ], [ -73.9858277, 40.6518492 ], [ -73.9858043, 40.6518556 ], [ -73.9857728, 40.6518642 ], [ -73.9857914, 40.6519034 ], [ -73.9858462, 40.6518884 ] ] ] } },
{ "type": "Feature", "properties": { }, "geometry": { "type": "Polygon", "coordinates": [ [ [ -73.9857301, 40.6519172 ], [ -73.9857126, 40.6518824 ], [ -73.9856563, 40.6518986 ], [ -73.9856737, 40.6519335 ], [ -73.9857301, 40.6519172 ] ] ] } },
{ "type": "Feature", "properties": { }, "geometry": { "type": "Polygon", "coordinates": [ [ [ -73.9858516, 40.6527235 ], [ -73.9858277, 40.6527492 ], [ -73.985775, 40.6527211 ], [ -73.9857989, 40.6526953 ], [ -73.9858516, 40.6527235 ] ] ] } },
{ "type": "Feature", "properties": { }, "geometry": { "type": "Polygon", "coordinates": [ [ [ -73.992141, 40.6509574 ], [ -73.9921157, 40.6509972 ], [ -73.9920786, 40.6509836 ], [ -73.9921038, 40.6509438 ], [ -73.992141, 40.6509574 ] ] ] } },
{ "type": "Feature", "properties": { }, "geometry": { "type": "Polygon", "coordinates": [ [ [ -73.9983886, 40.6529552 ], [ -73.9983756, 40.6529811 ], [ -73.9983482, 40.6529732 ], [ -73.9983612, 40.6529472 ], [ -73.9983886, 40.6529552 ] ] ] } },
{ "type": "Feature", "properties": { }, "geometry": { "type": "Polygon", "coordinates": [ [ [ -73.9983371, 40.6529447 ], [ -73.9983281, 40.6529695 ], [ -73.9982898, 40.6529615 ], [ -73.9982988, 40.6529367 ], [ -73.9983371, 40.6529447 ] ] ] } },
{ "type": "Feature", "properties": { }, "geometry": { "type": "Polygon", "coordinates": [ [ [ -73.998267, 40.6529295 ], [ -73.9982662, 40.652956 ], [ -73.9982276, 40.6529554 ], [ -73.9982285, 40.6529289 ], [ -73.998267, 40.6529295 ] ] ] } },
{ "type": "Feature", "properties": { }, "geometry": { "type": "Polygon", "coordinates": [ [ [ -73.9981954, 40.6529546 ], [ -73.9981939, 40.6529276 ], [ -73.9981686, 40.6529284 ], [ -73.9981701, 40.6529554 ], [ -73.9981954, 40.6529546 ] ] ] } },
{ "type": "Feature", "properties": { }, "geometry": { "type": "Polygon", "coordinates": [ [ [ -73.9981272, 40.6529344 ], [ -73.9981356, 40.6529613 ], [ -73.9981081, 40.6529662 ], [ -73.9980998, 40.6529393 ], [ -73.9981272, 40.6529344 ] ] ] } },
{ "type": "Feature", "properties": { }, "geometry": { "type": "Polygon", "coordinates": [ [ [ -73.9980797, 40.6529683 ], [ -73.9980729, 40.6529406 ], [ -73.9980331, 40.6529462 ], [ -73.9980399, 40.6529739 ], [ -73.9980797, 40.6529683 ] ] ] } },
{ "type": "Feature", "properties": { }, "geometry": { "type": "Polygon", "coordinates": [ [ [ -73.9979966, 40.6529952 ], [ -73.997959, 40.653016 ], [ -73.9979346, 40.6529906 ], [ -73.9979722, 40.6529699 ], [ -73.9979966, 40.6529952 ] ] ] } },
{ "type": "Feature", "properties": { }, "geometry": { "type": "Polygon", "coordinates": [ [ [ -73.9979294, 40.653036 ], [ -73.9978915, 40.6530515 ], [ -73.9978707, 40.6530222 ], [ -73.9979087, 40.6530067 ], [ -73.9979294, 40.653036 ] ] ] } },
{ "type": "Feature", "properties": { }, "geometry": { "type": "Polygon", "coordinates": [ [ [ -73.9978625, 40.6530609 ], [ -73.9978405, 40.6530808 ], [ -73.9978161, 40.6530652 ], [ -73.9978381, 40.6530453 ], [ -73.9978625, 40.6530609 ] ] ] } },
{ "type": "Feature", "properties": { }, "geometry": { "type": "Polygon", "coordinates": [ [ [ -73.9978271, 40.6531052 ], [ -73.9978093, 40.6531289 ], [ -73.9977786, 40.6531157 ], [ -73.9977965, 40.653092 ], [ -73.9978271, 40.6531052 ] ] ] } },
{ "type": "Feature", "properties": { }, "geometry": { "type": "Polygon", "coordinates": [ [ [ -73.989866, 40.6536247 ], [ -73.9898858, 40.6536368 ], [ -73.9899097, 40.6536431 ], [ -73.9899351, 40.6536429 ], [ -73.989959, 40.6536363 ], [ -73.9899785, 40.653624 ], [ -73.9899908, 40.6536086 ], [ -73.9899961, 40.6535911 ], [ -73.9899938, 40.6535732 ], [ -73.9899843, 40.6535567 ], [ -73.9899684, 40.6535434 ], [ -73.9899478, 40.6535345 ], [ -73.9899246, 40.653531 ], [ -73.9899011, 40.6535332 ], [ -73.9898797, 40.6535409 ], [ -73.9898625, 40.6535533 ], [ -73.9898508, 40.6535704 ], [ -73.9898474, 40.6535895 ], [ -73.9898527, 40.6536083 ], [ -73.989866, 40.6536247 ] ] ] } },
{ "type": "Feature", "properties": { }, "geometry": { "type": "Polygon", "coordinates": [ [ [ -73.9893419, 40.6534571 ], [ -73.9892884, 40.6534949 ], [ -73.9892459, 40.6534602 ], [ -73.9892994, 40.6534225 ], [ -73.9893419, 40.6534571 ] ] ] } },
{ "type": "Feature", "properties": { }, "geometry": { "type": "Polygon", "coordinates": [ [ [ -73.9897503, 40.6550509 ], [ -73.9897401, 40.6549811 ], [ -73.9896545, 40.6549883 ], [ -73.9896647, 40.6550581 ], [ -73.9897503, 40.6550509 ] ] ] } },
{ "type": "Feature", "properties": { }, "geometry": { "type": "Polygon", "coordinates": [ [ [ -73.9929327, 40.6564108 ], [ -73.9928917, 40.656429 ], [ -73.9928596, 40.6563876 ], [ -73.9929007, 40.6563693 ], [ -73.9929327, 40.6564108 ] ] ] } },
{ "type": "Feature", "properties": { }, "geometry": { "type": "Polygon", "coordinates": [ [ [ -73.9929639, 40.6548137 ], [ -73.9929393, 40.6548516 ], [ -73.9929008, 40.6548373 ], [ -73.9929254, 40.6547993 ], [ -73.9929639, 40.6548137 ] ] ] } },
{ "type": "Feature", "properties": { }, "geometry": { "type": "Polygon", "coordinates": [ [ [ -73.9928956, 40.6547947 ], [ -73.9928816, 40.6548282 ], [ -73.9928467, 40.6548198 ], [ -73.9928493, 40.6547922 ], [ -73.9928956, 40.6547947 ] ] ] } },
{ "type": "Feature", "properties": { }, "geometry": { "type": "Polygon", "coordinates": [ [ [ -73.9928298, 40.6548135 ], [ -73.9928239, 40.6547828 ], [ -73.9927671, 40.6547891 ], [ -73.992773, 40.6548198 ], [ -73.9928298, 40.6548135 ] ] ] } },
{ "type": "Feature", "properties": { }, "geometry": { "type": "Polygon", "coordinates": [ [ [ -73.9922359, 40.6553471 ], [ -73.9922391, 40.6553111 ], [ -73.9921878, 40.6553085 ], [ -73.9921845, 40.6553445 ], [ -73.9922359, 40.6553471 ] ] ] } },
{ "type": "Feature", "properties": { }, "geometry": { "type": "Polygon", "coordinates": [ [ [ -73.9923424, 40.6555201 ], [ -73.9923122, 40.6555504 ], [ -73.9922667, 40.6555242 ], [ -73.9922969, 40.6554939 ], [ -73.9923424, 40.6555201 ] ] ] } },
{ "type": "Feature", "properties": { }, "geometry": { "type": "Polygon", "coordinates": [ [ [ -73.9921759, 40.6555287 ], [ -73.9921461, 40.6555418 ], [ -73.9921237, 40.6555125 ], [ -73.9921536, 40.6554994 ], [ -73.9921759, 40.6555287 ] ] ] } },
{ "type": "Feature", "properties": { }, "geometry": { "type": "Polygon", "coordinates": [ [ [ -73.9921526, 40.6554748 ], [ -73.9921294, 40.6554412 ], [ -73.9920775, 40.6554618 ], [ -73.9921007, 40.6554954 ], [ -73.9921526, 40.6554748 ] ] ] } },
{ "type": "Feature", "properties": { }, "geometry": { "type": "Polygon", "coordinates": [ [ [ -73.9927265, 40.6567357 ], [ -73.9927114, 40.6567486 ], [ -73.9926848, 40.6567309 ], [ -73.9926998, 40.6567179 ], [ -73.9927265, 40.6567357 ] ] ] } },
{ "type": "Feature", "properties": { }, "geometry": { "type": "Polygon", "coordinates": [ [ [ -73.9835427, 40.652877 ], [ -73.9835323, 40.652853 ], [ -73.9834951, 40.6528623 ], [ -73.9835055, 40.6528863 ], [ -73.9835427, 40.652877 ] ] ] } },
{ "type": "Feature", "properties": { }, "geometry": { "type": "Polygon", "coordinates": [ [ [ -73.9844912, 40.6526228 ], [ -73.9844668, 40.6526045 ], [ -73.9844533, 40.6526148 ], [ -73.9844364, 40.6526277 ], [ -73.9844608, 40.652646 ], [ -73.9844912, 40.6526228 ] ] ] } },
{ "type": "Feature", "properties": { }, "geometry": { "type": "Polygon", "coordinates": [ [ [ -73.984543, 40.6526002 ], [ -73.9845162, 40.6525734 ], [ -73.9844811, 40.6525936 ], [ -73.9845079, 40.6526204 ], [ -73.984543, 40.6526002 ] ] ] } },
{ "type": "Feature", "properties": { }, "geometry": { "type": "Polygon", "coordinates": [ [ [ -73.9845989, 40.6525806 ], [ -73.98457, 40.6525457 ], [ -73.9845333, 40.6525632 ], [ -73.9845622, 40.6525981 ], [ -73.9845989, 40.6525806 ] ] ] } },
{ "type": "Feature", "properties": { }, "geometry": { "type": "Polygon", "coordinates": [ [ [ -73.9846552, 40.6525507 ], [ -73.9846158, 40.6525687 ], [ -73.984587, 40.6525323 ], [ -73.9846264, 40.6525143 ], [ -73.9846552, 40.6525507 ] ] ] } },
{ "type": "Feature", "properties": { }, "geometry": { "type": "Polygon", "coordinates": [ [ [ -73.98495, 40.6522748 ], [ -73.9849109, 40.6522305 ], [ -73.9848608, 40.652256 ], [ -73.9848999, 40.6523003 ], [ -73.98495, 40.6522748 ] ] ] } },
{ "type": "Feature", "properties": { }, "geometry": { "type": "Polygon", "coordinates": [ [ [ -73.9852088, 40.6521148 ], [ -73.9851735, 40.6520788 ], [ -73.9851161, 40.6521111 ], [ -73.9851514, 40.6521471 ], [ -73.9852088, 40.6521148 ] ] ] } },
{ "type": "Feature", "properties": { }, "geometry": { "type": "Polygon", "coordinates": [ [ [ -73.9868213, 40.6519909 ], [ -73.9868041, 40.6519624 ], [ -73.9867431, 40.6519836 ], [ -73.9867603, 40.6520122 ], [ -73.9868213, 40.6519909 ] ] ] } },
{ "type": "Feature", "properties": { }, "geometry": { "type": "Polygon", "coordinates": [ [ [ -73.987257, 40.6519127 ], [ -73.9872329, 40.6518595 ], [ -73.9871725, 40.6518752 ], [ -73.9871965, 40.6519284 ], [ -73.987257, 40.6519127 ] ] ] } },
{ "type": "Feature", "properties": { }, "geometry": { "type": "Polygon", "coordinates": [ [ [ -73.9915154, 40.6568895 ], [ -73.9914839, 40.6568467 ], [ -73.9914354, 40.6568673 ], [ -73.9914669, 40.6569101 ], [ -73.9915154, 40.6568895 ] ] ] } },
{ "type": "Feature", "properties": { }, "geometry": { "type": "Polygon", "coordinates": [ [ [ -73.9914548, 40.6569155 ], [ -73.9914082, 40.656935 ], [ -73.9913805, 40.656897 ], [ -73.9914271, 40.6568774 ], [ -73.9914548, 40.6569155 ] ] ] } },
{ "type": "Feature", "properties": { }, "geometry": { "type": "Polygon", "coordinates": [ [ [ -73.9913897, 40.656948 ], [ -73.9913399, 40.6569653 ], [ -73.9913164, 40.6569265 ], [ -73.9913662, 40.6569091 ], [ -73.9913897, 40.656948 ] ] ] } },
{ "type": "Feature", "properties": { }, "geometry": { "type": "Polygon", "coordinates": [ [ [ -73.9913226, 40.6569661 ], [ -73.9912959, 40.6569358 ], [ -73.9912366, 40.656966 ], [ -73.9912634, 40.6569962 ], [ -73.9913226, 40.6569661 ] ] ] } },
{ "type": "Feature", "properties": { }, "geometry": { "type": "Polygon", "coordinates": [ [ [ -73.9912429, 40.657019 ], [ -73.9912012, 40.6570484 ], [ -73.9911683, 40.6570215 ], [ -73.9912099, 40.6569921 ], [ -73.9912429, 40.657019 ] ] ] } },
{ "type": "Feature", "properties": { }, "geometry": { "type": "Polygon", "coordinates": [ [ [ -73.9911745, 40.6570637 ], [ -73.991133, 40.6570921 ], [ -73.9910975, 40.6570623 ], [ -73.991139, 40.6570339 ], [ -73.9911745, 40.6570637 ] ] ] } },
{ "type": "Feature", "properties": { }, "geometry": { "type": "Polygon", "coordinates": [ [ [ -73.9911136, 40.6571073 ], [ -73.9910775, 40.6571283 ], [ -73.9910501, 40.6571011 ], [ -73.9910862, 40.6570801 ], [ -73.9911136, 40.6571073 ] ] ] } },
{ "type": "Feature", "properties": { }, "geometry": { "type": "Polygon", "coordinates": [ [ [ -73.991052, 40.657146 ], [ -73.9909933, 40.6571707 ], [ -73.990965, 40.6571321 ], [ -73.9910237, 40.6571074 ], [ -73.991052, 40.657146 ] ] ] } },
{ "type": "Feature", "properties": { }, "geometry": { "type": "Polygon", "coordinates": [ [ [ -73.9936741, 40.6561544 ], [ -73.9936342, 40.6561633 ], [ -73.9936177, 40.6561207 ], [ -73.9936576, 40.6561118 ], [ -73.9936741, 40.6561544 ] ] ] } },
{ "type": "Feature", "properties": { }, "geometry": { "type": "Polygon", "coordinates": [ [ [ -73.9949231, 40.6489379 ], [ -73.9949218, 40.6489084 ], [ -73.9948593, 40.64891 ], [ -73.9948605, 40.6489394 ], [ -73.9949231, 40.6489379 ] ] ] } },
{ "type": "Feature", "properties": { }, "geometry": { "type": "Polygon", "coordinates": [ [ [ -73.9916406, 40.6462212 ], [ -73.991592, 40.6462367 ], [ -73.9915458, 40.6461533 ], [ -73.9915944, 40.6461378 ], [ -73.9916406, 40.6462212 ] ] ] } },
{ "type": "Feature", "properties": { }, "geometry": { "type": "Polygon", "coordinates": [ [ [ -73.9941296, 40.6564573 ], [ -73.9941163, 40.6564253 ], [ -73.9940778, 40.6564333 ], [ -73.9940938, 40.6564659 ], [ -73.9941296, 40.6564573 ] ] ] } },
{ "type": "Feature", "properties": { }, "geometry": { "type": "Polygon", "coordinates": [ [ [ -73.9945583, 40.6560827 ], [ -73.9945484, 40.6560971 ], [ -73.9945155, 40.6560841 ], [ -73.9945254, 40.6560697 ], [ -73.9945583, 40.6560827 ] ] ] } },
{ "type": "Feature", "properties": { }, "geometry": { "type": "Polygon", "coordinates": [ [ [ -73.9937247, 40.65377 ], [ -73.9936896, 40.6537362 ], [ -73.9936149, 40.6537809 ], [ -73.99365, 40.6538147 ], [ -73.9937247, 40.65377 ] ] ] } },
{ "type": "Feature", "properties": { }, "geometry": { "type": "Polygon", "coordinates": [ [ [ -73.9959345, 40.6558657 ], [ -73.9959204, 40.6558261 ], [ -73.995876, 40.6558352 ], [ -73.9958901, 40.6558748 ], [ -73.9959345, 40.6558657 ] ] ] } },
{ "type": "Feature", "properties": { }, "geometry": { "type": "Polygon", "coordinates": [ [ [ -73.9947591, 40.6561247 ], [ -73.9947301, 40.6561555 ], [ -73.9946789, 40.6561277 ], [ -73.9947079, 40.656097 ], [ -73.9947591, 40.6561247 ] ] ] } },
{ "type": "Feature", "properties": { }, "geometry": { "type": "Polygon", "coordinates": [ [ [ -73.9946993, 40.6561866 ], [ -73.9946675, 40.6562205 ], [ -73.9946156, 40.6561924 ], [ -73.9946474, 40.6561585 ], [ -73.9946993, 40.6561866 ] ] ] } },
{ "type": "Feature", "properties": { }, "geometry": { "type": "Polygon", "coordinates": [ [ [ -73.9946409, 40.6562239 ], [ -73.9946033, 40.6562534 ], [ -73.9945665, 40.6562264 ], [ -73.9946041, 40.6561969 ], [ -73.9946409, 40.6562239 ] ] ] } },
{ "type": "Feature", "properties": { }, "geometry": { "type": "Polygon", "coordinates": [ [ [ -73.994584, 40.656265 ], [ -73.9945508, 40.6562912 ], [ -73.9944984, 40.656253 ], [ -73.9945315, 40.6562268 ], [ -73.994584, 40.656265 ] ] ] } },
{ "type": "Feature", "properties": { }, "geometry": { "type": "Polygon", "coordinates": [ [ [ -73.9945353, 40.6563243 ], [ -73.9945161, 40.6563673 ], [ -73.9944469, 40.6563496 ], [ -73.994466, 40.6563066 ], [ -73.9945353, 40.6563243 ] ] ] } },
{ "type": "Feature", "properties": { }, "geometry": { "type": "Polygon", "coordinates": [ [ [ -73.99451, 40.6564767 ], [ -73.9945168, 40.6564285 ], [ -73.9944401, 40.6564222 ], [ -73.9944333, 40.6564704 ], [ -73.99451, 40.6564767 ] ] ] } },
{ "type": "Feature", "properties": { }, "geometry": { "type": "Polygon", "coordinates": [ [ [ -73.9945416, 40.6565735 ], [ -73.9945402, 40.6565327 ], [ -73.9944762, 40.6565339 ], [ -73.9944776, 40.6565748 ], [ -73.9945416, 40.6565735 ] ] ] } },
{ "type": "Feature", "properties": { }, "geometry": { "type": "Polygon", "coordinates": [ [ [ -73.9948002, 40.6569165 ], [ -73.9947731, 40.6569452 ], [ -73.9947194, 40.6569159 ], [ -73.9947465, 40.6568873 ], [ -73.9948002, 40.6569165 ] ] ] } },
{ "type": "Feature", "properties": { }, "geometry": { "type": "Polygon", "coordinates": [ [ [ -73.9947321, 40.6568825 ], [ -73.9947165, 40.6569042 ], [ -73.9946754, 40.6568872 ], [ -73.994691, 40.6568656 ], [ -73.9947321, 40.6568825 ] ] ] } },
{ "type": "Feature", "properties": { }, "geometry": { "type": "Polygon", "coordinates": [ [ [ -73.9946683, 40.6568454 ], [ -73.9946413, 40.6568725 ], [ -73.9946021, 40.6568501 ], [ -73.9946291, 40.656823 ], [ -73.9946683, 40.6568454 ] ] ] } },
{ "type": "Feature", "properties": { }, "geometry": { "type": "Polygon", "coordinates": [ [ [ -73.9945904, 40.6568077 ], [ -73.9945495, 40.6568301 ], [ -73.9945201, 40.6567992 ], [ -73.994561, 40.6567768 ], [ -73.9945904, 40.6568077 ] ] ] } },
{ "type": "Feature", "properties": { }, "geometry": { "type": "Polygon", "coordinates": [ [ [ -73.9945397, 40.6566343 ], [ -73.994539, 40.656605 ], [ -73.9944731, 40.656606 ], [ -73.9944739, 40.6566353 ], [ -73.9945397, 40.6566343 ] ] ] } },
{ "type": "Feature", "properties": { }, "geometry": { "type": "Polygon", "coordinates": [ [ [ -73.9945498, 40.6567022 ], [ -73.9945486, 40.6566716 ], [ -73.9944829, 40.656673 ], [ -73.994484, 40.6567035 ], [ -73.9945498, 40.6567022 ] ] ] } },
{ "type": "Feature", "properties": { }, "geometry": { "type": "Polygon", "coordinates": [ [ [ -73.994556, 40.6567501 ], [ -73.9945538, 40.6567205 ], [ -73.9944854, 40.6567235 ], [ -73.9944877, 40.6567531 ], [ -73.994556, 40.6567501 ] ] ] } },
{ "type": "Feature", "properties": { }, "geometry": { "type": "Polygon", "coordinates": [ [ [ -73.9937087, 40.6564879 ], [ -73.9936596, 40.656459 ], [ -73.9937024, 40.6564173 ], [ -73.9937514, 40.6564463 ], [ -73.9937087, 40.6564879 ] ] ] } },
{ "type": "Feature", "properties": { }, "geometry": { "type": "Polygon", "coordinates": [ [ [ -73.994193, 40.6566256 ], [ -73.9941606, 40.6565617 ], [ -73.9941309, 40.6565703 ], [ -73.9941624, 40.6566332 ], [ -73.994193, 40.6566256 ] ] ] } },
{ "type": "Feature", "properties": { }, "geometry": { "type": "Polygon", "coordinates": [ [ [ -73.9942214, 40.656707 ], [ -73.9942159, 40.656631 ], [ -73.9941624, 40.6566332 ], [ -73.9941637, 40.656651 ], [ -73.9941312, 40.6566524 ], [ -73.9941347, 40.6566996 ], [ -73.9941625, 40.6566984 ], [ -73.9941633, 40.6567094 ], [ -73.9942214, 40.656707 ] ] ] } },
{ "type": "Feature", "properties": { }, "geometry": { "type": "Polygon", "coordinates": [ [ [ -73.9943444, 40.6565327 ], [ -73.9943352, 40.6564944 ], [ -73.9942865, 40.6565011 ], [ -73.9942957, 40.6565394 ], [ -73.9943444, 40.6565327 ] ] ] } },
{ "type": "Feature", "properties": { }, "geometry": { "type": "Polygon", "coordinates": [ [ [ -73.9943961, 40.6566798 ], [ -73.9943925, 40.6566426 ], [ -73.9943336, 40.6566459 ], [ -73.9943372, 40.6566831 ], [ -73.9943961, 40.6566798 ] ] ] } },
{ "type": "Feature", "properties": { }, "geometry": { "type": "Polygon", "coordinates": [ [ [ -73.9944102, 40.6567632 ], [ -73.9944064, 40.6567352 ], [ -73.9943616, 40.6567387 ], [ -73.9943655, 40.6567667 ], [ -73.9944102, 40.6567632 ] ] ] } },
{ "type": "Feature", "properties": { }, "geometry": { "type": "Polygon", "coordinates": [ [ [ -73.9904007, 40.6563205 ], [ -73.9903776, 40.6563206 ], [ -73.9903773, 40.6562924 ], [ -73.9904004, 40.6562923 ], [ -73.9904007, 40.6563205 ] ] ] } },
{ "type": "Feature", "properties": { }, "geometry": { "type": "Polygon", "coordinates": [ [ [ -73.9892402, 40.6547652 ], [ -73.9891894, 40.6547798 ], [ -73.9891496, 40.6547001 ], [ -73.9892004, 40.6546855 ], [ -73.9892402, 40.6547652 ] ] ] } },
{ "type": "Feature", "properties": { }, "geometry": { "type": "Polygon", "coordinates": [ [ [ -73.98741, 40.652301 ], [ -73.9874264, 40.6522683 ], [ -73.9873756, 40.6522536 ], [ -73.9873591, 40.6522863 ], [ -73.98741, 40.652301 ] ] ] } },
{ "type": "Feature", "properties": { }, "geometry": { "type": "Polygon", "coordinates": [ [ [ -73.9874072, 40.6523203 ], [ -73.9873824, 40.652359 ], [ -73.9873151, 40.6523342 ], [ -73.9873399, 40.6522955 ], [ -73.9874072, 40.6523203 ] ] ] } },
{ "type": "Feature", "properties": { }, "geometry": { "type": "Polygon", "coordinates": [ [ [ -73.9873691, 40.6523726 ], [ -73.9873505, 40.6524075 ], [ -73.987288, 40.6523883 ], [ -73.9873066, 40.6523534 ], [ -73.9873691, 40.6523726 ] ] ] } },
{ "type": "Feature", "properties": { }, "geometry": { "type": "Polygon", "coordinates": [ [ [ -73.9873488, 40.6524254 ], [ -73.9873344, 40.6524567 ], [ -73.9872777, 40.6524417 ], [ -73.9872921, 40.6524104 ], [ -73.9873488, 40.6524254 ] ] ] } },
{ "type": "Feature", "properties": { }, "geometry": { "type": "Polygon", "coordinates": [ [ [ -73.9862269, 40.6473371 ], [ -73.9861858, 40.6473299 ], [ -73.9861949, 40.6473 ], [ -73.9862361, 40.6473072 ], [ -73.9862269, 40.6473371 ] ] ] } },
{ "type": "Feature", "properties": { }, "geometry": { "type": "Polygon", "coordinates": [ [ [ -73.9984998, 40.6543478 ], [ -73.9984534, 40.6543566 ], [ -73.9984351, 40.654301 ], [ -73.9984816, 40.6542922 ], [ -73.9984998, 40.6543478 ] ] ] } },
{ "type": "Feature", "properties": { }, "geometry": { "type": "Polygon", "coordinates": [ [ [ -73.998908, 40.654517 ], [ -73.9989211, 40.6544815 ], [ -73.9988651, 40.6544696 ], [ -73.998852, 40.6545051 ], [ -73.998908, 40.654517 ] ] ] } },
{ "type": "Feature", "properties": { }, "geometry": { "type": "Polygon", "coordinates": [ [ [ -73.9988321, 40.6544006 ], [ -73.9988317, 40.6544083 ], [ -73.9988345, 40.6544156 ], [ -73.9988402, 40.6544219 ], [ -73.9988482, 40.6544266 ], [ -73.9988578, 40.654429 ], [ -73.9988679, 40.654429 ], [ -73.9988779, 40.6544264 ], [ -73.9988863, 40.6544214 ], [ -73.9988919, 40.6544146 ], [ -73.9988943, 40.6544067 ], [ -73.998893, 40.6543987 ], [ -73.9988883, 40.6543915 ], [ -73.9988807, 40.6543858 ], [ -73.998871, 40.6543824 ], [ -73.9988605, 40.6543817 ], [ -73.9988507, 40.6543835 ], [ -73.9988421, 40.6543876 ], [ -73.9988357, 40.6543935 ], [ -73.9988321, 40.6544006 ] ] ] } },
{ "type": "Feature", "properties": { }, "geometry": { "type": "Polygon", "coordinates": [ [ [ -73.9981118, 40.6540959 ], [ -73.9980807, 40.6541276 ], [ -73.9980274, 40.6540975 ], [ -73.9980585, 40.6540658 ], [ -73.9981118, 40.6540959 ] ] ] } },
{ "type": "Feature", "properties": { }, "geometry": { "type": "Polygon", "coordinates": [ [ [ -73.9977839, 40.65335 ], [ -73.9977741, 40.6533731 ], [ -73.9977296, 40.6533622 ], [ -73.9977395, 40.6533391 ], [ -73.9977839, 40.65335 ] ] ] } },
{ "type": "Feature", "properties": { }, "geometry": { "type": "Polygon", "coordinates": [ [ [ -73.9946337, 40.649569 ], [ -73.9945894, 40.6495617 ], [ -73.9946011, 40.6495208 ], [ -73.9946454, 40.6495281 ], [ -73.9946337, 40.649569 ] ] ] } },
{ "type": "Feature", "properties": { }, "geometry": { "type": "Polygon", "coordinates": [ [ [ -73.9946529, 40.6495121 ], [ -73.9946018, 40.6495092 ], [ -73.994606, 40.6494664 ], [ -73.9946571, 40.6494694 ], [ -73.9946529, 40.6495121 ] ] ] } },
{ "type": "Feature", "properties": { }, "geometry": { "type": "Polygon", "coordinates": [ [ [ -73.9946638, 40.6494586 ], [ -73.9946185, 40.6494534 ], [ -73.9946261, 40.6494154 ], [ -73.9946714, 40.6494207 ], [ -73.9946638, 40.6494586 ] ] ] } },
{ "type": "Feature", "properties": { }, "geometry": { "type": "Polygon", "coordinates": [ [ [ -73.9837272, 40.6502473 ], [ -73.9836856, 40.650263 ], [ -73.9836592, 40.6502227 ], [ -73.9837008, 40.650207 ], [ -73.9837272, 40.6502473 ] ] ] } },
{ "type": "Feature", "properties": { }, "geometry": { "type": "Polygon", "coordinates": [ [ [ -73.9834879, 40.6547723 ], [ -73.9834715, 40.6547147 ], [ -73.983435, 40.6547206 ], [ -73.9834514, 40.6547783 ], [ -73.9834879, 40.6547723 ] ] ] } },
{ "type": "Feature", "properties": { }, "geometry": { "type": "Polygon", "coordinates": [ [ [ -73.9891077, 40.6566134 ], [ -73.9890647, 40.6565836 ], [ -73.9891077, 40.6565478 ], [ -73.9891507, 40.6565776 ], [ -73.9891077, 40.6566134 ] ] ] } },
{ "type": "Feature", "properties": { }, "geometry": { "type": "Polygon", "coordinates": [ [ [ -73.9890003, 40.6554489 ], [ -73.9890051, 40.6554147 ], [ -73.9889268, 40.6554084 ], [ -73.988922, 40.6554425 ], [ -73.9890003, 40.6554489 ] ] ] } },
{ "type": "Feature", "properties": { }, "geometry": { "type": "Polygon", "coordinates": [ [ [ -73.9892228, 40.6553558 ], [ -73.989187, 40.6553718 ], [ -73.9891574, 40.6553337 ], [ -73.9891932, 40.6553177 ], [ -73.9892228, 40.6553558 ] ] ] } },
{ "type": "Feature", "properties": { }, "geometry": { "type": "Polygon", "coordinates": [ [ [ -73.982565, 40.6474468 ], [ -73.9825502, 40.6474523 ], [ -73.9825372, 40.6474322 ], [ -73.982552, 40.6474267 ], [ -73.982565, 40.6474468 ] ] ] } },
{ "type": "Feature", "properties": { }, "geometry": { "type": "Polygon", "coordinates": [ [ [ -73.9837655, 40.6486174 ], [ -73.9837294, 40.6486046 ], [ -73.9836957, 40.6485926 ], [ -73.9837218, 40.6485502 ], [ -73.9837917, 40.648575 ], [ -73.9837655, 40.6486174 ] ] ] } },
{ "type": "Feature", "properties": { }, "geometry": { "type": "Polygon", "coordinates": [ [ [ -73.9824726, 40.6504673 ], [ -73.9824299, 40.6504731 ], [ -73.9824171, 40.6504177 ], [ -73.9824353, 40.6504153 ], [ -73.9824597, 40.650412 ], [ -73.9824726, 40.6504673 ] ] ] } },
{ "type": "Feature", "properties": { }, "geometry": { "type": "Polygon", "coordinates": [ [ [ -73.9826024, 40.6505288 ], [ -73.9825455, 40.6505535 ], [ -73.9825187, 40.650518 ], [ -73.9825756, 40.6504933 ], [ -73.9826024, 40.6505288 ] ] ] } },
{ "type": "Feature", "properties": { }, "geometry": { "type": "Polygon", "coordinates": [ [ [ -73.9844631, 40.6517019 ], [ -73.9843996, 40.6517117 ], [ -73.9843804, 40.6516407 ], [ -73.9844439, 40.6516308 ], [ -73.9844631, 40.6517019 ] ] ] } },
{ "type": "Feature", "properties": { }, "geometry": { "type": "Polygon", "coordinates": [ [ [ -73.9841464, 40.6514692 ], [ -73.9841293, 40.6515144 ], [ -73.9840495, 40.651497 ], [ -73.9840666, 40.6514519 ], [ -73.9841464, 40.6514692 ] ] ] } },
{ "type": "Feature", "properties": { }, "geometry": { "type": "Polygon", "coordinates": [ [ [ -73.9841417, 40.6513592 ], [ -73.9841057, 40.6513372 ], [ -73.9841506, 40.6512949 ], [ -73.9841866, 40.6513169 ], [ -73.9841417, 40.6513592 ] ] ] } },
{ "type": "Feature", "properties": { }, "geometry": { "type": "Polygon", "coordinates": [ [ [ -73.9840105, 40.6514066 ], [ -73.983976, 40.6514315 ], [ -73.983936, 40.6513997 ], [ -73.9839705, 40.6513747 ], [ -73.9840105, 40.6514066 ] ] ] } },
{ "type": "Feature", "properties": { }, "geometry": { "type": "Polygon", "coordinates": [ [ [ -73.9881072, 40.6514013 ], [ -73.987919, 40.6512336 ], [ -73.9884698, 40.6508776 ], [ -73.988658, 40.6510453 ], [ -73.9881072, 40.6514013 ] ] ] } },
{ "type": "Feature", "properties": { }, "geometry": { "type": "Polygon", "coordinates": [ [ [ -73.9918564, 40.6553392 ], [ -73.9918535, 40.6553211 ], [ -73.9918284, 40.6553105 ], [ -73.9918056, 40.655318 ], [ -73.9917823, 40.65535 ], [ -73.991786, 40.6553686 ], [ -73.9918111, 40.6553792 ], [ -73.9918335, 40.6553712 ], [ -73.9918564, 40.6553392 ] ] ] } },
{ "type": "Feature", "properties": { }, "geometry": { "type": "Polygon", "coordinates": [ [ [ -73.995721, 40.656927 ], [ -73.9956666, 40.6569459 ], [ -73.9956254, 40.6568776 ], [ -73.9956799, 40.6568587 ], [ -73.995721, 40.656927 ] ] ] } },
{ "type": "Feature", "properties": { }, "geometry": { "type": "Polygon", "coordinates": [ [ [ -73.9950419, 40.6575395 ], [ -73.9949943, 40.6575177 ], [ -73.9950233, 40.6574813 ], [ -73.9950709, 40.6575031 ], [ -73.9950419, 40.6575395 ] ] ] } },
{ "type": "Feature", "properties": { }, "geometry": { "type": "Polygon", "coordinates": [ [ [ -73.9835642, 40.6547228 ], [ -73.9835348, 40.6547407 ], [ -73.983501, 40.6547086 ], [ -73.9835304, 40.6546908 ], [ -73.9835642, 40.6547228 ] ] ] } },
{ "type": "Feature", "properties": { }, "geometry": { "type": "Polygon", "coordinates": [ [ [ -73.9838358, 40.6483584 ], [ -73.9837364, 40.6483518 ], [ -73.9837409, 40.648313 ], [ -73.9838402, 40.6483196 ], [ -73.9838358, 40.6483584 ] ] ] } },
{ "type": "Feature", "properties": { }, "geometry": { "type": "Polygon", "coordinates": [ [ [ -73.9823233, 40.6504908 ], [ -73.9822713, 40.6504948 ], [ -73.9822661, 40.6504557 ], [ -73.9822878, 40.650454 ], [ -73.9823181, 40.6504517 ], [ -73.9823233, 40.6504908 ] ] ] } },
{ "type": "Feature", "properties": { }, "geometry": { "type": "Polygon", "coordinates": [ [ [ -73.9836572, 40.6484662 ], [ -73.9836042, 40.6484962 ], [ -73.9835641, 40.6484555 ], [ -73.9836171, 40.6484255 ], [ -73.9836572, 40.6484662 ] ] ] } },
{ "type": "Feature", "properties": { }, "geometry": { "type": "Polygon", "coordinates": [ [ [ -73.9840681, 40.6517757 ], [ -73.9840476, 40.6517695 ], [ -73.9840221, 40.6517619 ], [ -73.984037, 40.6517334 ], [ -73.984083, 40.6517471 ], [ -73.9840681, 40.6517757 ] ] ] } },
{ "type": "Feature", "properties": { }, "geometry": { "type": "Polygon", "coordinates": [ [ [ -73.9843637, 40.6562959 ], [ -73.9843449, 40.6563106 ], [ -73.984328, 40.6562983 ], [ -73.9843469, 40.6562835 ], [ -73.9843637, 40.6562959 ] ] ] } },
{ "type": "Feature", "properties": { }, "geometry": { "type": "Polygon", "coordinates": [ [ [ -73.9880283, 40.6567517 ], [ -73.9879902, 40.6567507 ], [ -73.9879931, 40.6566872 ], [ -73.9880312, 40.6566882 ], [ -73.9880283, 40.6567517 ] ] ] } },
{ "type": "Feature", "properties": { }, "geometry": { "type": "Polygon", "coordinates": [ [ [ -73.9931, 40.6563082 ], [ -73.9930843, 40.656325 ], [ -73.9930583, 40.656311 ], [ -73.993074, 40.6562942 ], [ -73.9931, 40.6563082 ] ] ] } },
{ "type": "Feature", "properties": { }, "geometry": { "type": "Polygon", "coordinates": [ [ [ -73.9928892, 40.6566704 ], [ -73.9928307, 40.6567086 ], [ -73.9927885, 40.6566715 ], [ -73.992847, 40.6566332 ], [ -73.9928892, 40.6566704 ] ] ] } },
{ "type": "Feature", "properties": { }, "geometry": { "type": "Polygon", "coordinates": [ [ [ -73.9936983, 40.6510386 ], [ -73.9936474, 40.6510718 ], [ -73.9936114, 40.6510399 ], [ -73.9936623, 40.6510068 ], [ -73.9936983, 40.6510386 ] ] ] } },
{ "type": "Feature", "properties": { }, "geometry": { "type": "Polygon", "coordinates": [ [ [ -73.9936189, 40.6510824 ], [ -73.9935988, 40.6510584 ], [ -73.9935564, 40.6510788 ], [ -73.9935765, 40.6511028 ], [ -73.9936189, 40.6510824 ] ] ] } },
{ "type": "Feature", "properties": { }, "geometry": { "type": "Polygon", "coordinates": [ [ [ -73.9935575, 40.6511292 ], [ -73.9935325, 40.6510904 ], [ -73.9935007, 40.6511022 ], [ -73.9934657, 40.6511152 ], [ -73.9934907, 40.651154 ], [ -73.9935575, 40.6511292 ] ] ] } },
{ "type": "Feature", "properties": { }, "geometry": { "type": "Polygon", "coordinates": [ [ [ -73.9933003, 40.6511772 ], [ -73.9932537, 40.6511909 ], [ -73.9932396, 40.6511634 ], [ -73.9932862, 40.6511497 ], [ -73.9933003, 40.6511772 ] ] ] } },
{ "type": "Feature", "properties": { }, "geometry": { "type": "Polygon", "coordinates": [ [ [ -73.9932059, 40.6512202 ], [ -73.9931765, 40.651249 ], [ -73.9931387, 40.6512267 ], [ -73.9931681, 40.651198 ], [ -73.9932059, 40.6512202 ] ] ] } },
{ "type": "Feature", "properties": { }, "geometry": { "type": "Polygon", "coordinates": [ [ [ -73.993959, 40.6507719 ], [ -73.9938927, 40.6507625 ], [ -73.9938989, 40.6507372 ], [ -73.9939046, 40.6507142 ], [ -73.9939709, 40.6507236 ], [ -73.993959, 40.6507719 ] ] ] } },
{ "type": "Feature", "properties": { }, "geometry": { "type": "Polygon", "coordinates": [ [ [ -73.9934262, 40.6495556 ], [ -73.9933394, 40.6495707 ], [ -73.9933251, 40.6495233 ], [ -73.9934119, 40.6495082 ], [ -73.9934186, 40.6495304 ], [ -73.9934262, 40.6495556 ] ] ] } },
{ "type": "Feature", "properties": { }, "geometry": { "type": "Polygon", "coordinates": [ [ [ -73.9868628, 40.657222 ], [ -73.9868326, 40.6572471 ], [ -73.9868019, 40.6572259 ], [ -73.9868321, 40.6572007 ], [ -73.9868628, 40.657222 ] ] ] } },
{ "type": "Feature", "properties": { }, "geometry": { "type": "Polygon", "coordinates": [ [ [ -73.9868388, 40.6575191 ], [ -73.9868159, 40.6575457 ], [ -73.9867795, 40.6575276 ], [ -73.9868024, 40.657501 ], [ -73.9868388, 40.6575191 ] ] ] } },
{ "type": "Feature", "properties": { }, "geometry": { "type": "Polygon", "coordinates": [ [ [ -73.982768, 40.654488 ], [ -73.9827373, 40.654512 ], [ -73.9827105, 40.6544923 ], [ -73.9827412, 40.6544683 ], [ -73.982768, 40.654488 ] ] ] } },
{ "type": "Feature", "properties": { }, "geometry": { "type": "Polygon", "coordinates": [ [ [ -73.9999625, 40.6524025 ], [ -73.9999173, 40.6524328 ], [ -73.9998765, 40.6523977 ], [ -73.9999217, 40.6523675 ], [ -73.9999411, 40.6523841 ], [ -73.9999625, 40.6524025 ] ] ] } },
{ "type": "Feature", "properties": { }, "geometry": { "type": "Polygon", "coordinates": [ [ [ -73.9963851, 40.650682 ], [ -73.996353, 40.6506927 ], [ -73.9963452, 40.6506792 ], [ -73.9963773, 40.6506685 ], [ -73.9963851, 40.650682 ] ] ] } },
{ "type": "Feature", "properties": { }, "geometry": { "type": "Polygon", "coordinates": [ [ [ -73.9825521, 40.647897 ], [ -73.9825117, 40.6479138 ], [ -73.9824884, 40.6478816 ], [ -73.9825288, 40.6478648 ], [ -73.9825521, 40.647897 ] ] ] } },
{ "type": "Feature", "properties": { }, "geometry": { "type": "Polygon", "coordinates": [ [ [ -73.9826516, 40.6505852 ], [ -73.9826145, 40.6506217 ], [ -73.9825696, 40.6505954 ], [ -73.9826067, 40.650559 ], [ -73.9826516, 40.6505852 ] ] ] } },
{ "type": "Feature", "properties": { }, "geometry": { "type": "Polygon", "coordinates": [ [ [ -73.9900177, 40.6528405 ], [ -73.9900393, 40.652879 ], [ -73.9901017, 40.6528588 ], [ -73.99008, 40.6528204 ], [ -73.9900177, 40.6528405 ] ] ] } },
{ "type": "Feature", "properties": { }, "geometry": { "type": "Polygon", "coordinates": [ [ [ -73.9942124, 40.6576391 ], [ -73.9941695, 40.6576574 ], [ -73.9941434, 40.6576221 ], [ -73.9941863, 40.6576038 ], [ -73.9942124, 40.6576391 ] ] ] } },
{ "type": "Feature", "properties": { }, "geometry": { "type": "Polygon", "coordinates": [ [ [ -74.0000829, 40.6526607 ], [ -74.0000269, 40.6526581 ], [ -74.0000307, 40.6526108 ], [ -74.0000868, 40.6526134 ], [ -74.0000829, 40.6526607 ] ] ] } },
{ "type": "Feature", "properties": { }, "geometry": { "type": "Polygon", "coordinates": [ [ [ -73.9852852, 40.6516353 ], [ -73.9852466, 40.6516665 ], [ -73.9852142, 40.6516435 ], [ -73.9852529, 40.6516123 ], [ -73.9852852, 40.6516353 ] ] ] } }
]
}
